2025-03-28 18:51:09,426 [Worker-4: Loading available Gradle versions] INFO  o.e.b.c.i.u.g.PublishedGradleVersions - Gradle version information cache is up-to-date. Trying to read.
2025-03-28 18:55:52,553 [Worker-3: Import Getting Started Content] INFO  o.e.m.c.i.l.LifecycleMappingFactory - Using org.eclipse.m2e.jdt.JarLifecycleMapping lifecycle mapping for MavenProject: com.fsad:circleup-backend:0.0.1-SNAPSHOT @ E:\socappback\circleup-backend\pom.xml.
2025-03-28 18:55:57,365 [Worker-3: Import Getting Started Content] INFO  o.e.m.c.i.e.AbstractTransferListenerAdapter - Downloading https://repo.maven.apache.org/maven2/org/springframework/boot/spring-boot-starter-security/3.4.4/spring-boot-starter-security-3.4.4.pom
2025-03-28 18:55:57,381 [Worker-3: Import Getting Started Content] INFO  o.e.m.c.i.e.AbstractTransferListenerAdapter - Downloaded https://repo.maven.apache.org/maven2/org/springframework/boot/spring-boot-starter-security/3.4.4/spring-boot-starter-security-3.4.4.pom
2025-03-28 18:55:59,577 [Worker-3: Import Getting Started Content] INFO  o.e.m.c.i.e.AbstractTransferListenerAdapter - Downloading https://repo.maven.apache.org/maven2/org/springframework/security/spring-security-config/6.4.4/spring-security-config-6.4.4.pom
2025-03-28 18:55:59,588 [Worker-3: Import Getting Started Content] INFO  o.e.m.c.i.e.AbstractTransferListenerAdapter - Downloaded https://repo.maven.apache.org/maven2/org/springframework/security/spring-security-config/6.4.4/spring-security-config-6.4.4.pom
2025-03-28 18:56:05,915 [Worker-3: Import Getting Started Content] INFO  o.e.m.c.i.e.AbstractTransferListenerAdapter - Downloading https://repo.maven.apache.org/maven2/org/springframework/security/spring-security-core/6.4.4/spring-security-core-6.4.4.pom
2025-03-28 18:56:05,934 [Worker-3: Import Getting Started Content] INFO  o.e.m.c.i.e.AbstractTransferListenerAdapter - Downloaded https://repo.maven.apache.org/maven2/org/springframework/security/spring-security-core/6.4.4/spring-security-core-6.4.4.pom
2025-03-28 18:56:07,087 [Worker-3: Import Getting Started Content] INFO  o.e.m.c.i.e.AbstractTransferListenerAdapter - Downloading https://repo.maven.apache.org/maven2/org/springframework/security/spring-security-crypto/6.4.4/spring-security-crypto-6.4.4.pom
2025-03-28 18:56:07,096 [Worker-3: Import Getting Started Content] INFO  o.e.m.c.i.e.AbstractTransferListenerAdapter - Downloaded https://repo.maven.apache.org/maven2/org/springframework/security/spring-security-crypto/6.4.4/spring-security-crypto-6.4.4.pom
2025-03-28 18:56:07,660 [Worker-3: Import Getting Started Content] INFO  o.e.m.c.i.e.AbstractTransferListenerAdapter - Downloading https://repo.maven.apache.org/maven2/org/springframework/security/spring-security-web/6.4.4/spring-security-web-6.4.4.pom
2025-03-28 18:56:07,689 [Worker-3: Import Getting Started Content] INFO  o.e.m.c.i.e.AbstractTransferListenerAdapter - Downloaded https://repo.maven.apache.org/maven2/org/springframework/security/spring-security-web/6.4.4/spring-security-web-6.4.4.pom
2025-03-28 18:56:08,403 [Worker-3: Import Getting Started Content] INFO  o.e.m.c.i.e.AbstractTransferListenerAdapter - Downloading https://repo.maven.apache.org/maven2/org/springframework/security/spring-security-test/6.4.4/spring-security-test-6.4.4.pom
2025-03-28 18:56:08,419 [Worker-3: Import Getting Started Content] INFO  o.e.m.c.i.e.AbstractTransferListenerAdapter - Downloaded https://repo.maven.apache.org/maven2/org/springframework/security/spring-security-test/6.4.4/spring-security-test-6.4.4.pom
2025-03-28 18:56:08,941 [Worker-3: Import Getting Started Content] INFO  o.e.m.c.i.e.AbstractTransferListenerAdapter - Downloading https://repo.maven.apache.org/maven2/org/springframework/boot/spring-boot-starter-security/3.4.4/spring-boot-starter-security-3.4.4.jar
2025-03-28 18:56:08,976 [Worker-3: Import Getting Started Content] INFO  o.e.m.c.i.e.AbstractTransferListenerAdapter - Downloaded https://repo.maven.apache.org/maven2/org/springframework/boot/spring-boot-starter-security/3.4.4/spring-boot-starter-security-3.4.4.jar
2025-03-28 18:56:09,708 [BasicRepositoryConnector-repo.maven.apache.org-0-0] INFO  o.e.m.c.i.e.AbstractTransferListenerAdapter - Downloading https://repo.maven.apache.org/maven2/org/springframework/security/spring-security-config/6.4.4/spring-security-config-6.4.4.jar
2025-03-28 18:56:09,709 [BasicRepositoryConnector-repo.maven.apache.org-0-3] INFO  o.e.m.c.i.e.AbstractTransferListenerAdapter - Downloading https://repo.maven.apache.org/maven2/org/springframework/security/spring-security-core/6.4.4/spring-security-core-6.4.4.jar
2025-03-28 18:56:09,709 [BasicRepositoryConnector-repo.maven.apache.org-0-1] INFO  o.e.m.c.i.e.AbstractTransferListenerAdapter - Downloading https://repo.maven.apache.org/maven2/org/springframework/security/spring-security-web/6.4.4/spring-security-web-6.4.4.jar
2025-03-28 18:56:09,787 [BasicRepositoryConnector-repo.maven.apache.org-0-4] INFO  o.e.m.c.i.e.AbstractTransferListenerAdapter - Downloading https://repo.maven.apache.org/maven2/org/springframework/security/spring-security-crypto/6.4.4/spring-security-crypto-6.4.4.jar
2025-03-28 18:56:09,888 [BasicRepositoryConnector-repo.maven.apache.org-0-3] INFO  o.e.m.c.i.e.AbstractTransferListenerAdapter - Downloaded https://repo.maven.apache.org/maven2/org/springframework/security/spring-security-core/6.4.4/spring-security-core-6.4.4.jar
2025-03-28 18:56:09,970 [BasicRepositoryConnector-repo.maven.apache.org-0-0] INFO  o.e.m.c.i.e.AbstractTransferListenerAdapter - Downloaded https://repo.maven.apache.org/maven2/org/springframework/security/spring-security-config/6.4.4/spring-security-config-6.4.4.jar
2025-03-28 18:56:10,068 [BasicRepositoryConnector-repo.maven.apache.org-0-4] INFO  o.e.m.c.i.e.AbstractTransferListenerAdapter - Downloaded https://repo.maven.apache.org/maven2/org/springframework/security/spring-security-crypto/6.4.4/spring-security-crypto-6.4.4.jar
2025-03-28 18:56:10,486 [BasicRepositoryConnector-repo.maven.apache.org-0-2] INFO  o.e.m.c.i.e.AbstractTransferListenerAdapter - Downloading https://repo.maven.apache.org/maven2/org/springframework/security/spring-security-test/6.4.4/spring-security-test-6.4.4.jar
2025-03-28 18:56:10,789 [BasicRepositoryConnector-repo.maven.apache.org-0-2] INFO  o.e.m.c.i.e.AbstractTransferListenerAdapter - Downloaded https://repo.maven.apache.org/maven2/org/springframework/security/spring-security-test/6.4.4/spring-security-test-6.4.4.jar
2025-03-28 18:56:12,116 [BasicRepositoryConnector-repo.maven.apache.org-0-1] INFO  o.e.m.c.i.e.AbstractTransferListenerAdapter - Downloaded https://repo.maven.apache.org/maven2/org/springframework/security/spring-security-web/6.4.4/spring-security-web-6.4.4.jar
2025-03-28 18:56:14,171 [Worker-3: Import Getting Started Content] INFO  o.e.m.j.i.AbstractJavaProjectConfigurator - Adding source folder /circleup-backend/src/main/java
2025-03-28 18:56:14,174 [Worker-3: Import Getting Started Content] INFO  o.e.m.j.i.AbstractJavaProjectConfigurator - Adding resource folder /circleup-backend/src/main/resources
2025-03-28 18:56:14,187 [Worker-3: Import Getting Started Content] INFO  o.e.m.j.i.AbstractJavaProjectConfigurator - Adding resource folder /circleup-backend/src/main/resources
2025-03-28 18:56:14,196 [Worker-3: Import Getting Started Content] INFO  o.e.m.j.i.AbstractJavaProjectConfigurator - Adding source folder /circleup-backend/src/test/java
2025-03-28 18:56:14,196 [Worker-3: Import Getting Started Content] INFO  o.e.m.j.i.AbstractJavaProjectConfigurator - Adding resource folder /circleup-backend/src/test/resources
2025-03-28 18:56:14,685 [Worker-25: Download sources and javadoc] INFO  o.e.m.c.i.e.AbstractTransferListenerAdapter - Downloading https://repo.maven.apache.org/maven2/org/springframework/boot/spring-boot-starter-security/3.4.4/spring-boot-starter-security-3.4.4-sources.jar
2025-03-28 18:56:14,703 [Worker-25: Download sources and javadoc] INFO  o.e.m.c.i.e.AbstractTransferListenerAdapter - Downloaded https://repo.maven.apache.org/maven2/org/springframework/boot/spring-boot-starter-security/3.4.4/spring-boot-starter-security-3.4.4-sources.jar
2025-03-28 18:56:14,715 [Worker-25: Download sources and javadoc] INFO  o.e.m.j.internal.DownloadSourcesJob - Downloaded sources for org.springframework.boot:spring-boot-starter-security:3.4.4
2025-03-28 18:56:14,852 [Worker-25: Download sources and javadoc] INFO  o.e.m.c.i.e.AbstractTransferListenerAdapter - Downloading https://repo.maven.apache.org/maven2/org/springframework/security/spring-security-config/6.4.4/spring-security-config-6.4.4-sources.jar
2025-03-28 18:56:15,052 [Worker-25: Download sources and javadoc] INFO  o.e.m.c.i.e.AbstractTransferListenerAdapter - Downloaded https://repo.maven.apache.org/maven2/org/springframework/security/spring-security-config/6.4.4/spring-security-config-6.4.4-sources.jar
2025-03-28 18:56:15,063 [Worker-25: Download sources and javadoc] INFO  o.e.m.j.internal.DownloadSourcesJob - Downloaded sources for org.springframework.security:spring-security-config:6.4.4
2025-03-28 18:56:15,219 [Worker-25: Download sources and javadoc] INFO  o.e.m.c.i.e.AbstractTransferListenerAdapter - Downloading https://repo.maven.apache.org/maven2/org/springframework/security/spring-security-web/6.4.4/spring-security-web-6.4.4-sources.jar
2025-03-28 18:56:15,652 [Worker-25: Download sources and javadoc] INFO  o.e.m.c.i.e.AbstractTransferListenerAdapter - Downloaded https://repo.maven.apache.org/maven2/org/springframework/security/spring-security-web/6.4.4/spring-security-web-6.4.4-sources.jar
2025-03-28 18:56:15,667 [Worker-25: Download sources and javadoc] INFO  o.e.m.j.internal.DownloadSourcesJob - Downloaded sources for org.springframework.security:spring-security-web:6.4.4
2025-03-28 18:56:15,789 [Worker-25: Download sources and javadoc] INFO  o.e.m.c.i.e.AbstractTransferListenerAdapter - Downloading https://repo.maven.apache.org/maven2/org/springframework/security/spring-security-test/6.4.4/spring-security-test-6.4.4-sources.jar
2025-03-28 18:56:15,830 [Worker-25: Download sources and javadoc] INFO  o.e.m.c.i.e.AbstractTransferListenerAdapter - Downloaded https://repo.maven.apache.org/maven2/org/springframework/security/spring-security-test/6.4.4/spring-security-test-6.4.4-sources.jar
2025-03-28 18:56:15,854 [Worker-25: Download sources and javadoc] INFO  o.e.m.j.internal.DownloadSourcesJob - Downloaded sources for org.springframework.security:spring-security-test:6.4.4
2025-03-28 18:56:15,953 [Worker-25: Download sources and javadoc] INFO  o.e.m.c.i.e.AbstractTransferListenerAdapter - Downloading https://repo.maven.apache.org/maven2/org/springframework/security/spring-security-core/6.4.4/spring-security-core-6.4.4-sources.jar
2025-03-28 18:56:16,032 [Worker-3: Import Getting Started Content] INFO  o.e.m.c.i.p.ProjectConfigurationManager - Imported and configured 1 project(s) in 25 sec
2025-03-28 18:56:16,035 [Worker-3: Import Getting Started Content] INFO  o.e.m.c.i.p.ProjectConfigurationManager - Update started
2025-03-28 18:56:16,043 [Worker-25: Download sources and javadoc] INFO  o.e.m.c.i.e.AbstractTransferListenerAdapter - Downloaded https://repo.maven.apache.org/maven2/org/springframework/security/spring-security-core/6.4.4/spring-security-core-6.4.4-sources.jar
2025-03-28 18:56:16,052 [Worker-25: Download sources and javadoc] INFO  o.e.m.j.internal.DownloadSourcesJob - Downloaded sources for org.springframework.security:spring-security-core:6.4.4
2025-03-28 18:56:17,741 [Worker-3: Import Getting Started Content] INFO  o.e.m.c.i.l.LifecycleMappingFactory - Using org.eclipse.m2e.jdt.JarLifecycleMapping lifecycle mapping for MavenProject: com.fsad:circleup-backend:0.0.1-SNAPSHOT @ E:\socappback\circleup-backend\pom.xml.
2025-03-28 18:56:17,752 [Worker-25: Download sources and javadoc] INFO  o.e.m.c.i.e.AbstractTransferListenerAdapter - Downloading https://repo.maven.apache.org/maven2/org/springframework/security/spring-security-crypto/6.4.4/spring-security-crypto-6.4.4-sources.jar
2025-03-28 18:56:17,807 [Worker-25: Download sources and javadoc] INFO  o.e.m.c.i.e.AbstractTransferListenerAdapter - Downloaded https://repo.maven.apache.org/maven2/org/springframework/security/spring-security-crypto/6.4.4/spring-security-crypto-6.4.4-sources.jar
2025-03-28 18:56:17,822 [Worker-25: Download sources and javadoc] INFO  o.e.m.j.internal.DownloadSourcesJob - Downloaded sources for org.springframework.security:spring-security-crypto:6.4.4
2025-03-28 18:56:19,318 [Worker-3: Import Getting Started Content] INFO  o.e.m.j.i.AbstractJavaProjectConfigurator - Adding source folder /circleup-backend/src/main/java
2025-03-28 18:56:19,318 [Worker-3: Import Getting Started Content] INFO  o.e.m.j.i.AbstractJavaProjectConfigurator - Adding resource folder /circleup-backend/src/main/resources
2025-03-28 18:56:19,320 [Worker-3: Import Getting Started Content] INFO  o.e.m.j.i.AbstractJavaProjectConfigurator - Adding resource folder /circleup-backend/src/main/resources
2025-03-28 18:56:19,320 [Worker-3: Import Getting Started Content] INFO  o.e.m.j.i.AbstractJavaProjectConfigurator - Adding source folder /circleup-backend/src/test/java
2025-03-28 18:56:19,320 [Worker-3: Import Getting Started Content] INFO  o.e.m.j.i.AbstractJavaProjectConfigurator - Adding resource folder /circleup-backend/src/test/resources
2025-03-28 18:56:20,954 [Worker-3: Import Getting Started Content] INFO  o.e.m.c.i.p.ProjectConfigurationManager - Update completed for 1 poms: local refresh takes 0.00 sec, refresh facades takes 3.00 sec, update config takes 0.00 sec 
2025-03-28 18:56:23,076 [Worker-29: Building] INFO  o.a.m.s.f.DefaultMavenResourcesFiltering - Copying 1 resource from src\main\resources to target\classes
2025-03-28 18:56:23,109 [Worker-29: Building] INFO  o.a.m.s.f.DefaultMavenResourcesFiltering - Copying 0 resource from src\main\resources to target\classes
2025-03-28 18:56:23,130 [Worker-29: Building] INFO  o.a.m.s.f.DefaultMavenResourcesFiltering - skip non existing resourceDirectory E:\socappback\circleup-backend\src\test\resources
2025-03-28 19:10:39,910 [Worker-35: Building] INFO  o.a.m.s.f.DefaultMavenResourcesFiltering - Copying 1 resource from src\main\resources to target\classes
2025-03-28 19:10:39,918 [Worker-35: Building] INFO  o.a.m.s.f.DefaultMavenResourcesFiltering - Copying 0 resource from src\main\resources to target\classes
2025-03-28 19:10:39,924 [Worker-35: Building] INFO  o.a.m.s.f.DefaultMavenResourcesFiltering - skip non existing resourceDirectory E:\socappback\circleup-backend\src\test\resources
2025-03-28 19:11:11,116 [Worker-32: Building] INFO  o.a.m.s.f.DefaultMavenResourcesFiltering - Copying 1 resource from src\main\resources to target\classes
2025-03-28 19:11:11,122 [Worker-32: Building] INFO  o.a.m.s.f.DefaultMavenResourcesFiltering - Copying 0 resource from src\main\resources to target\classes
2025-03-28 19:11:11,128 [Worker-32: Building] INFO  o.a.m.s.f.DefaultMavenResourcesFiltering - skip non existing resourceDirectory E:\socappback\circleup-backend\src\test\resources
2025-03-28 19:12:02,176 [Worker-32: Building] INFO  o.a.m.s.f.DefaultMavenResourcesFiltering - Copying 1 resource from src\main\resources to target\classes
2025-03-28 19:12:02,180 [Worker-32: Building] INFO  o.a.m.s.f.DefaultMavenResourcesFiltering - Copying 0 resource from src\main\resources to target\classes
2025-03-28 19:12:02,184 [Worker-32: Building] INFO  o.a.m.s.f.DefaultMavenResourcesFiltering - skip non existing resourceDirectory E:\socappback\circleup-backend\src\test\resources
2025-03-28 19:14:47,760 [Worker-37: Building] INFO  o.a.m.s.f.DefaultMavenResourcesFiltering - Copying 1 resource from src\main\resources to target\classes
2025-03-28 19:14:47,764 [Worker-37: Building] INFO  o.a.m.s.f.DefaultMavenResourcesFiltering - Copying 0 resource from src\main\resources to target\classes
2025-03-28 19:14:47,768 [Worker-37: Building] INFO  o.a.m.s.f.DefaultMavenResourcesFiltering - skip non existing resourceDirectory E:\socappback\circleup-backend\src\test\resources
2025-03-28 19:15:29,215 [Worker-39: Building] INFO  o.a.m.s.f.DefaultMavenResourcesFiltering - Copying 1 resource from src\main\resources to target\classes
2025-03-28 19:15:29,218 [Worker-39: Building] INFO  o.a.m.s.f.DefaultMavenResourcesFiltering - Copying 0 resource from src\main\resources to target\classes
2025-03-28 19:15:29,226 [Worker-39: Building] INFO  o.a.m.s.f.DefaultMavenResourcesFiltering - skip non existing resourceDirectory E:\socappback\circleup-backend\src\test\resources
2025-03-31 11:42:13,778 [Worker-3: Loading available Gradle versions] INFO  o.e.b.c.i.u.g.PublishedGradleVersions - Gradle version information cache is out-of-date. Trying to update.
2025-03-31 11:48:41,103 [Worker-26: Building] INFO  o.a.m.s.f.DefaultMavenResourcesFiltering - Copying 1 resource from src\main\resources to target\classes
2025-03-31 11:48:41,119 [Worker-26: Building] INFO  o.a.m.s.f.DefaultMavenResourcesFiltering - Copying 0 resource from src\main\resources to target\classes
2025-03-31 11:48:41,124 [Worker-26: Building] INFO  o.a.m.s.f.DefaultMavenResourcesFiltering - skip non existing resourceDirectory E:\socappback\circleup-backend\src\test\resources
2025-03-31 11:48:56,062 [Worker-27: Building] INFO  o.a.m.s.f.DefaultMavenResourcesFiltering - Copying 1 resource from src\main\resources to target\classes
2025-03-31 11:48:56,069 [Worker-27: Building] INFO  o.a.m.s.f.DefaultMavenResourcesFiltering - Copying 0 resource from src\main\resources to target\classes
2025-03-31 11:48:56,075 [Worker-27: Building] INFO  o.a.m.s.f.DefaultMavenResourcesFiltering - skip non existing resourceDirectory E:\socappback\circleup-backend\src\test\resources
2025-03-31 11:49:27,939 [Worker-18: Building] INFO  o.a.m.s.f.DefaultMavenResourcesFiltering - Copying 1 resource from src\main\resources to target\classes
2025-03-31 11:49:27,950 [Worker-18: Building] INFO  o.a.m.s.f.DefaultMavenResourcesFiltering - Copying 0 resource from src\main\resources to target\classes
2025-03-31 11:49:27,955 [Worker-18: Building] INFO  o.a.m.s.f.DefaultMavenResourcesFiltering - skip non existing resourceDirectory E:\socappback\circleup-backend\src\test\resources
2025-03-31 11:52:51,713 [Worker-29: Building] INFO  o.a.m.s.f.DefaultMavenResourcesFiltering - Copying 1 resource from src\main\resources to target\classes
2025-03-31 11:52:51,718 [Worker-29: Building] INFO  o.a.m.s.f.DefaultMavenResourcesFiltering - Copying 0 resource from src\main\resources to target\classes
2025-03-31 11:52:51,721 [Worker-29: Building] INFO  o.a.m.s.f.DefaultMavenResourcesFiltering - skip non existing resourceDirectory E:\socappback\circleup-backend\src\test\resources
2025-03-31 11:59:39,700 [Worker-31: Updating Maven Project] INFO  o.e.m.c.i.p.ProjectConfigurationManager - Update started
2025-03-31 11:59:40,400 [Worker-31: Updating Maven Project] INFO  o.e.m.c.i.l.LifecycleMappingFactory - Using org.eclipse.m2e.jdt.JarLifecycleMapping lifecycle mapping for MavenProject: com.fsad:circleup-backend:0.0.1-SNAPSHOT @ E:\socappback\circleup-backend\pom.xml.
2025-03-31 11:59:41,122 [Worker-31: Updating Maven Project] INFO  o.e.m.j.i.AbstractJavaProjectConfigurator - Adding source folder /circleup-backend/src/main/java
2025-03-31 11:59:41,123 [Worker-31: Updating Maven Project] INFO  o.e.m.j.i.AbstractJavaProjectConfigurator - Adding resource folder /circleup-backend/src/main/resources
2025-03-31 11:59:41,124 [Worker-31: Updating Maven Project] INFO  o.e.m.j.i.AbstractJavaProjectConfigurator - Adding resource folder /circleup-backend/src/main/resources
2025-03-31 11:59:41,125 [Worker-31: Updating Maven Project] INFO  o.e.m.j.i.AbstractJavaProjectConfigurator - Adding source folder /circleup-backend/src/test/java
2025-03-31 11:59:41,125 [Worker-31: Updating Maven Project] INFO  o.e.m.j.i.AbstractJavaProjectConfigurator - Adding resource folder /circleup-backend/src/test/resources
2025-03-31 11:59:41,444 [Worker-31: Updating Maven Project] INFO  o.e.m.c.i.p.ProjectConfigurationManager - Update completed for 1 poms: local refresh takes 0.00 sec, refresh facades takes 1.00 sec, update config takes 0.00 sec 
2025-03-31 11:59:41,741 [Worker-27: Building] INFO  o.a.m.s.f.DefaultMavenResourcesFiltering - Copying 1 resource from src\main\resources to target\classes
2025-03-31 11:59:41,757 [Worker-27: Building] INFO  o.a.m.s.f.DefaultMavenResourcesFiltering - Copying 0 resource from src\main\resources to target\classes
2025-03-31 11:59:41,762 [Worker-27: Building] INFO  o.a.m.s.f.DefaultMavenResourcesFiltering - skip non existing resourceDirectory E:\socappback\circleup-backend\src\test\resources
2025-03-31 12:00:04,868 [Worker-27: Launching circleup-backend - CircleupBackendApplication] INFO  o.a.m.s.f.DefaultMavenResourcesFiltering - Copying 1 resource from src\main\resources to target\classes
2025-03-31 12:00:04,874 [Worker-27: Launching circleup-backend - CircleupBackendApplication] INFO  o.a.m.s.f.DefaultMavenResourcesFiltering - Copying 0 resource from src\main\resources to target\classes
2025-03-31 12:00:04,878 [Worker-27: Launching circleup-backend - CircleupBackendApplication] INFO  o.a.m.s.f.DefaultMavenResourcesFiltering - skip non existing resourceDirectory E:\socappback\circleup-backend\src\test\resources
2025-03-31 12:04:23,114 [Worker-31: Building] INFO  o.e.m.c.i.l.LifecycleMappingFactory - Using org.eclipse.m2e.jdt.JarLifecycleMapping lifecycle mapping for MavenProject: com.fsad:circleup-backend:0.0.1-SNAPSHOT @ E:\socappback\circleup-backend\pom.xml.
2025-03-31 12:04:23,724 [Worker-31: Building] INFO  o.a.m.s.f.DefaultMavenResourcesFiltering - Copying 0 resource from src\main\resources to target\classes
2025-03-31 12:04:23,724 [Worker-31: Building] INFO  o.a.m.s.f.DefaultMavenResourcesFiltering - Copying 0 resource from src\main\resources to target\classes
2025-03-31 12:04:23,728 [Worker-31: Building] INFO  o.a.m.s.f.DefaultMavenResourcesFiltering - skip non existing resourceDirectory E:\socappback\circleup-backend\src\test\resources
2025-03-31 12:07:01,897 [Worker-36: Building] INFO  o.a.m.s.f.DefaultMavenResourcesFiltering - Copying 1 resource from src\main\resources to target\classes
2025-03-31 12:07:01,907 [Worker-36: Building] INFO  o.a.m.s.f.DefaultMavenResourcesFiltering - Copying 0 resource from src\main\resources to target\classes
2025-03-31 12:07:01,910 [Worker-36: Building] INFO  o.a.m.s.f.DefaultMavenResourcesFiltering - skip non existing resourceDirectory E:\socappback\circleup-backend\src\test\resources
2025-03-31 12:10:04,045 [Worker-41: Building] INFO  o.a.m.s.f.DefaultMavenResourcesFiltering - Copying 1 resource from src\main\resources to target\classes
2025-03-31 12:10:04,049 [Worker-41: Building] INFO  o.a.m.s.f.DefaultMavenResourcesFiltering - Copying 0 resource from src\main\resources to target\classes
2025-03-31 12:10:04,052 [Worker-41: Building] INFO  o.a.m.s.f.DefaultMavenResourcesFiltering - skip non existing resourceDirectory E:\socappback\circleup-backend\src\test\resources
2025-03-31 12:11:40,306 [Worker-4: Loading available Gradle versions] INFO  o.e.b.c.i.u.g.PublishedGradleVersions - Gradle version information cache is up-to-date. Trying to read.
2025-03-31 12:21:49,552 [Worker-31: Building] INFO  o.a.m.s.f.DefaultMavenResourcesFiltering - Copying 1 resource from src\main\resources to target\classes
2025-03-31 12:21:49,575 [Worker-31: Building] INFO  o.a.m.s.f.DefaultMavenResourcesFiltering - Copying 0 resource from src\main\resources to target\classes
2025-03-31 12:21:49,580 [Worker-31: Building] INFO  o.a.m.s.f.DefaultMavenResourcesFiltering - skip non existing resourceDirectory E:\socappback\circleup-backend\src\test\resources
2025-03-31 12:26:16,571 [Worker-35: Building] INFO  o.a.m.s.f.DefaultMavenResourcesFiltering - Copying 1 resource from src\main\resources to target\classes
2025-03-31 12:26:16,578 [Worker-35: Building] INFO  o.a.m.s.f.DefaultMavenResourcesFiltering - Copying 0 resource from src\main\resources to target\classes
2025-03-31 12:26:16,581 [Worker-35: Building] INFO  o.a.m.s.f.DefaultMavenResourcesFiltering - skip non existing resourceDirectory E:\socappback\circleup-backend\src\test\resources
2025-03-31 12:26:51,836 [Worker-4: Loading available Gradle versions] INFO  o.e.b.c.i.u.g.PublishedGradleVersions - Gradle version information cache is up-to-date. Trying to read.
2025-03-31 12:27:02,389 [Worker-24: Updating Maven Project] INFO  o.e.m.c.i.p.ProjectConfigurationManager - Update started
2025-03-31 12:27:03,178 [Worker-24: Updating Maven Project] INFO  o.e.m.c.i.l.LifecycleMappingFactory - Using org.eclipse.m2e.jdt.JarLifecycleMapping lifecycle mapping for MavenProject: com.fsad:circleup-backend:0.0.1-SNAPSHOT @ E:\socappback\circleup-backend\pom.xml.
2025-03-31 12:27:03,959 [Worker-24: Updating Maven Project] INFO  o.e.m.j.i.AbstractJavaProjectConfigurator - Adding source folder /circleup-backend/src/main/java
2025-03-31 12:27:03,961 [Worker-24: Updating Maven Project] INFO  o.e.m.j.i.AbstractJavaProjectConfigurator - Adding resource folder /circleup-backend/src/main/resources
2025-03-31 12:27:03,962 [Worker-24: Updating Maven Project] INFO  o.e.m.j.i.AbstractJavaProjectConfigurator - Adding resource folder /circleup-backend/src/main/resources
2025-03-31 12:27:03,963 [Worker-24: Updating Maven Project] INFO  o.e.m.j.i.AbstractJavaProjectConfigurator - Adding source folder /circleup-backend/src/test/java
2025-03-31 12:27:03,964 [Worker-24: Updating Maven Project] INFO  o.e.m.j.i.AbstractJavaProjectConfigurator - Adding resource folder /circleup-backend/src/test/resources
2025-03-31 12:27:04,432 [Worker-24: Updating Maven Project] INFO  o.e.m.c.i.p.ProjectConfigurationManager - Update completed for 1 poms: local refresh takes 0.00 sec, refresh facades takes 1.00 sec, update config takes 0.00 sec 
2025-03-31 12:27:04,913 [Worker-19: Building] INFO  o.a.m.s.f.DefaultMavenResourcesFiltering - Copying 1 resource from src\main\resources to target\classes
2025-03-31 12:27:04,929 [Worker-19: Building] INFO  o.a.m.s.f.DefaultMavenResourcesFiltering - Copying 0 resource from src\main\resources to target\classes
2025-03-31 12:27:04,934 [Worker-19: Building] INFO  o.a.m.s.f.DefaultMavenResourcesFiltering - skip non existing resourceDirectory E:\socappback\circleup-backend\src\test\resources
2025-03-31 12:28:37,342 [Worker-11: Building] INFO  o.a.m.s.f.DefaultMavenResourcesFiltering - Copying 1 resource from src\main\resources to target\classes
2025-03-31 12:28:37,345 [Worker-11: Building] INFO  o.a.m.s.f.DefaultMavenResourcesFiltering - Copying 0 resource from src\main\resources to target\classes
2025-03-31 12:28:37,349 [Worker-11: Building] INFO  o.a.m.s.f.DefaultMavenResourcesFiltering - skip non existing resourceDirectory E:\socappback\circleup-backend\src\test\resources
2025-03-31 12:28:58,274 [Worker-8: Building] INFO  o.a.m.s.f.DefaultMavenResourcesFiltering - Copying 1 resource from src\main\resources to target\classes
2025-03-31 12:28:58,284 [Worker-8: Building] INFO  o.a.m.s.f.DefaultMavenResourcesFiltering - Copying 0 resource from src\main\resources to target\classes
2025-03-31 12:28:58,287 [Worker-8: Building] INFO  o.a.m.s.f.DefaultMavenResourcesFiltering - skip non existing resourceDirectory E:\socappback\circleup-backend\src\test\resources
2025-03-31 19:51:02,353 [Worker-0: Loading available Gradle versions] INFO  o.e.b.c.i.u.g.PublishedGradleVersions - Gradle version information cache is up-to-date. Trying to read.
2025-03-31 19:51:38,036 [Worker-15: Building] INFO  o.a.m.s.f.DefaultMavenResourcesFiltering - Copying 1 resource from src\main\resources to target\classes
2025-03-31 19:51:38,060 [Worker-15: Building] INFO  o.a.m.s.f.DefaultMavenResourcesFiltering - Copying 0 resource from src\main\resources to target\classes
2025-03-31 19:51:38,068 [Worker-15: Building] INFO  o.a.m.s.f.DefaultMavenResourcesFiltering - skip non existing resourceDirectory E:\socappback\circleup-backend\src\test\resources
2025-03-31 19:52:09,596 [Worker-4: Building] INFO  o.a.m.s.f.DefaultMavenResourcesFiltering - Copying 1 resource from src\main\resources to target\classes
2025-03-31 19:52:09,600 [Worker-4: Building] INFO  o.a.m.s.f.DefaultMavenResourcesFiltering - Copying 0 resource from src\main\resources to target\classes
2025-03-31 19:52:09,604 [Worker-4: Building] INFO  o.a.m.s.f.DefaultMavenResourcesFiltering - skip non existing resourceDirectory E:\socappback\circleup-backend\src\test\resources
2025-03-31 20:03:26,772 [Worker-23: Building] INFO  o.a.m.s.f.DefaultMavenResourcesFiltering - Copying 1 resource from src\main\resources to target\classes
2025-03-31 20:03:26,779 [Worker-23: Building] INFO  o.a.m.s.f.DefaultMavenResourcesFiltering - Copying 0 resource from src\main\resources to target\classes
2025-03-31 20:03:26,786 [Worker-23: Building] INFO  o.a.m.s.f.DefaultMavenResourcesFiltering - skip non existing resourceDirectory E:\socappback\circleup-backend\src\test\resources
2025-03-31 20:04:39,408 [Worker-23: Building] INFO  o.a.m.s.f.DefaultMavenResourcesFiltering - Copying 1 resource from src\main\resources to target\classes
2025-03-31 20:04:39,413 [Worker-23: Building] INFO  o.a.m.s.f.DefaultMavenResourcesFiltering - Copying 0 resource from src\main\resources to target\classes
2025-03-31 20:04:39,416 [Worker-23: Building] INFO  o.a.m.s.f.DefaultMavenResourcesFiltering - skip non existing resourceDirectory E:\socappback\circleup-backend\src\test\resources
2025-03-31 20:05:08,508 [Worker-30: Building] INFO  o.a.m.s.f.DefaultMavenResourcesFiltering - Copying 1 resource from src\main\resources to target\classes
2025-03-31 20:05:08,522 [Worker-30: Building] INFO  o.a.m.s.f.DefaultMavenResourcesFiltering - Copying 0 resource from src\main\resources to target\classes
2025-03-31 20:05:08,529 [Worker-30: Building] INFO  o.a.m.s.f.DefaultMavenResourcesFiltering - skip non existing resourceDirectory E:\socappback\circleup-backend\src\test\resources
2025-03-31 20:11:06,050 [Worker-33: Building] INFO  o.e.m.c.i.l.LifecycleMappingFactory - Using org.eclipse.m2e.jdt.JarLifecycleMapping lifecycle mapping for MavenProject: com.fsad:circleup-backend:0.0.1-SNAPSHOT @ E:\socappback\circleup-backend\pom.xml.
2025-03-31 20:11:47,291 [Worker-32: Building] INFO  o.e.m.c.i.l.LifecycleMappingFactory - Using org.eclipse.m2e.jdt.JarLifecycleMapping lifecycle mapping for MavenProject: com.fsad:circleup-backend:0.0.1-SNAPSHOT @ E:\socappback\circleup-backend\pom.xml.
2025-03-31 20:11:47,610 [Worker-32: Building] ERROR o.e.m.c.i.p.ProjectConfigurationManager - Could not read maven project
org.eclipse.core.runtime.CoreException: Could not read maven project
	at org.eclipse.m2e.core.internal.embedder.MavenImpl.lambda$4(MavenImpl.java:371)
	at org.eclipse.m2e.core.internal.embedder.MavenExecutionContext.executeBare(MavenExecutionContext.java:458)
	at org.eclipse.m2e.core.internal.embedder.MavenExecutionContext.execute(MavenExecutionContext.java:292)
	at org.eclipse.m2e.core.internal.embedder.MavenExecutionContext.execute(MavenExecutionContext.java:278)
	at org.eclipse.m2e.core.internal.embedder.MavenImpl.readProject(MavenImpl.java:361)
	at org.eclipse.m2e.mavenarchiver.internal.AbstractMavenArchiverConfigurator.lambda$4(AbstractMavenArchiverConfigurator.java:576)
	at org.eclipse.m2e.core.internal.embedder.MavenExecutionContext.executeBare(MavenExecutionContext.java:458)
	at org.eclipse.m2e.core.internal.embedder.MavenExecutionContext.execute(MavenExecutionContext.java:339)
	at org.eclipse.m2e.mavenarchiver.internal.AbstractMavenArchiverConfigurator.loadParentHierarchy(AbstractMavenArchiverConfigurator.java:568)
	at org.eclipse.m2e.mavenarchiver.internal.AbstractMavenArchiverConfigurator.generateManifest(AbstractMavenArchiverConfigurator.java:365)
	at org.eclipse.m2e.mavenarchiver.internal.AbstractMavenArchiverConfigurator.mavenProjectChanged(AbstractMavenArchiverConfigurator.java:228)
	at org.eclipse.m2e.mavenarchiver.internal.AbstractMavenArchiverConfigurator.mavenProjectChanged(AbstractMavenArchiverConfigurator.java:220)
	at org.eclipse.m2e.core.internal.project.ProjectConfigurationManager.mavenProjectChanged(ProjectConfigurationManager.java:885)
	at org.eclipse.m2e.core.internal.project.registry.ProjectRegistryManager.notifyProjectChangeListeners(ProjectRegistryManager.java:892)
	at org.eclipse.m2e.core.internal.project.registry.ProjectRegistryManager.applyMutableProjectRegistry(ProjectRegistryManager.java:1042)
	at org.eclipse.m2e.core.internal.project.registry.ProjectRegistryManager.refresh(ProjectRegistryManager.java:324)
	at org.eclipse.m2e.core.internal.builder.MavenBuilder$BuildMethod.getProjectFacade(MavenBuilder.java:146)
	at org.eclipse.m2e.core.internal.builder.MavenBuilder$BuildMethod.lambda$0(MavenBuilder.java:84)
	at org.eclipse.m2e.core.internal.embedder.MavenExecutionContext.executeBare(MavenExecutionContext.java:458)
	at org.eclipse.m2e.core.internal.embedder.MavenExecutionContext.execute(MavenExecutionContext.java:339)
	at org.eclipse.m2e.core.internal.embedder.MavenExecutionContext.execute(MavenExecutionContext.java:278)
	at org.eclipse.m2e.core.internal.builder.MavenBuilder$BuildMethod.execute(MavenBuilder.java:83)
	at org.eclipse.m2e.core.internal.builder.MavenBuilder.build(MavenBuilder.java:192)
	at org.eclipse.core.internal.events.BuildManager$2.run(BuildManager.java:1077)
	at org.eclipse.core.runtime.SafeRunner.run(SafeRunner.java:47)
	at org.eclipse.core.internal.events.BuildManager.basicBuild(BuildManager.java:296)
	at org.eclipse.core.internal.events.BuildManager.basicBuild(BuildManager.java:352)
	at org.eclipse.core.internal.events.BuildManager$1.run(BuildManager.java:441)
	at org.eclipse.core.runtime.SafeRunner.run(SafeRunner.java:47)
	at org.eclipse.core.internal.events.BuildManager.basicBuild(BuildManager.java:444)
	at org.eclipse.core.internal.events.BuildManager.basicBuildLoop(BuildManager.java:555)
	at org.eclipse.core.internal.events.BuildManager.basicBuildLoop(BuildManager.java:503)
	at org.eclipse.core.internal.events.BuildManager.build(BuildManager.java:585)
	at org.eclipse.core.internal.events.AutoBuildJob.doBuild(AutoBuildJob.java:207)
	at org.eclipse.core.internal.events.AutoBuildJob.run(AutoBuildJob.java:300)
	at org.eclipse.core.internal.jobs.Worker.run(Worker.java:63)
Caused by: org.apache.maven.project.ProjectBuildingException: 1 problem was encountered while building the effective model
[FATAL] Non-readable POM E:\socappback\circleup-backend: E:\socappback\circleup-backend (Access is denied) @ 
 for project  at E:\socappback\circleup-backend
	at org.apache.maven.project.DefaultProjectBuilder.build(DefaultProjectBuilder.java:180)
	at org.apache.maven.project.DefaultProjectBuilder.build(DefaultProjectBuilder.java:123)
	at org.eclipse.m2e.core.internal.embedder.MavenImpl.lambda$4(MavenImpl.java:369)
	... 35 common frames omitted
Caused by: org.apache.maven.model.building.ModelBuildingException: 1 problem was encountered while building the effective model
[FATAL] Non-readable POM E:\socappback\circleup-backend: E:\socappback\circleup-backend (Access is denied) @ 

	at org.apache.maven.model.building.DefaultModelProblemCollector.newModelBuildingException(DefaultModelProblemCollector.java:176)
	at org.apache.maven.model.building.DefaultModelBuilder.readModel(DefaultModelBuilder.java:642)
	at org.apache.maven.model.building.DefaultModelBuilder.build(DefaultModelBuilder.java:262)
	at org.apache.maven.model.building.DefaultModelBuilder.build(DefaultModelBuilder.java:248)
	at org.apache.maven.project.DefaultProjectBuilder.build(DefaultProjectBuilder.java:176)
	... 37 common frames omitted
2025-03-31 20:14:13,371 [Worker-33: Building] INFO  o.e.m.c.i.l.LifecycleMappingFactory - Using org.eclipse.m2e.jdt.JarLifecycleMapping lifecycle mapping for MavenProject: com.fsad:circleup-backend:0.0.1-SNAPSHOT @ E:\socappback\circleup-backend\pom.xml.
2025-03-31 20:14:13,941 [Worker-33: Building] INFO  o.a.m.s.f.DefaultMavenResourcesFiltering - Copying 1 resource from src\main\resources to target\classes
2025-03-31 20:14:13,957 [Worker-33: Building] INFO  o.a.m.s.f.DefaultMavenResourcesFiltering - Copying 0 resource from src\main\resources to target\classes
2025-03-31 20:14:13,962 [Worker-33: Building] INFO  o.a.m.s.f.DefaultMavenResourcesFiltering - skip non existing resourceDirectory E:\socappback\circleup-backend\src\test\resources
2025-03-31 20:14:15,151 [Worker-37: Building] INFO  o.a.m.s.f.DefaultMavenResourcesFiltering - Copying 1 resource from src\main\resources to target\classes
2025-03-31 20:14:15,155 [Worker-37: Building] INFO  o.a.m.s.f.DefaultMavenResourcesFiltering - Copying 0 resource from src\main\resources to target\classes
2025-03-31 20:14:15,159 [Worker-37: Building] INFO  o.a.m.s.f.DefaultMavenResourcesFiltering - skip non existing resourceDirectory E:\socappback\circleup-backend\src\test\resources
2025-03-31 20:19:45,650 [Worker-42: Building] INFO  o.a.m.s.f.DefaultMavenResourcesFiltering - Copying 1 resource from src\main\resources to target\classes
2025-03-31 20:19:45,654 [Worker-42: Building] INFO  o.a.m.s.f.DefaultMavenResourcesFiltering - Copying 0 resource from src\main\resources to target\classes
2025-03-31 20:19:45,656 [Worker-42: Building] INFO  o.a.m.s.f.DefaultMavenResourcesFiltering - skip non existing resourceDirectory E:\socappback\circleup-backend\src\test\resources
2025-04-01 17:54:01,833 [Worker-5: Loading available Gradle versions] INFO  o.e.b.c.i.u.g.PublishedGradleVersions - Gradle version information cache is up-to-date. Trying to read.
2025-04-01 17:57:57,961 [Worker-24: Building] INFO  o.e.m.c.i.l.LifecycleMappingFactory - Using org.eclipse.m2e.jdt.JarLifecycleMapping lifecycle mapping for MavenProject: com.fsad:circleup-backend:0.0.1-SNAPSHOT @ E:\socappback\circleup-backend\pom.xml.
2025-04-01 17:57:59,755 [Worker-24: Building] INFO  o.e.m.c.i.e.AbstractTransferListenerAdapter - Downloading https://repo.maven.apache.org/maven2/javax/xml/ws/jaxws-api/2.3.1/jaxws-api-2.3.1.pom
2025-04-01 17:57:59,782 [Worker-24: Building] INFO  o.e.m.c.i.e.AbstractTransferListenerAdapter - Downloaded https://repo.maven.apache.org/maven2/javax/xml/ws/jaxws-api/2.3.1/jaxws-api-2.3.1.pom
2025-04-01 17:57:59,828 [Worker-24: Building] INFO  o.e.m.c.i.e.AbstractTransferListenerAdapter - Downloading https://repo.maven.apache.org/maven2/net/java/jvnet-parent/5/jvnet-parent-5.pom
2025-04-01 17:57:59,839 [Worker-24: Building] INFO  o.e.m.c.i.e.AbstractTransferListenerAdapter - Downloaded https://repo.maven.apache.org/maven2/net/java/jvnet-parent/5/jvnet-parent-5.pom
2025-04-01 17:57:59,882 [Worker-24: Building] INFO  o.e.m.c.i.e.AbstractTransferListenerAdapter - Downloading https://repo.maven.apache.org/maven2/javax/xml/bind/jaxb-api/2.3.1/jaxb-api-2.3.1.pom
2025-04-01 17:57:59,895 [Worker-24: Building] INFO  o.e.m.c.i.e.AbstractTransferListenerAdapter - Downloaded https://repo.maven.apache.org/maven2/javax/xml/bind/jaxb-api/2.3.1/jaxb-api-2.3.1.pom
2025-04-01 17:58:00,007 [Worker-24: Building] INFO  o.e.m.c.i.e.AbstractTransferListenerAdapter - Downloading https://repo.maven.apache.org/maven2/javax/xml/bind/jaxb-api-parent/2.3.1/jaxb-api-parent-2.3.1.pom
2025-04-01 17:58:00,020 [Worker-24: Building] INFO  o.e.m.c.i.e.AbstractTransferListenerAdapter - Downloaded https://repo.maven.apache.org/maven2/javax/xml/bind/jaxb-api-parent/2.3.1/jaxb-api-parent-2.3.1.pom
2025-04-01 17:58:00,314 [Worker-24: Building] INFO  o.e.m.c.i.e.AbstractTransferListenerAdapter - Downloading https://repo.maven.apache.org/maven2/javax/activation/javax.activation-api/1.2.0/javax.activation-api-1.2.0.pom
2025-04-01 17:58:00,324 [Worker-24: Building] INFO  o.e.m.c.i.e.AbstractTransferListenerAdapter - Downloaded https://repo.maven.apache.org/maven2/javax/activation/javax.activation-api/1.2.0/javax.activation-api-1.2.0.pom
2025-04-01 17:58:00,377 [Worker-24: Building] INFO  o.e.m.c.i.e.AbstractTransferListenerAdapter - Downloading https://repo.maven.apache.org/maven2/com/sun/activation/all/1.2.0/all-1.2.0.pom
2025-04-01 17:58:00,460 [Worker-24: Building] INFO  o.e.m.c.i.e.AbstractTransferListenerAdapter - Downloaded https://repo.maven.apache.org/maven2/com/sun/activation/all/1.2.0/all-1.2.0.pom
2025-04-01 17:58:00,695 [Worker-24: Building] INFO  o.e.m.c.i.e.AbstractTransferListenerAdapter - Downloading https://repo.maven.apache.org/maven2/net/java/jvnet-parent/1/jvnet-parent-1.pom
2025-04-01 17:58:00,716 [Worker-24: Building] INFO  o.e.m.c.i.e.AbstractTransferListenerAdapter - Downloaded https://repo.maven.apache.org/maven2/net/java/jvnet-parent/1/jvnet-parent-1.pom
2025-04-01 17:58:00,799 [Worker-24: Building] INFO  o.e.m.c.i.e.AbstractTransferListenerAdapter - Downloading https://repo.maven.apache.org/maven2/javax/xml/soap/javax.xml.soap-api/1.4.0/javax.xml.soap-api-1.4.0.pom
2025-04-01 17:58:02,079 [Worker-24: Building] INFO  o.e.m.c.i.e.AbstractTransferListenerAdapter - Downloaded https://repo.maven.apache.org/maven2/javax/xml/soap/javax.xml.soap-api/1.4.0/javax.xml.soap-api-1.4.0.pom
2025-04-01 17:58:02,125 [Worker-24: Building] INFO  o.e.m.c.i.e.AbstractTransferListenerAdapter - Downloading https://repo.maven.apache.org/maven2/javax/annotation/javax.annotation-api/1.3.2/javax.annotation-api-1.3.2.pom
2025-04-01 17:58:03,821 [Worker-24: Building] INFO  o.e.m.c.i.e.AbstractTransferListenerAdapter - Downloaded https://repo.maven.apache.org/maven2/javax/annotation/javax.annotation-api/1.3.2/javax.annotation-api-1.3.2.pom
2025-04-01 17:58:03,864 [Worker-24: Building] INFO  o.e.m.c.i.e.AbstractTransferListenerAdapter - Downloading https://repo.maven.apache.org/maven2/net/java/jvnet-parent/3/jvnet-parent-3.pom
2025-04-01 17:58:03,986 [Worker-24: Building] INFO  o.e.m.c.i.e.AbstractTransferListenerAdapter - Downloaded https://repo.maven.apache.org/maven2/net/java/jvnet-parent/3/jvnet-parent-3.pom
2025-04-01 17:58:04,071 [Worker-24: Building] INFO  o.e.m.c.i.e.AbstractTransferListenerAdapter - Downloading https://repo.maven.apache.org/maven2/com/sun/xml/ws/jaxws-ri/2.3.1/jaxws-ri-2.3.1.pom
2025-04-01 17:58:04,325 [Worker-24: Building] INFO  o.e.m.c.i.e.AbstractTransferListenerAdapter - Downloaded https://repo.maven.apache.org/maven2/com/sun/xml/ws/jaxws-ri/2.3.1/jaxws-ri-2.3.1.pom
2025-04-01 17:58:04,368 [Worker-24: Building] INFO  o.e.m.c.i.e.AbstractTransferListenerAdapter - Downloading https://repo.maven.apache.org/maven2/com/sun/xml/ws/bundles/2.3.1/bundles-2.3.1.pom
2025-04-01 17:58:04,419 [Worker-24: Building] INFO  o.e.m.c.i.e.AbstractTransferListenerAdapter - Downloaded https://repo.maven.apache.org/maven2/com/sun/xml/ws/bundles/2.3.1/bundles-2.3.1.pom
2025-04-01 17:58:04,469 [Worker-24: Building] INFO  o.e.m.c.i.e.AbstractTransferListenerAdapter - Downloading https://repo.maven.apache.org/maven2/com/sun/xml/ws/project/2.3.1/project-2.3.1.pom
2025-04-01 17:58:04,788 [Worker-24: Building] INFO  o.e.m.c.i.e.AbstractTransferListenerAdapter - Downloaded https://repo.maven.apache.org/maven2/com/sun/xml/ws/project/2.3.1/project-2.3.1.pom
2025-04-01 17:58:04,835 [Worker-24: Building] INFO  o.e.m.c.i.e.AbstractTransferListenerAdapter - Downloading https://repo.maven.apache.org/maven2/com/sun/xml/ws/jaxws-ri-bom-ext/2.3.1/jaxws-ri-bom-ext-2.3.1.pom
2025-04-01 17:58:04,855 [Worker-24: Building] INFO  o.e.m.c.i.e.AbstractTransferListenerAdapter - Downloaded https://repo.maven.apache.org/maven2/com/sun/xml/ws/jaxws-ri-bom-ext/2.3.1/jaxws-ri-bom-ext-2.3.1.pom
2025-04-01 17:58:04,960 [Worker-24: Building] INFO  o.e.m.c.i.e.AbstractTransferListenerAdapter - Downloading https://repo.maven.apache.org/maven2/com/sun/xml/ws/jaxws-ri-bom/2.3.1/jaxws-ri-bom-2.3.1.pom
2025-04-01 17:58:05,007 [Worker-24: Building] INFO  o.e.m.c.i.e.AbstractTransferListenerAdapter - Downloaded https://repo.maven.apache.org/maven2/com/sun/xml/ws/jaxws-ri-bom/2.3.1/jaxws-ri-bom-2.3.1.pom
2025-04-01 17:58:05,053 [Worker-24: Building] INFO  o.e.m.c.i.e.AbstractTransferListenerAdapter - Downloading https://repo.maven.apache.org/maven2/org/glassfish/jaxb/jaxb-bom/2.3.1/jaxb-bom-2.3.1.pom
2025-04-01 17:58:05,073 [Worker-24: Building] INFO  o.e.m.c.i.e.AbstractTransferListenerAdapter - Downloaded https://repo.maven.apache.org/maven2/org/glassfish/jaxb/jaxb-bom/2.3.1/jaxb-bom-2.3.1.pom
2025-04-01 17:58:05,120 [Worker-24: Building] INFO  o.e.m.c.i.e.AbstractTransferListenerAdapter - Downloading https://repo.maven.apache.org/maven2/com/sun/xml/ws/jaxws-rt/2.3.1/jaxws-rt-2.3.1.pom
2025-04-01 17:58:05,172 [Worker-24: Building] INFO  o.e.m.c.i.e.AbstractTransferListenerAdapter - Downloaded https://repo.maven.apache.org/maven2/com/sun/xml/ws/jaxws-rt/2.3.1/jaxws-rt-2.3.1.pom
2025-04-01 17:58:05,222 [Worker-24: Building] INFO  o.e.m.c.i.e.AbstractTransferListenerAdapter - Downloading https://repo.maven.apache.org/maven2/javax/jws/javax.jws-api/1.1/javax.jws-api-1.1.pom
2025-04-01 17:58:05,270 [Worker-24: Building] INFO  o.e.m.c.i.e.AbstractTransferListenerAdapter - Downloaded https://repo.maven.apache.org/maven2/javax/jws/javax.jws-api/1.1/javax.jws-api-1.1.pom
2025-04-01 17:58:05,316 [Worker-24: Building] INFO  o.e.m.c.i.e.AbstractTransferListenerAdapter - Downloading https://repo.maven.apache.org/maven2/com/sun/xml/ws/policy/2.7.5/policy-2.7.5.pom
2025-04-01 17:58:05,363 [Worker-24: Building] INFO  o.e.m.c.i.e.AbstractTransferListenerAdapter - Downloaded https://repo.maven.apache.org/maven2/com/sun/xml/ws/policy/2.7.5/policy-2.7.5.pom
2025-04-01 17:58:05,412 [Worker-24: Building] INFO  o.e.m.c.i.e.AbstractTransferListenerAdapter - Downloading https://repo.maven.apache.org/maven2/com/sun/activation/javax.activation/1.2.0/javax.activation-1.2.0.pom
2025-04-01 17:58:05,430 [Worker-24: Building] INFO  o.e.m.c.i.e.AbstractTransferListenerAdapter - Downloaded https://repo.maven.apache.org/maven2/com/sun/activation/javax.activation/1.2.0/javax.activation-1.2.0.pom
2025-04-01 17:58:05,479 [Worker-24: Building] INFO  o.e.m.c.i.e.AbstractTransferListenerAdapter - Downloading https://repo.maven.apache.org/maven2/org/glassfish/gmbal/gmbal-api-only/3.1.0-b001/gmbal-api-only-3.1.0-b001.pom
2025-04-01 17:58:05,503 [Worker-24: Building] INFO  o.e.m.c.i.e.AbstractTransferListenerAdapter - Downloaded https://repo.maven.apache.org/maven2/org/glassfish/gmbal/gmbal-api-only/3.1.0-b001/gmbal-api-only-3.1.0-b001.pom
2025-04-01 17:58:05,546 [Worker-24: Building] INFO  o.e.m.c.i.e.AbstractTransferListenerAdapter - Downloading https://repo.maven.apache.org/maven2/org/glassfish/external/management-api/3.0.0-b012/management-api-3.0.0-b012.pom
2025-04-01 17:58:05,565 [Worker-24: Building] INFO  o.e.m.c.i.e.AbstractTransferListenerAdapter - Downloaded https://repo.maven.apache.org/maven2/org/glassfish/external/management-api/3.0.0-b012/management-api-3.0.0-b012.pom
2025-04-01 17:58:05,616 [Worker-24: Building] INFO  o.e.m.c.i.e.AbstractTransferListenerAdapter - Downloading https://repo.maven.apache.org/maven2/org/jvnet/staxex/stax-ex/2.1.0/stax-ex-2.1.0.pom
2025-04-01 17:58:05,652 [Worker-24: Building] INFO  o.e.m.c.i.e.AbstractTransferListenerAdapter - Downloaded https://repo.maven.apache.org/maven2/org/jvnet/staxex/stax-ex/2.1.0/stax-ex-2.1.0.pom
2025-04-01 17:58:05,701 [Worker-24: Building] INFO  o.e.m.c.i.e.AbstractTransferListenerAdapter - Downloading https://repo.maven.apache.org/maven2/com/sun/xml/stream/buffer/streambuffer/1.5.6/streambuffer-1.5.6.pom
2025-04-01 17:58:05,732 [Worker-24: Building] INFO  o.e.m.c.i.e.AbstractTransferListenerAdapter - Downloaded https://repo.maven.apache.org/maven2/com/sun/xml/stream/buffer/streambuffer/1.5.6/streambuffer-1.5.6.pom
2025-04-01 17:58:05,781 [Worker-24: Building] INFO  o.e.m.c.i.e.AbstractTransferListenerAdapter - Downloading https://repo.maven.apache.org/maven2/org/jvnet/mimepull/mimepull/1.9.10/mimepull-1.9.10.pom
2025-04-01 17:58:05,818 [Worker-24: Building] INFO  o.e.m.c.i.e.AbstractTransferListenerAdapter - Downloaded https://repo.maven.apache.org/maven2/org/jvnet/mimepull/mimepull/1.9.10/mimepull-1.9.10.pom
2025-04-01 17:58:05,866 [Worker-24: Building] INFO  o.e.m.c.i.e.AbstractTransferListenerAdapter - Downloading https://repo.maven.apache.org/maven2/com/sun/xml/fastinfoset/FastInfoset/2.1.1/FastInfoset-2.1.1.pom
2025-04-01 17:58:05,875 [Worker-24: Building] INFO  o.e.m.c.i.e.AbstractTransferListenerAdapter - Downloaded https://repo.maven.apache.org/maven2/com/sun/xml/fastinfoset/FastInfoset/2.1.1/FastInfoset-2.1.1.pom
2025-04-01 17:58:05,918 [Worker-24: Building] INFO  o.e.m.c.i.e.AbstractTransferListenerAdapter - Downloading https://repo.maven.apache.org/maven2/com/sun/xml/fastinfoset/fastinfoset-project/2.1.1/fastinfoset-project-2.1.1.pom
2025-04-01 17:58:05,956 [Worker-24: Building] INFO  o.e.m.c.i.e.AbstractTransferListenerAdapter - Downloaded https://repo.maven.apache.org/maven2/com/sun/xml/fastinfoset/fastinfoset-project/2.1.1/fastinfoset-project-2.1.1.pom
2025-04-01 17:58:06,016 [Worker-24: Building] INFO  o.e.m.c.i.e.AbstractTransferListenerAdapter - Downloading https://repo.maven.apache.org/maven2/org/glassfish/ha/ha-api/3.1.9/ha-api-3.1.9.pom
2025-04-01 17:58:06,032 [Worker-24: Building] INFO  o.e.m.c.i.e.AbstractTransferListenerAdapter - Downloaded https://repo.maven.apache.org/maven2/org/glassfish/ha/ha-api/3.1.9/ha-api-3.1.9.pom
2025-04-01 17:58:06,073 [Worker-24: Building] INFO  o.e.m.c.i.e.AbstractTransferListenerAdapter - Downloading https://repo.maven.apache.org/maven2/com/sun/xml/messaging/saaj/saaj-impl/3.0.4/saaj-impl-3.0.4.pom
2025-04-01 17:58:06,093 [Worker-24: Building] INFO  o.e.m.c.i.e.AbstractTransferListenerAdapter - Downloaded https://repo.maven.apache.org/maven2/com/sun/xml/messaging/saaj/saaj-impl/3.0.4/saaj-impl-3.0.4.pom
2025-04-01 17:58:06,138 [Worker-24: Building] INFO  o.e.m.c.i.e.AbstractTransferListenerAdapter - Downloading https://repo.maven.apache.org/maven2/com/sun/xml/messaging/saaj/metro-saaj/3.0.4/metro-saaj-3.0.4.pom
2025-04-01 17:58:06,178 [Worker-24: Building] INFO  o.e.m.c.i.e.AbstractTransferListenerAdapter - Downloaded https://repo.maven.apache.org/maven2/com/sun/xml/messaging/saaj/metro-saaj/3.0.4/metro-saaj-3.0.4.pom
2025-04-01 17:58:06,221 [Worker-24: Building] INFO  o.e.m.c.i.e.AbstractTransferListenerAdapter - Downloading https://repo.maven.apache.org/maven2/jakarta/xml/soap/jakarta.xml.soap-api/3.0.2/jakarta.xml.soap-api-3.0.2.pom
2025-04-01 17:58:06,262 [Worker-24: Building] INFO  o.e.m.c.i.e.AbstractTransferListenerAdapter - Downloaded https://repo.maven.apache.org/maven2/jakarta/xml/soap/jakarta.xml.soap-api/3.0.2/jakarta.xml.soap-api-3.0.2.pom
2025-04-01 17:58:06,308 [Worker-24: Building] INFO  o.e.m.c.i.e.AbstractTransferListenerAdapter - Downloading https://repo.maven.apache.org/maven2/com/fasterxml/woodstox/woodstox-core/5.1.0/woodstox-core-5.1.0.pom
2025-04-01 17:58:06,323 [Worker-24: Building] INFO  o.e.m.c.i.e.AbstractTransferListenerAdapter - Downloaded https://repo.maven.apache.org/maven2/com/fasterxml/woodstox/woodstox-core/5.1.0/woodstox-core-5.1.0.pom
2025-04-01 17:58:06,413 [Worker-24: Building] INFO  o.e.m.c.i.e.AbstractTransferListenerAdapter - Downloading https://repo.maven.apache.org/maven2/com/fasterxml/oss-parent/33/oss-parent-33.pom
2025-04-01 17:58:06,484 [Worker-24: Building] INFO  o.e.m.c.i.e.AbstractTransferListenerAdapter - Downloaded https://repo.maven.apache.org/maven2/com/fasterxml/oss-parent/33/oss-parent-33.pom
2025-04-01 17:58:06,530 [Worker-24: Building] INFO  o.e.m.c.i.e.AbstractTransferListenerAdapter - Downloading https://repo.maven.apache.org/maven2/org/codehaus/woodstox/stax2-api/4.1/stax2-api-4.1.pom
2025-04-01 17:58:06,539 [Worker-24: Building] INFO  o.e.m.c.i.e.AbstractTransferListenerAdapter - Downloaded https://repo.maven.apache.org/maven2/org/codehaus/woodstox/stax2-api/4.1/stax2-api-4.1.pom
2025-04-01 17:58:06,586 [Worker-24: Building] INFO  o.e.m.c.i.e.AbstractTransferListenerAdapter - Downloading https://repo.maven.apache.org/maven2/com/fasterxml/oss-parent/32/oss-parent-32.pom
2025-04-01 17:58:06,862 [Worker-24: Building] INFO  o.e.m.c.i.e.AbstractTransferListenerAdapter - Downloaded https://repo.maven.apache.org/maven2/com/fasterxml/oss-parent/32/oss-parent-32.pom
2025-04-01 17:58:07,166 [Worker-24: Building] INFO  o.e.m.c.i.e.AbstractTransferListenerAdapter - Downloading https://repo.maven.apache.org/maven2/com/sun/xml/ws/jaxws-tools/2.3.1/jaxws-tools-2.3.1.pom
2025-04-01 17:58:07,288 [Worker-24: Building] INFO  o.e.m.c.i.e.AbstractTransferListenerAdapter - Downloaded https://repo.maven.apache.org/maven2/com/sun/xml/ws/jaxws-tools/2.3.1/jaxws-tools-2.3.1.pom
2025-04-01 17:58:07,332 [Worker-24: Building] INFO  o.e.m.c.i.e.AbstractTransferListenerAdapter - Downloading https://repo.maven.apache.org/maven2/com/sun/xml/bind/jaxb-xjc/4.0.5/jaxb-xjc-4.0.5.pom
2025-04-01 17:58:07,507 [Worker-24: Building] INFO  o.e.m.c.i.e.AbstractTransferListenerAdapter - Downloaded https://repo.maven.apache.org/maven2/com/sun/xml/bind/jaxb-xjc/4.0.5/jaxb-xjc-4.0.5.pom
2025-04-01 17:58:07,562 [Worker-24: Building] INFO  o.e.m.c.i.e.AbstractTransferListenerAdapter - Downloading https://repo.maven.apache.org/maven2/com/sun/xml/bind/mvn/jaxb-bundles/4.0.5/jaxb-bundles-4.0.5.pom
2025-04-01 17:58:07,571 [Worker-24: Building] INFO  o.e.m.c.i.e.AbstractTransferListenerAdapter - Downloaded https://repo.maven.apache.org/maven2/com/sun/xml/bind/mvn/jaxb-bundles/4.0.5/jaxb-bundles-4.0.5.pom
2025-04-01 17:58:07,632 [Worker-24: Building] INFO  o.e.m.c.i.e.AbstractTransferListenerAdapter - Downloading https://repo.maven.apache.org/maven2/com/sun/xml/bind/jaxb-core/4.0.5/jaxb-core-4.0.5.pom
2025-04-01 17:58:07,691 [Worker-24: Building] INFO  o.e.m.c.i.e.AbstractTransferListenerAdapter - Downloaded https://repo.maven.apache.org/maven2/com/sun/xml/bind/jaxb-core/4.0.5/jaxb-core-4.0.5.pom
2025-04-01 17:58:07,758 [Worker-24: Building] INFO  o.e.m.c.i.e.AbstractTransferListenerAdapter - Downloading https://repo.maven.apache.org/maven2/com/sun/xml/bind/jaxb-jxc/4.0.5/jaxb-jxc-4.0.5.pom
2025-04-01 17:58:07,860 [Worker-24: Building] INFO  o.e.m.c.i.e.AbstractTransferListenerAdapter - Downloaded https://repo.maven.apache.org/maven2/com/sun/xml/bind/jaxb-jxc/4.0.5/jaxb-jxc-4.0.5.pom
2025-04-01 17:58:07,909 [Worker-24: Building] INFO  o.e.m.c.i.e.AbstractTransferListenerAdapter - Downloading https://repo.maven.apache.org/maven2/com/sun/xml/bind/jaxb-impl/4.0.5/jaxb-impl-4.0.5.pom
2025-04-01 17:58:08,066 [Worker-24: Building] INFO  o.e.m.c.i.e.AbstractTransferListenerAdapter - Downloaded https://repo.maven.apache.org/maven2/com/sun/xml/bind/jaxb-impl/4.0.5/jaxb-impl-4.0.5.pom
2025-04-01 17:58:08,114 [Worker-24: Building] INFO  o.e.m.c.i.e.AbstractTransferListenerAdapter - Downloading https://repo.maven.apache.org/maven2/com/sun/xml/ws/jaxws-eclipselink-plugin/2.3.1/jaxws-eclipselink-plugin-2.3.1.pom
2025-04-01 17:58:08,185 [Worker-24: Building] INFO  o.e.m.c.i.e.AbstractTransferListenerAdapter - Downloaded https://repo.maven.apache.org/maven2/com/sun/xml/ws/jaxws-eclipselink-plugin/2.3.1/jaxws-eclipselink-plugin-2.3.1.pom
2025-04-01 17:58:08,235 [Worker-24: Building] INFO  o.e.m.c.i.e.AbstractTransferListenerAdapter - Downloading https://repo.maven.apache.org/maven2/javax/mail/mail/1.4.7/mail-1.4.7.pom
2025-04-01 17:58:08,248 [Worker-24: Building] INFO  o.e.m.c.i.e.AbstractTransferListenerAdapter - Downloaded https://repo.maven.apache.org/maven2/javax/mail/mail/1.4.7/mail-1.4.7.pom
2025-04-01 17:58:08,289 [Worker-24: Building] INFO  o.e.m.c.i.e.AbstractTransferListenerAdapter - Downloading https://repo.maven.apache.org/maven2/com/sun/mail/all/1.4.7/all-1.4.7.pom
2025-04-01 17:58:08,367 [Worker-24: Building] INFO  o.e.m.c.i.e.AbstractTransferListenerAdapter - Downloaded https://repo.maven.apache.org/maven2/com/sun/mail/all/1.4.7/all-1.4.7.pom
2025-04-01 17:58:08,413 [Worker-24: Building] INFO  o.e.m.c.i.e.AbstractTransferListenerAdapter - Downloading https://repo.maven.apache.org/maven2/javax/persistence/javax.persistence-api/2.2/javax.persistence-api-2.2.pom
2025-04-01 17:58:08,455 [Worker-24: Building] INFO  o.e.m.c.i.e.AbstractTransferListenerAdapter - Downloaded https://repo.maven.apache.org/maven2/javax/persistence/javax.persistence-api/2.2/javax.persistence-api-2.2.pom
2025-04-01 17:58:08,505 [Worker-24: Building] INFO  o.e.m.c.i.e.AbstractTransferListenerAdapter - Downloading https://repo.maven.apache.org/maven2/org/eclipse/persistence/org.eclipse.persistence.moxy/2.7.2/org.eclipse.persistence.moxy-2.7.2.pom
2025-04-01 17:58:08,520 [Worker-24: Building] INFO  o.e.m.c.i.e.AbstractTransferListenerAdapter - Downloaded https://repo.maven.apache.org/maven2/org/eclipse/persistence/org.eclipse.persistence.moxy/2.7.2/org.eclipse.persistence.moxy-2.7.2.pom
2025-04-01 17:58:08,577 [Worker-24: Building] INFO  o.e.m.c.i.e.AbstractTransferListenerAdapter - Downloading https://repo.maven.apache.org/maven2/org/eclipse/persistence/org.eclipse.persistence.core/2.7.2/org.eclipse.persistence.core-2.7.2.pom
2025-04-01 17:58:08,600 [Worker-24: Building] INFO  o.e.m.c.i.e.AbstractTransferListenerAdapter - Downloaded https://repo.maven.apache.org/maven2/org/eclipse/persistence/org.eclipse.persistence.core/2.7.2/org.eclipse.persistence.core-2.7.2.pom
2025-04-01 17:58:08,659 [Worker-24: Building] INFO  o.e.m.c.i.e.AbstractTransferListenerAdapter - Downloading https://repo.maven.apache.org/maven2/org/eclipse/persistence/org.eclipse.persistence.asm/2.7.2/org.eclipse.persistence.asm-2.7.2.pom
2025-04-01 17:58:08,669 [Worker-24: Building] INFO  o.e.m.c.i.e.AbstractTransferListenerAdapter - Downloaded https://repo.maven.apache.org/maven2/org/eclipse/persistence/org.eclipse.persistence.asm/2.7.2/org.eclipse.persistence.asm-2.7.2.pom
2025-04-01 17:58:08,713 [Worker-24: Building] INFO  o.e.m.c.i.e.AbstractTransferListenerAdapter - Downloading https://repo.maven.apache.org/maven2/org/glassfish/javax.json/1.0.4/javax.json-1.0.4.pom
2025-04-01 17:58:08,752 [Worker-24: Building] INFO  o.e.m.c.i.e.AbstractTransferListenerAdapter - Downloaded https://repo.maven.apache.org/maven2/org/glassfish/javax.json/1.0.4/javax.json-1.0.4.pom
2025-04-01 17:58:08,799 [Worker-24: Building] INFO  o.e.m.c.i.e.AbstractTransferListenerAdapter - Downloading https://repo.maven.apache.org/maven2/org/glassfish/json/1.0.4/json-1.0.4.pom
2025-04-01 17:58:08,831 [Worker-24: Building] INFO  o.e.m.c.i.e.AbstractTransferListenerAdapter - Downloaded https://repo.maven.apache.org/maven2/org/glassfish/json/1.0.4/json-1.0.4.pom
2025-04-01 17:58:08,873 [Worker-24: Building] INFO  o.e.m.c.i.e.AbstractTransferListenerAdapter - Downloading https://repo.maven.apache.org/maven2/javax/validation/validation-api/1.1.0.Final/validation-api-1.1.0.Final.pom
2025-04-01 17:58:08,895 [Worker-24: Building] INFO  o.e.m.c.i.e.AbstractTransferListenerAdapter - Downloaded https://repo.maven.apache.org/maven2/javax/validation/validation-api/1.1.0.Final/validation-api-1.1.0.Final.pom
2025-04-01 17:58:08,935 [Worker-24: Building] INFO  o.e.m.c.i.e.AbstractTransferListenerAdapter - Downloading https://repo.maven.apache.org/maven2/com/sun/xml/ws/sdo-eclipselink-plugin/2.3.1/sdo-eclipselink-plugin-2.3.1.pom
2025-04-01 17:58:08,962 [Worker-24: Building] INFO  o.e.m.c.i.e.AbstractTransferListenerAdapter - Downloaded https://repo.maven.apache.org/maven2/com/sun/xml/ws/sdo-eclipselink-plugin/2.3.1/sdo-eclipselink-plugin-2.3.1.pom
2025-04-01 17:58:09,013 [Worker-24: Building] INFO  o.e.m.c.i.e.AbstractTransferListenerAdapter - Downloading https://repo.maven.apache.org/maven2/org/eclipse/persistence/org.eclipse.persistence.sdo/2.7.2/org.eclipse.persistence.sdo-2.7.2.pom
2025-04-01 17:58:09,024 [Worker-24: Building] INFO  o.e.m.c.i.e.AbstractTransferListenerAdapter - Downloaded https://repo.maven.apache.org/maven2/org/eclipse/persistence/org.eclipse.persistence.sdo/2.7.2/org.eclipse.persistence.sdo-2.7.2.pom
2025-04-01 17:58:09,068 [Worker-24: Building] INFO  o.e.m.c.i.e.AbstractTransferListenerAdapter - Downloading https://repo.maven.apache.org/maven2/org/eclipse/persistence/commonj.sdo/2.1.1/commonj.sdo-2.1.1.pom
2025-04-01 17:58:09,093 [Worker-24: Building] INFO  o.e.m.c.i.e.AbstractTransferListenerAdapter - Downloaded https://repo.maven.apache.org/maven2/org/eclipse/persistence/commonj.sdo/2.1.1/commonj.sdo-2.1.1.pom
2025-04-01 17:58:09,138 [Worker-24: Building] INFO  o.e.m.c.i.e.AbstractTransferListenerAdapter - Downloaded https://repo.maven.apache.org/maven2/commonj/sdo/commonj.sdo/2.1.1.v201112051852/commonj.sdo-2.1.1.v201112051852.pom
2025-04-01 17:58:10,275 [Worker-24: Building] INFO  o.e.m.c.i.e.AbstractTransferListenerAdapter - Downloaded http://maven.java.net/content/repositories/releases/commonj/sdo/commonj.sdo/2.1.1.v201112051852/commonj.sdo-2.1.1.v201112051852.pom
2025-04-01 17:58:11,238 [Worker-24: Building] INFO  o.e.m.c.i.e.AbstractTransferListenerAdapter - Downloaded http://maven.java.net/content/repositories/staging/commonj/sdo/commonj.sdo/2.1.1.v201112051852/commonj.sdo-2.1.1.v201112051852.pom
2025-04-01 17:58:12,946 [Worker-24: Building] INFO  o.e.m.c.i.e.AbstractTransferListenerAdapter - Downloading http://download.eclipse.org/rt/eclipselink/maven.repo/commonj/sdo/commonj.sdo/2.1.1.v201112051852/commonj.sdo-2.1.1.v201112051852.pom
2025-04-01 17:58:13,511 [Worker-24: Building] INFO  o.e.m.c.i.e.AbstractTransferListenerAdapter - Downloaded http://download.eclipse.org/rt/eclipselink/maven.repo/commonj/sdo/commonj.sdo/2.1.1.v201112051852/commonj.sdo-2.1.1.v201112051852.pom
2025-04-01 17:58:13,573 [Worker-24: Building] INFO  o.e.m.c.i.e.AbstractTransferListenerAdapter - Downloading https://repo.maven.apache.org/maven2/com/sun/xml/ws/release-documentation/2.3.1/release-documentation-2.3.1.pom
2025-04-01 17:58:13,639 [Worker-24: Building] INFO  o.e.m.c.i.e.AbstractTransferListenerAdapter - Downloaded https://repo.maven.apache.org/maven2/com/sun/xml/ws/release-documentation/2.3.1/release-documentation-2.3.1.pom
2025-04-01 17:58:13,704 [Worker-24: Building] INFO  o.e.m.c.i.e.AbstractTransferListenerAdapter - Downloading https://repo.maven.apache.org/maven2/com/sun/xml/ws/docs/2.3.1/docs-2.3.1.pom
2025-04-01 17:58:13,732 [Worker-24: Building] INFO  o.e.m.c.i.e.AbstractTransferListenerAdapter - Downloaded https://repo.maven.apache.org/maven2/com/sun/xml/ws/docs/2.3.1/docs-2.3.1.pom
2025-04-01 17:58:13,795 [Worker-24: Building] INFO  o.e.m.c.i.e.AbstractTransferListenerAdapter - Downloading https://repo.maven.apache.org/maven2/com/sun/xml/ws/samples/2.3.1/samples-2.3.1.pom
2025-04-01 17:58:13,826 [Worker-24: Building] INFO  o.e.m.c.i.e.AbstractTransferListenerAdapter - Downloaded https://repo.maven.apache.org/maven2/com/sun/xml/ws/samples/2.3.1/samples-2.3.1.pom
2025-04-01 17:58:14,316 [Worker-24: Building] INFO  o.e.m.c.i.e.AbstractTransferListenerAdapter - Downloading https://repo.maven.apache.org/maven2/javax/xml/ws/jaxws-api/2.3.1/jaxws-api-2.3.1.jar
2025-04-01 17:58:14,507 [Worker-24: Building] INFO  o.e.m.c.i.e.AbstractTransferListenerAdapter - Downloaded https://repo.maven.apache.org/maven2/javax/xml/ws/jaxws-api/2.3.1/jaxws-api-2.3.1.jar
2025-04-01 17:58:14,539 [BasicRepositoryConnector-repo.maven.apache.org-0-1] INFO  o.e.m.c.i.e.AbstractTransferListenerAdapter - Downloading https://repo.maven.apache.org/maven2/javax/activation/javax.activation-api/1.2.0/javax.activation-api-1.2.0.jar
2025-04-01 17:58:14,619 [BasicRepositoryConnector-repo.maven.apache.org-0-3] INFO  o.e.m.c.i.e.AbstractTransferListenerAdapter - Downloading https://repo.maven.apache.org/maven2/javax/annotation/javax.annotation-api/1.3.2/javax.annotation-api-1.3.2.jar
2025-04-01 17:58:14,619 [BasicRepositoryConnector-repo.maven.apache.org-0-4] INFO  o.e.m.c.i.e.AbstractTransferListenerAdapter - Downloaded https://repo.maven.apache.org/maven2/com/sun/xml/ws/jaxws-ri/2.3.1/jaxws-ri-2.3.1.jar
2025-04-01 17:58:14,619 [BasicRepositoryConnector-repo.maven.apache.org-0-0] INFO  o.e.m.c.i.e.AbstractTransferListenerAdapter - Downloading https://repo.maven.apache.org/maven2/javax/xml/bind/jaxb-api/2.3.1/jaxb-api-2.3.1.jar
2025-04-01 17:58:14,632 [BasicRepositoryConnector-repo.maven.apache.org-0-3] INFO  o.e.m.c.i.e.AbstractTransferListenerAdapter - Downloaded https://repo.maven.apache.org/maven2/javax/annotation/javax.annotation-api/1.3.2/javax.annotation-api-1.3.2.jar
2025-04-01 17:58:14,633 [BasicRepositoryConnector-repo.maven.apache.org-0-2] INFO  o.e.m.c.i.e.AbstractTransferListenerAdapter - Downloading https://repo.maven.apache.org/maven2/javax/xml/soap/javax.xml.soap-api/1.4.0/javax.xml.soap-api-1.4.0.jar
2025-04-01 17:58:14,665 [BasicRepositoryConnector-repo.maven.apache.org-0-3] INFO  o.e.m.c.i.e.AbstractTransferListenerAdapter - Downloading https://repo.maven.apache.org/maven2/com/sun/xml/ws/policy/2.7.5/policy-2.7.5.jar
2025-04-01 17:58:14,665 [BasicRepositoryConnector-repo.maven.apache.org-0-4] INFO  o.e.m.c.i.e.AbstractTransferListenerAdapter - Downloading https://repo.maven.apache.org/maven2/com/sun/xml/ws/jaxws-rt/2.3.1/jaxws-rt-2.3.1.jar
2025-04-01 17:58:14,680 [BasicRepositoryConnector-repo.maven.apache.org-0-1] INFO  o.e.m.c.i.e.AbstractTransferListenerAdapter - Downloaded https://repo.maven.apache.org/maven2/javax/activation/javax.activation-api/1.2.0/javax.activation-api-1.2.0.jar
2025-04-01 17:58:14,680 [BasicRepositoryConnector-repo.maven.apache.org-0-2] INFO  o.e.m.c.i.e.AbstractTransferListenerAdapter - Downloaded https://repo.maven.apache.org/maven2/javax/xml/soap/javax.xml.soap-api/1.4.0/javax.xml.soap-api-1.4.0.jar
2025-04-01 17:58:14,699 [BasicRepositoryConnector-repo.maven.apache.org-0-0] INFO  o.e.m.c.i.e.AbstractTransferListenerAdapter - Downloaded https://repo.maven.apache.org/maven2/javax/xml/bind/jaxb-api/2.3.1/jaxb-api-2.3.1.jar
2025-04-01 17:58:14,720 [BasicRepositoryConnector-repo.maven.apache.org-0-1] INFO  o.e.m.c.i.e.AbstractTransferListenerAdapter - Downloading https://repo.maven.apache.org/maven2/com/sun/activation/javax.activation/1.2.0/javax.activation-1.2.0.jar
2025-04-01 17:58:14,728 [BasicRepositoryConnector-repo.maven.apache.org-0-3] INFO  o.e.m.c.i.e.AbstractTransferListenerAdapter - Downloaded https://repo.maven.apache.org/maven2/com/sun/xml/ws/policy/2.7.5/policy-2.7.5.jar
2025-04-01 17:58:14,728 [BasicRepositoryConnector-repo.maven.apache.org-0-2] INFO  o.e.m.c.i.e.AbstractTransferListenerAdapter - Downloading https://repo.maven.apache.org/maven2/org/glassfish/gmbal/gmbal-api-only/3.1.0-b001/gmbal-api-only-3.1.0-b001.jar
2025-04-01 17:58:14,745 [BasicRepositoryConnector-repo.maven.apache.org-0-0] INFO  o.e.m.c.i.e.AbstractTransferListenerAdapter - Downloading https://repo.maven.apache.org/maven2/org/glassfish/external/management-api/3.0.0-b012/management-api-3.0.0-b012.jar
2025-04-01 17:58:14,745 [BasicRepositoryConnector-repo.maven.apache.org-0-2] INFO  o.e.m.c.i.e.AbstractTransferListenerAdapter - Downloaded https://repo.maven.apache.org/maven2/org/glassfish/gmbal/gmbal-api-only/3.1.0-b001/gmbal-api-only-3.1.0-b001.jar
2025-04-01 17:58:14,758 [BasicRepositoryConnector-repo.maven.apache.org-0-0] INFO  o.e.m.c.i.e.AbstractTransferListenerAdapter - Downloaded https://repo.maven.apache.org/maven2/org/glassfish/external/management-api/3.0.0-b012/management-api-3.0.0-b012.jar
2025-04-01 17:58:14,760 [BasicRepositoryConnector-repo.maven.apache.org-0-3] INFO  o.e.m.c.i.e.AbstractTransferListenerAdapter - Downloading https://repo.maven.apache.org/maven2/org/jvnet/staxex/stax-ex/2.1.0/stax-ex-2.1.0.jar
2025-04-01 17:58:14,775 [BasicRepositoryConnector-repo.maven.apache.org-0-3] INFO  o.e.m.c.i.e.AbstractTransferListenerAdapter - Downloaded https://repo.maven.apache.org/maven2/org/jvnet/staxex/stax-ex/2.1.0/stax-ex-2.1.0.jar
2025-04-01 17:58:14,791 [BasicRepositoryConnector-repo.maven.apache.org-0-2] INFO  o.e.m.c.i.e.AbstractTransferListenerAdapter - Downloading https://repo.maven.apache.org/maven2/com/sun/xml/stream/buffer/streambuffer/1.5.6/streambuffer-1.5.6.jar
2025-04-01 17:58:14,791 [BasicRepositoryConnector-repo.maven.apache.org-0-0] INFO  o.e.m.c.i.e.AbstractTransferListenerAdapter - Downloading https://repo.maven.apache.org/maven2/org/jvnet/mimepull/mimepull/1.9.10/mimepull-1.9.10.jar
2025-04-01 17:58:14,791 [BasicRepositoryConnector-repo.maven.apache.org-0-2] INFO  o.e.m.c.i.e.AbstractTransferListenerAdapter - Downloaded https://repo.maven.apache.org/maven2/com/sun/xml/stream/buffer/streambuffer/1.5.6/streambuffer-1.5.6.jar
2025-04-01 17:58:14,807 [BasicRepositoryConnector-repo.maven.apache.org-0-3] INFO  o.e.m.c.i.e.AbstractTransferListenerAdapter - Downloading https://repo.maven.apache.org/maven2/com/sun/xml/fastinfoset/FastInfoset/2.1.1/FastInfoset-2.1.1.jar
2025-04-01 17:58:14,807 [BasicRepositoryConnector-repo.maven.apache.org-0-0] INFO  o.e.m.c.i.e.AbstractTransferListenerAdapter - Downloaded https://repo.maven.apache.org/maven2/org/jvnet/mimepull/mimepull/1.9.10/mimepull-1.9.10.jar
2025-04-01 17:58:14,858 [BasicRepositoryConnector-repo.maven.apache.org-0-2] INFO  o.e.m.c.i.e.AbstractTransferListenerAdapter - Downloading https://repo.maven.apache.org/maven2/org/glassfish/ha/ha-api/3.1.9/ha-api-3.1.9.jar
2025-04-01 17:58:14,870 [BasicRepositoryConnector-repo.maven.apache.org-0-0] INFO  o.e.m.c.i.e.AbstractTransferListenerAdapter - Downloading https://repo.maven.apache.org/maven2/com/sun/xml/messaging/saaj/saaj-impl/3.0.4/saaj-impl-3.0.4.jar
2025-04-01 17:58:14,886 [BasicRepositoryConnector-repo.maven.apache.org-0-3] INFO  o.e.m.c.i.e.AbstractTransferListenerAdapter - Downloaded https://repo.maven.apache.org/maven2/com/sun/xml/fastinfoset/FastInfoset/2.1.1/FastInfoset-2.1.1.jar
2025-04-01 17:58:14,886 [BasicRepositoryConnector-repo.maven.apache.org-0-2] INFO  o.e.m.c.i.e.AbstractTransferListenerAdapter - Downloaded https://repo.maven.apache.org/maven2/org/glassfish/ha/ha-api/3.1.9/ha-api-3.1.9.jar
2025-04-01 17:58:14,913 [BasicRepositoryConnector-repo.maven.apache.org-0-1] INFO  o.e.m.c.i.e.AbstractTransferListenerAdapter - Downloaded https://repo.maven.apache.org/maven2/com/sun/activation/javax.activation/1.2.0/javax.activation-1.2.0.jar
2025-04-01 17:58:14,933 [BasicRepositoryConnector-repo.maven.apache.org-0-3] INFO  o.e.m.c.i.e.AbstractTransferListenerAdapter - Downloading https://repo.maven.apache.org/maven2/jakarta/xml/soap/jakarta.xml.soap-api/3.0.2/jakarta.xml.soap-api-3.0.2.jar
2025-04-01 17:58:14,933 [BasicRepositoryConnector-repo.maven.apache.org-0-2] INFO  o.e.m.c.i.e.AbstractTransferListenerAdapter - Downloading https://repo.maven.apache.org/maven2/com/fasterxml/woodstox/woodstox-core/5.1.0/woodstox-core-5.1.0.jar
2025-04-01 17:58:15,011 [BasicRepositoryConnector-repo.maven.apache.org-0-1] INFO  o.e.m.c.i.e.AbstractTransferListenerAdapter - Downloading https://repo.maven.apache.org/maven2/org/codehaus/woodstox/stax2-api/4.1/stax2-api-4.1.jar
2025-04-01 17:58:15,341 [BasicRepositoryConnector-repo.maven.apache.org-0-3] INFO  o.e.m.c.i.e.AbstractTransferListenerAdapter - Downloaded https://repo.maven.apache.org/maven2/jakarta/xml/soap/jakarta.xml.soap-api/3.0.2/jakarta.xml.soap-api-3.0.2.jar
2025-04-01 17:58:15,346 [BasicRepositoryConnector-repo.maven.apache.org-0-4] INFO  o.e.m.c.i.e.AbstractTransferListenerAdapter - Downloaded https://repo.maven.apache.org/maven2/com/sun/xml/ws/jaxws-rt/2.3.1/jaxws-rt-2.3.1.jar
2025-04-01 17:58:15,361 [BasicRepositoryConnector-repo.maven.apache.org-0-2] INFO  o.e.m.c.i.e.AbstractTransferListenerAdapter - Downloaded https://repo.maven.apache.org/maven2/com/fasterxml/woodstox/woodstox-core/5.1.0/woodstox-core-5.1.0.jar
2025-04-01 17:58:15,375 [BasicRepositoryConnector-repo.maven.apache.org-0-0] INFO  o.e.m.c.i.e.AbstractTransferListenerAdapter - Downloaded https://repo.maven.apache.org/maven2/com/sun/xml/messaging/saaj/saaj-impl/3.0.4/saaj-impl-3.0.4.jar
2025-04-01 17:58:15,405 [BasicRepositoryConnector-repo.maven.apache.org-0-3] INFO  o.e.m.c.i.e.AbstractTransferListenerAdapter - Downloading https://repo.maven.apache.org/maven2/com/sun/xml/ws/jaxws-tools/2.3.1/jaxws-tools-2.3.1.jar
2025-04-01 17:58:15,405 [BasicRepositoryConnector-repo.maven.apache.org-0-4] INFO  o.e.m.c.i.e.AbstractTransferListenerAdapter - Downloading https://repo.maven.apache.org/maven2/com/sun/xml/bind/jaxb-xjc/4.0.5/jaxb-xjc-4.0.5.jar
2025-04-01 17:58:15,437 [BasicRepositoryConnector-repo.maven.apache.org-0-2] INFO  o.e.m.c.i.e.AbstractTransferListenerAdapter - Downloading https://repo.maven.apache.org/maven2/com/sun/xml/bind/jaxb-core/4.0.5/jaxb-core-4.0.5.jar
2025-04-01 17:58:15,484 [BasicRepositoryConnector-repo.maven.apache.org-0-0] INFO  o.e.m.c.i.e.AbstractTransferListenerAdapter - Downloading https://repo.maven.apache.org/maven2/com/sun/xml/bind/jaxb-jxc/4.0.5/jaxb-jxc-4.0.5.jar
2025-04-01 17:58:15,583 [BasicRepositoryConnector-repo.maven.apache.org-0-2] INFO  o.e.m.c.i.e.AbstractTransferListenerAdapter - Downloaded https://repo.maven.apache.org/maven2/com/sun/xml/bind/jaxb-core/4.0.5/jaxb-core-4.0.5.jar
2025-04-01 17:58:15,594 [BasicRepositoryConnector-repo.maven.apache.org-0-3] INFO  o.e.m.c.i.e.AbstractTransferListenerAdapter - Downloaded https://repo.maven.apache.org/maven2/com/sun/xml/ws/jaxws-tools/2.3.1/jaxws-tools-2.3.1.jar
2025-04-01 17:58:15,610 [BasicRepositoryConnector-repo.maven.apache.org-0-0] INFO  o.e.m.c.i.e.AbstractTransferListenerAdapter - Downloaded https://repo.maven.apache.org/maven2/com/sun/xml/bind/jaxb-jxc/4.0.5/jaxb-jxc-4.0.5.jar
2025-04-01 17:58:15,626 [BasicRepositoryConnector-repo.maven.apache.org-0-2] INFO  o.e.m.c.i.e.AbstractTransferListenerAdapter - Downloading https://repo.maven.apache.org/maven2/com/sun/xml/bind/jaxb-impl/4.0.5/jaxb-impl-4.0.5.jar
2025-04-01 17:58:15,642 [BasicRepositoryConnector-repo.maven.apache.org-0-3] INFO  o.e.m.c.i.e.AbstractTransferListenerAdapter - Downloading https://repo.maven.apache.org/maven2/com/sun/xml/ws/jaxws-eclipselink-plugin/2.3.1/jaxws-eclipselink-plugin-2.3.1.jar
2025-04-01 17:58:15,657 [BasicRepositoryConnector-repo.maven.apache.org-0-3] INFO  o.e.m.c.i.e.AbstractTransferListenerAdapter - Downloaded https://repo.maven.apache.org/maven2/com/sun/xml/ws/jaxws-eclipselink-plugin/2.3.1/jaxws-eclipselink-plugin-2.3.1.jar
2025-04-01 17:58:15,659 [BasicRepositoryConnector-repo.maven.apache.org-0-0] INFO  o.e.m.c.i.e.AbstractTransferListenerAdapter - Downloading https://repo.maven.apache.org/maven2/javax/mail/mail/1.4.7/mail-1.4.7.jar
2025-04-01 17:58:15,705 [BasicRepositoryConnector-repo.maven.apache.org-0-3] INFO  o.e.m.c.i.e.AbstractTransferListenerAdapter - Downloading https://repo.maven.apache.org/maven2/javax/persistence/javax.persistence-api/2.2/javax.persistence-api-2.2.jar
2025-04-01 17:58:15,763 [BasicRepositoryConnector-repo.maven.apache.org-0-3] INFO  o.e.m.c.i.e.AbstractTransferListenerAdapter - Downloaded https://repo.maven.apache.org/maven2/javax/persistence/javax.persistence-api/2.2/javax.persistence-api-2.2.jar
2025-04-01 17:58:15,817 [BasicRepositoryConnector-repo.maven.apache.org-0-3] INFO  o.e.m.c.i.e.AbstractTransferListenerAdapter - Downloading https://repo.maven.apache.org/maven2/org/eclipse/persistence/org.eclipse.persistence.moxy/2.7.2/org.eclipse.persistence.moxy-2.7.2.jar
2025-04-01 17:58:15,933 [BasicRepositoryConnector-repo.maven.apache.org-0-3] INFO  o.e.m.c.i.e.AbstractTransferListenerAdapter - Downloaded https://repo.maven.apache.org/maven2/org/eclipse/persistence/org.eclipse.persistence.moxy/2.7.2/org.eclipse.persistence.moxy-2.7.2.jar
2025-04-01 17:58:15,958 [BasicRepositoryConnector-repo.maven.apache.org-0-1] INFO  o.e.m.c.i.e.AbstractTransferListenerAdapter - Downloaded https://repo.maven.apache.org/maven2/org/codehaus/woodstox/stax2-api/4.1/stax2-api-4.1.jar
2025-04-01 17:58:15,995 [BasicRepositoryConnector-repo.maven.apache.org-0-3] INFO  o.e.m.c.i.e.AbstractTransferListenerAdapter - Downloading https://repo.maven.apache.org/maven2/org/eclipse/persistence/org.eclipse.persistence.core/2.7.2/org.eclipse.persistence.core-2.7.2.jar
2025-04-01 17:58:16,085 [BasicRepositoryConnector-repo.maven.apache.org-0-1] INFO  o.e.m.c.i.e.AbstractTransferListenerAdapter - Downloading https://repo.maven.apache.org/maven2/org/eclipse/persistence/org.eclipse.persistence.asm/2.7.2/org.eclipse.persistence.asm-2.7.2.jar
2025-04-01 17:58:16,215 [BasicRepositoryConnector-repo.maven.apache.org-0-2] INFO  o.e.m.c.i.e.AbstractTransferListenerAdapter - Downloaded https://repo.maven.apache.org/maven2/com/sun/xml/bind/jaxb-impl/4.0.5/jaxb-impl-4.0.5.jar
2025-04-01 17:58:16,354 [BasicRepositoryConnector-repo.maven.apache.org-0-2] INFO  o.e.m.c.i.e.AbstractTransferListenerAdapter - Downloading https://repo.maven.apache.org/maven2/javax/validation/validation-api/1.1.0.Final/validation-api-1.1.0.Final.jar
2025-04-01 17:58:16,475 [BasicRepositoryConnector-repo.maven.apache.org-0-2] INFO  o.e.m.c.i.e.AbstractTransferListenerAdapter - Downloaded https://repo.maven.apache.org/maven2/javax/validation/validation-api/1.1.0.Final/validation-api-1.1.0.Final.jar
2025-04-01 17:58:16,529 [BasicRepositoryConnector-repo.maven.apache.org-0-0] INFO  o.e.m.c.i.e.AbstractTransferListenerAdapter - Downloaded https://repo.maven.apache.org/maven2/javax/mail/mail/1.4.7/mail-1.4.7.jar
2025-04-01 17:58:16,540 [BasicRepositoryConnector-repo.maven.apache.org-0-2] INFO  o.e.m.c.i.e.AbstractTransferListenerAdapter - Downloading https://repo.maven.apache.org/maven2/org/glassfish/javax.json/1.0.4/javax.json-1.0.4.jar
2025-04-01 17:58:16,569 [BasicRepositoryConnector-repo.maven.apache.org-0-0] INFO  o.e.m.c.i.e.AbstractTransferListenerAdapter - Downloading https://repo.maven.apache.org/maven2/com/sun/xml/ws/sdo-eclipselink-plugin/2.3.1/sdo-eclipselink-plugin-2.3.1.jar
2025-04-01 17:58:16,660 [BasicRepositoryConnector-repo.maven.apache.org-0-0] INFO  o.e.m.c.i.e.AbstractTransferListenerAdapter - Downloaded https://repo.maven.apache.org/maven2/com/sun/xml/ws/sdo-eclipselink-plugin/2.3.1/sdo-eclipselink-plugin-2.3.1.jar
2025-04-01 17:58:16,660 [BasicRepositoryConnector-repo.maven.apache.org-0-2] INFO  o.e.m.c.i.e.AbstractTransferListenerAdapter - Downloaded https://repo.maven.apache.org/maven2/org/glassfish/javax.json/1.0.4/javax.json-1.0.4.jar
2025-04-01 17:58:16,697 [BasicRepositoryConnector-repo.maven.apache.org-0-2] INFO  o.e.m.c.i.e.AbstractTransferListenerAdapter - Downloading https://repo.maven.apache.org/maven2/org/eclipse/persistence/commonj.sdo/2.1.1/commonj.sdo-2.1.1.jar
2025-04-01 17:58:16,704 [BasicRepositoryConnector-repo.maven.apache.org-0-0] INFO  o.e.m.c.i.e.AbstractTransferListenerAdapter - Downloading https://repo.maven.apache.org/maven2/org/eclipse/persistence/org.eclipse.persistence.sdo/2.7.2/org.eclipse.persistence.sdo-2.7.2.jar
2025-04-01 17:58:16,718 [BasicRepositoryConnector-repo.maven.apache.org-0-2] INFO  o.e.m.c.i.e.AbstractTransferListenerAdapter - Downloaded https://repo.maven.apache.org/maven2/org/eclipse/persistence/commonj.sdo/2.1.1/commonj.sdo-2.1.1.jar
2025-04-01 17:58:16,757 [BasicRepositoryConnector-repo.maven.apache.org-0-2] INFO  o.e.m.c.i.e.AbstractTransferListenerAdapter - Downloaded https://repo.maven.apache.org/maven2/commonj/sdo/commonj.sdo/2.1.1.v201112051852/commonj.sdo-2.1.1.v201112051852.jar
2025-04-01 17:58:16,803 [BasicRepositoryConnector-repo.maven.apache.org-0-2] INFO  o.e.m.c.i.e.AbstractTransferListenerAdapter - Downloading https://repo.maven.apache.org/maven2/com/sun/xml/ws/release-documentation/2.3.1/release-documentation-2.3.1-docbook.zip
2025-04-01 17:58:16,957 [BasicRepositoryConnector-repo.maven.apache.org-0-3] INFO  o.e.m.c.i.e.AbstractTransferListenerAdapter - Downloaded https://repo.maven.apache.org/maven2/org/eclipse/persistence/org.eclipse.persistence.core/2.7.2/org.eclipse.persistence.core-2.7.2.jar
2025-04-01 17:58:17,001 [BasicRepositoryConnector-repo.maven.apache.org-0-3] INFO  o.e.m.c.i.e.AbstractTransferListenerAdapter - Downloading https://repo.maven.apache.org/maven2/com/sun/xml/ws/samples/2.3.1/samples-2.3.1.zip
2025-04-01 17:58:17,087 [BasicRepositoryConnector-repo.maven.apache.org-0-3] INFO  o.e.m.c.i.e.AbstractTransferListenerAdapter - Downloaded https://repo.maven.apache.org/maven2/com/sun/xml/ws/samples/2.3.1/samples-2.3.1.zip
2025-04-01 17:58:17,130 [BasicRepositoryConnector-repo.maven.apache.org-0-3] INFO  o.e.m.c.i.e.AbstractTransferListenerAdapter - Downloading https://repo.maven.apache.org/maven2/javax/jws/javax.jws-api/1.1/javax.jws-api-1.1.jar
2025-04-01 17:58:17,140 [BasicRepositoryConnector-repo.maven.apache.org-0-3] INFO  o.e.m.c.i.e.AbstractTransferListenerAdapter - Downloaded https://repo.maven.apache.org/maven2/javax/jws/javax.jws-api/1.1/javax.jws-api-1.1.jar
2025-04-01 17:58:17,192 [BasicRepositoryConnector-repo.maven.apache.org-0-0] INFO  o.e.m.c.i.e.AbstractTransferListenerAdapter - Downloaded https://repo.maven.apache.org/maven2/org/eclipse/persistence/org.eclipse.persistence.sdo/2.7.2/org.eclipse.persistence.sdo-2.7.2.jar
2025-04-01 17:58:17,421 [BasicRepositoryConnector-repo.maven.apache.org-0-2] INFO  o.e.m.c.i.e.AbstractTransferListenerAdapter - Downloaded https://repo.maven.apache.org/maven2/com/sun/xml/ws/release-documentation/2.3.1/release-documentation-2.3.1-docbook.zip
2025-04-01 17:58:18,370 [BasicRepositoryConnector-repo.maven.apache.org-0-4] INFO  o.e.m.c.i.e.AbstractTransferListenerAdapter - Downloaded https://repo.maven.apache.org/maven2/com/sun/xml/bind/jaxb-xjc/4.0.5/jaxb-xjc-4.0.5.jar
2025-04-01 17:58:20,190 [BasicRepositoryConnector-repo.maven.apache.org-0-1] INFO  o.e.m.c.i.e.AbstractTransferListenerAdapter - Downloaded https://repo.maven.apache.org/maven2/org/eclipse/persistence/org.eclipse.persistence.asm/2.7.2/org.eclipse.persistence.asm-2.7.2.jar
2025-04-01 17:58:21,591 [Worker-24: Building] INFO  o.e.m.c.i.e.AbstractTransferListenerAdapter - Downloaded http://maven.java.net/content/repositories/releases/commonj/sdo/commonj.sdo/2.1.1.v201112051852/commonj.sdo-2.1.1.v201112051852.jar
2025-04-01 17:58:22,615 [Worker-24: Building] INFO  o.e.m.c.i.e.AbstractTransferListenerAdapter - Downloaded http://maven.java.net/content/repositories/staging/commonj/sdo/commonj.sdo/2.1.1.v201112051852/commonj.sdo-2.1.1.v201112051852.jar
2025-04-01 17:58:23,443 [Worker-24: Building] INFO  o.e.m.c.i.e.AbstractTransferListenerAdapter - Downloading http://download.eclipse.org/rt/eclipselink/maven.repo/commonj/sdo/commonj.sdo/2.1.1.v201112051852/commonj.sdo-2.1.1.v201112051852.jar
2025-04-01 17:58:24,186 [Worker-24: Building] INFO  o.e.m.c.i.e.AbstractTransferListenerAdapter - Downloaded http://download.eclipse.org/rt/eclipselink/maven.repo/commonj/sdo/commonj.sdo/2.1.1.v201112051852/commonj.sdo-2.1.1.v201112051852.jar
2025-04-01 17:58:24,648 [Worker-24: Building] INFO  o.a.m.s.f.DefaultMavenResourcesFiltering - Copying 1 resource from src\main\resources to target\classes
2025-04-01 17:58:24,657 [Worker-24: Building] INFO  o.a.m.s.f.DefaultMavenResourcesFiltering - Copying 0 resource from src\main\resources to target\classes
2025-04-01 17:58:24,661 [Worker-24: Building] INFO  o.a.m.s.f.DefaultMavenResourcesFiltering - skip non existing resourceDirectory E:\socappback\circleup-backend\src\test\resources
2025-04-01 17:58:25,559 [Worker-26: Download sources and javadoc] INFO  o.e.m.c.i.e.AbstractTransferListenerAdapter - Downloading https://repo.maven.apache.org/maven2/javax/xml/ws/jaxws-api/2.3.1/jaxws-api-2.3.1-sources.jar
2025-04-01 17:58:25,673 [Worker-26: Download sources and javadoc] INFO  o.e.m.c.i.e.AbstractTransferListenerAdapter - Downloaded https://repo.maven.apache.org/maven2/javax/xml/ws/jaxws-api/2.3.1/jaxws-api-2.3.1-sources.jar
2025-04-01 17:58:25,681 [Worker-26: Download sources and javadoc] INFO  o.e.m.j.internal.DownloadSourcesJob - Downloaded sources for javax.xml.ws:jaxws-api:2.3.1
2025-04-01 17:58:25,806 [Worker-26: Download sources and javadoc] INFO  o.e.m.c.i.e.AbstractTransferListenerAdapter - Downloading https://repo.maven.apache.org/maven2/javax/xml/bind/jaxb-api/2.3.1/jaxb-api-2.3.1-sources.jar
2025-04-01 17:58:25,934 [Worker-26: Download sources and javadoc] INFO  o.e.m.c.i.e.AbstractTransferListenerAdapter - Downloaded https://repo.maven.apache.org/maven2/javax/xml/bind/jaxb-api/2.3.1/jaxb-api-2.3.1-sources.jar
2025-04-01 17:58:25,941 [Worker-26: Download sources and javadoc] INFO  o.e.m.j.internal.DownloadSourcesJob - Downloaded sources for javax.xml.bind:jaxb-api:2.3.1
2025-04-01 17:58:26,053 [Worker-26: Download sources and javadoc] INFO  o.e.m.c.i.e.AbstractTransferListenerAdapter - Downloading https://repo.maven.apache.org/maven2/javax/activation/javax.activation-api/1.2.0/javax.activation-api-1.2.0-sources.jar
2025-04-01 17:58:26,104 [Worker-26: Download sources and javadoc] INFO  o.e.m.c.i.e.AbstractTransferListenerAdapter - Downloaded https://repo.maven.apache.org/maven2/javax/activation/javax.activation-api/1.2.0/javax.activation-api-1.2.0-sources.jar
2025-04-01 17:58:26,110 [Worker-26: Download sources and javadoc] INFO  o.e.m.j.internal.DownloadSourcesJob - Downloaded sources for javax.activation:javax.activation-api:1.2.0
2025-04-01 17:58:26,272 [Worker-26: Download sources and javadoc] INFO  o.e.m.c.i.e.AbstractTransferListenerAdapter - Downloading https://repo.maven.apache.org/maven2/javax/xml/soap/javax.xml.soap-api/1.4.0/javax.xml.soap-api-1.4.0-sources.jar
2025-04-01 17:58:26,343 [Worker-26: Download sources and javadoc] INFO  o.e.m.c.i.e.AbstractTransferListenerAdapter - Downloaded https://repo.maven.apache.org/maven2/javax/xml/soap/javax.xml.soap-api/1.4.0/javax.xml.soap-api-1.4.0-sources.jar
2025-04-01 17:58:26,353 [Worker-26: Download sources and javadoc] INFO  o.e.m.j.internal.DownloadSourcesJob - Downloaded sources for javax.xml.soap:javax.xml.soap-api:1.4.0
2025-04-01 17:58:26,529 [Worker-26: Download sources and javadoc] INFO  o.e.m.c.i.e.AbstractTransferListenerAdapter - Downloading https://repo.maven.apache.org/maven2/javax/annotation/javax.annotation-api/1.3.2/javax.annotation-api-1.3.2-sources.jar
2025-04-01 17:58:26,611 [Worker-26: Download sources and javadoc] INFO  o.e.m.c.i.e.AbstractTransferListenerAdapter - Downloaded https://repo.maven.apache.org/maven2/javax/annotation/javax.annotation-api/1.3.2/javax.annotation-api-1.3.2-sources.jar
2025-04-01 17:58:26,619 [Worker-26: Download sources and javadoc] INFO  o.e.m.j.internal.DownloadSourcesJob - Downloaded sources for javax.annotation:javax.annotation-api:1.3.2
2025-04-01 17:58:27,378 [Worker-26: Download sources and javadoc] INFO  o.e.m.c.i.e.AbstractTransferListenerAdapter - Downloaded https://repo.maven.apache.org/maven2/com/sun/xml/ws/jaxws-ri/2.3.1/jaxws-ri-2.3.1-sources.jar
2025-04-01 17:58:27,390 [Worker-26: Download sources and javadoc] ERROR o.e.m.j.internal.DownloadSourcesJob - Could not download sources for com.sun.xml.ws:jaxws-ri:2.3.1
org.eclipse.core.runtime.CoreException: Could not resolve artifact com.sun.xml.ws:jaxws-ri:jar:sources:2.3.1
	at org.eclipse.m2e.core.internal.embedder.MavenImpl.lambda$7(MavenImpl.java:540)
	at org.eclipse.m2e.core.internal.embedder.MavenExecutionContext.executeBare(MavenExecutionContext.java:458)
	at org.eclipse.m2e.core.internal.embedder.MavenExecutionContext.execute(MavenExecutionContext.java:292)
	at org.eclipse.m2e.core.internal.embedder.MavenExecutionContext.execute(MavenExecutionContext.java:278)
	at org.eclipse.m2e.core.internal.embedder.MavenImpl.resolve(MavenImpl.java:509)
	at org.eclipse.m2e.core.internal.embedder.MavenImpl.resolve(MavenImpl.java:494)
	at org.eclipse.m2e.jdt.internal.DownloadSourcesJob.download(DownloadSourcesJob.java:308)
	at org.eclipse.m2e.jdt.internal.DownloadSourcesJob.downloadAttachments(DownloadSourcesJob.java:282)
	at org.eclipse.m2e.jdt.internal.DownloadSourcesJob.downloadMaven(DownloadSourcesJob.java:252)
	at org.eclipse.m2e.jdt.internal.DownloadSourcesJob.downloadFilesAndPopulateToUpdate(DownloadSourcesJob.java:220)
	at org.eclipse.m2e.jdt.internal.DownloadSourcesJob.lambda$0(DownloadSourcesJob.java:149)
	at org.eclipse.m2e.core.internal.embedder.MavenExecutionContext.executeBare(MavenExecutionContext.java:458)
	at org.eclipse.m2e.core.internal.embedder.MavenExecutionContext.execute(MavenExecutionContext.java:339)
	at org.eclipse.m2e.core.internal.embedder.MavenExecutionContext.execute(MavenExecutionContext.java:278)
	at org.eclipse.m2e.core.embedder.IMaven.execute(IMaven.java:300)
	at org.eclipse.m2e.jdt.internal.DownloadSourcesJob.run(DownloadSourcesJob.java:149)
	at org.eclipse.core.internal.jobs.Worker.run(Worker.java:63)
2025-04-01 17:58:28,566 [Worker-26: Download sources and javadoc] INFO  o.e.m.c.i.e.AbstractTransferListenerAdapter - Downloading https://repo.maven.apache.org/maven2/com/sun/xml/ws/jaxws-rt/2.3.1/jaxws-rt-2.3.1-sources.jar
2025-04-01 17:58:31,610 [Worker-26: Download sources and javadoc] INFO  o.e.m.c.i.e.AbstractTransferListenerAdapter - Downloaded https://repo.maven.apache.org/maven2/com/sun/xml/ws/jaxws-rt/2.3.1/jaxws-rt-2.3.1-sources.jar
2025-04-01 17:58:31,615 [Worker-26: Download sources and javadoc] INFO  o.e.m.j.internal.DownloadSourcesJob - Downloaded sources for com.sun.xml.ws:jaxws-rt:2.3.1
2025-04-01 17:58:31,730 [Worker-26: Download sources and javadoc] INFO  o.e.m.c.i.e.AbstractTransferListenerAdapter - Downloading https://repo.maven.apache.org/maven2/com/sun/xml/ws/policy/2.7.5/policy-2.7.5-sources.jar
2025-04-01 17:58:31,833 [Worker-26: Download sources and javadoc] INFO  o.e.m.c.i.e.AbstractTransferListenerAdapter - Downloaded https://repo.maven.apache.org/maven2/com/sun/xml/ws/policy/2.7.5/policy-2.7.5-sources.jar
2025-04-01 17:58:31,840 [Worker-26: Download sources and javadoc] INFO  o.e.m.j.internal.DownloadSourcesJob - Downloaded sources for com.sun.xml.ws:policy:2.7.5
2025-04-01 17:58:32,005 [Worker-26: Download sources and javadoc] INFO  o.e.m.c.i.e.AbstractTransferListenerAdapter - Downloading https://repo.maven.apache.org/maven2/com/sun/activation/javax.activation/1.2.0/javax.activation-1.2.0-sources.jar
2025-04-01 17:58:32,082 [Worker-26: Download sources and javadoc] INFO  o.e.m.c.i.e.AbstractTransferListenerAdapter - Downloaded https://repo.maven.apache.org/maven2/com/sun/activation/javax.activation/1.2.0/javax.activation-1.2.0-sources.jar
2025-04-01 17:58:32,087 [Worker-26: Download sources and javadoc] INFO  o.e.m.j.internal.DownloadSourcesJob - Downloaded sources for com.sun.activation:javax.activation:1.2.0
2025-04-01 17:58:32,431 [Worker-26: Download sources and javadoc] INFO  o.e.m.c.i.e.AbstractTransferListenerAdapter - Downloaded https://repo.maven.apache.org/maven2/org/glassfish/gmbal/gmbal-api-only/3.1.0-b001/gmbal-api-only-3.1.0-b001-sources.jar
2025-04-01 17:58:32,445 [Worker-26: Download sources and javadoc] ERROR o.e.m.j.internal.DownloadSourcesJob - Could not download sources for org.glassfish.gmbal:gmbal-api-only:3.1.0-b001
org.eclipse.core.runtime.CoreException: Could not resolve artifact org.glassfish.gmbal:gmbal-api-only:jar:sources:3.1.0-b001
	at org.eclipse.m2e.core.internal.embedder.MavenImpl.lambda$7(MavenImpl.java:540)
	at org.eclipse.m2e.core.internal.embedder.MavenExecutionContext.executeBare(MavenExecutionContext.java:458)
	at org.eclipse.m2e.core.internal.embedder.MavenExecutionContext.execute(MavenExecutionContext.java:292)
	at org.eclipse.m2e.core.internal.embedder.MavenExecutionContext.execute(MavenExecutionContext.java:278)
	at org.eclipse.m2e.core.internal.embedder.MavenImpl.resolve(MavenImpl.java:509)
	at org.eclipse.m2e.core.internal.embedder.MavenImpl.resolve(MavenImpl.java:494)
	at org.eclipse.m2e.jdt.internal.DownloadSourcesJob.download(DownloadSourcesJob.java:308)
	at org.eclipse.m2e.jdt.internal.DownloadSourcesJob.downloadAttachments(DownloadSourcesJob.java:282)
	at org.eclipse.m2e.jdt.internal.DownloadSourcesJob.downloadMaven(DownloadSourcesJob.java:252)
	at org.eclipse.m2e.jdt.internal.DownloadSourcesJob.downloadFilesAndPopulateToUpdate(DownloadSourcesJob.java:220)
	at org.eclipse.m2e.jdt.internal.DownloadSourcesJob.lambda$0(DownloadSourcesJob.java:149)
	at org.eclipse.m2e.core.internal.embedder.MavenExecutionContext.executeBare(MavenExecutionContext.java:458)
	at org.eclipse.m2e.core.internal.embedder.MavenExecutionContext.execute(MavenExecutionContext.java:339)
	at org.eclipse.m2e.core.internal.embedder.MavenExecutionContext.execute(MavenExecutionContext.java:278)
	at org.eclipse.m2e.core.embedder.IMaven.execute(IMaven.java:300)
	at org.eclipse.m2e.jdt.internal.DownloadSourcesJob.run(DownloadSourcesJob.java:149)
	at org.eclipse.core.internal.jobs.Worker.run(Worker.java:63)
2025-04-01 17:58:35,810 [Worker-26: Download sources and javadoc] INFO  o.e.m.c.i.e.AbstractTransferListenerAdapter - Downloaded https://repo.maven.apache.org/maven2/org/glassfish/external/management-api/3.0.0-b012/management-api-3.0.0-b012-sources.jar
2025-04-01 17:58:35,824 [Worker-26: Download sources and javadoc] ERROR o.e.m.j.internal.DownloadSourcesJob - Could not download sources for org.glassfish.external:management-api:3.0.0-b012
org.eclipse.core.runtime.CoreException: Could not resolve artifact org.glassfish.external:management-api:jar:sources:3.0.0-b012
	at org.eclipse.m2e.core.internal.embedder.MavenImpl.lambda$7(MavenImpl.java:540)
	at org.eclipse.m2e.core.internal.embedder.MavenExecutionContext.executeBare(MavenExecutionContext.java:458)
	at org.eclipse.m2e.core.internal.embedder.MavenExecutionContext.execute(MavenExecutionContext.java:292)
	at org.eclipse.m2e.core.internal.embedder.MavenExecutionContext.execute(MavenExecutionContext.java:278)
	at org.eclipse.m2e.core.internal.embedder.MavenImpl.resolve(MavenImpl.java:509)
	at org.eclipse.m2e.core.internal.embedder.MavenImpl.resolve(MavenImpl.java:494)
	at org.eclipse.m2e.jdt.internal.DownloadSourcesJob.download(DownloadSourcesJob.java:308)
	at org.eclipse.m2e.jdt.internal.DownloadSourcesJob.downloadAttachments(DownloadSourcesJob.java:282)
	at org.eclipse.m2e.jdt.internal.DownloadSourcesJob.downloadMaven(DownloadSourcesJob.java:252)
	at org.eclipse.m2e.jdt.internal.DownloadSourcesJob.downloadFilesAndPopulateToUpdate(DownloadSourcesJob.java:220)
	at org.eclipse.m2e.jdt.internal.DownloadSourcesJob.lambda$0(DownloadSourcesJob.java:149)
	at org.eclipse.m2e.core.internal.embedder.MavenExecutionContext.executeBare(MavenExecutionContext.java:458)
	at org.eclipse.m2e.core.internal.embedder.MavenExecutionContext.execute(MavenExecutionContext.java:339)
	at org.eclipse.m2e.core.internal.embedder.MavenExecutionContext.execute(MavenExecutionContext.java:278)
	at org.eclipse.m2e.core.embedder.IMaven.execute(IMaven.java:300)
	at org.eclipse.m2e.jdt.internal.DownloadSourcesJob.run(DownloadSourcesJob.java:149)
	at org.eclipse.core.internal.jobs.Worker.run(Worker.java:63)
2025-04-01 17:58:35,960 [Worker-26: Download sources and javadoc] INFO  o.e.m.c.i.e.AbstractTransferListenerAdapter - Downloading https://repo.maven.apache.org/maven2/org/jvnet/staxex/stax-ex/2.1.0/stax-ex-2.1.0-sources.jar
2025-04-01 17:58:36,237 [Worker-26: Download sources and javadoc] INFO  o.e.m.c.i.e.AbstractTransferListenerAdapter - Downloaded https://repo.maven.apache.org/maven2/org/jvnet/staxex/stax-ex/2.1.0/stax-ex-2.1.0-sources.jar
2025-04-01 17:58:36,245 [Worker-26: Download sources and javadoc] INFO  o.e.m.j.internal.DownloadSourcesJob - Downloaded sources for org.jvnet.staxex:stax-ex:2.1.0
2025-04-01 17:58:36,699 [Worker-26: Download sources and javadoc] INFO  o.e.m.c.i.e.AbstractTransferListenerAdapter - Downloading https://repo.maven.apache.org/maven2/com/sun/xml/stream/buffer/streambuffer/1.5.6/streambuffer-1.5.6-sources.jar
2025-04-01 17:58:36,766 [Worker-26: Download sources and javadoc] INFO  o.e.m.c.i.e.AbstractTransferListenerAdapter - Downloaded https://repo.maven.apache.org/maven2/com/sun/xml/stream/buffer/streambuffer/1.5.6/streambuffer-1.5.6-sources.jar
2025-04-01 17:58:36,773 [Worker-26: Download sources and javadoc] INFO  o.e.m.j.internal.DownloadSourcesJob - Downloaded sources for com.sun.xml.stream.buffer:streambuffer:1.5.6
2025-04-01 17:58:37,151 [Worker-26: Download sources and javadoc] INFO  o.e.m.c.i.e.AbstractTransferListenerAdapter - Downloading https://repo.maven.apache.org/maven2/org/jvnet/mimepull/mimepull/1.9.10/mimepull-1.9.10-sources.jar
2025-04-01 17:58:37,205 [Worker-26: Download sources and javadoc] INFO  o.e.m.c.i.e.AbstractTransferListenerAdapter - Downloaded https://repo.maven.apache.org/maven2/org/jvnet/mimepull/mimepull/1.9.10/mimepull-1.9.10-sources.jar
2025-04-01 17:58:37,212 [Worker-26: Download sources and javadoc] INFO  o.e.m.j.internal.DownloadSourcesJob - Downloaded sources for org.jvnet.mimepull:mimepull:1.9.10
2025-04-01 17:58:37,332 [Worker-26: Download sources and javadoc] INFO  o.e.m.c.i.e.AbstractTransferListenerAdapter - Downloading https://repo.maven.apache.org/maven2/com/sun/xml/fastinfoset/FastInfoset/2.1.1/FastInfoset-2.1.1-sources.jar
2025-04-01 17:58:37,453 [Worker-26: Download sources and javadoc] INFO  o.e.m.c.i.e.AbstractTransferListenerAdapter - Downloaded https://repo.maven.apache.org/maven2/com/sun/xml/fastinfoset/FastInfoset/2.1.1/FastInfoset-2.1.1-sources.jar
2025-04-01 17:58:37,461 [Worker-26: Download sources and javadoc] INFO  o.e.m.j.internal.DownloadSourcesJob - Downloaded sources for com.sun.xml.fastinfoset:FastInfoset:2.1.1
2025-04-01 17:58:38,767 [Worker-26: Download sources and javadoc] INFO  o.e.m.c.i.e.AbstractTransferListenerAdapter - Downloading https://repo.maven.apache.org/maven2/org/glassfish/ha/ha-api/3.1.9/ha-api-3.1.9-sources.jar
2025-04-01 17:58:38,812 [Worker-26: Download sources and javadoc] INFO  o.e.m.c.i.e.AbstractTransferListenerAdapter - Downloaded https://repo.maven.apache.org/maven2/org/glassfish/ha/ha-api/3.1.9/ha-api-3.1.9-sources.jar
2025-04-01 17:58:38,818 [Worker-26: Download sources and javadoc] INFO  o.e.m.j.internal.DownloadSourcesJob - Downloaded sources for org.glassfish.ha:ha-api:3.1.9
2025-04-01 17:58:38,925 [Worker-26: Download sources and javadoc] INFO  o.e.m.c.i.e.AbstractTransferListenerAdapter - Downloading https://repo.maven.apache.org/maven2/com/sun/xml/messaging/saaj/saaj-impl/3.0.4/saaj-impl-3.0.4-sources.jar
2025-04-01 17:58:39,065 [Worker-26: Download sources and javadoc] INFO  o.e.m.c.i.e.AbstractTransferListenerAdapter - Downloaded https://repo.maven.apache.org/maven2/com/sun/xml/messaging/saaj/saaj-impl/3.0.4/saaj-impl-3.0.4-sources.jar
2025-04-01 17:58:39,072 [Worker-26: Download sources and javadoc] INFO  o.e.m.j.internal.DownloadSourcesJob - Downloaded sources for com.sun.xml.messaging.saaj:saaj-impl:3.0.4
2025-04-01 17:58:39,172 [Worker-26: Download sources and javadoc] INFO  o.e.m.c.i.e.AbstractTransferListenerAdapter - Downloading https://repo.maven.apache.org/maven2/jakarta/xml/soap/jakarta.xml.soap-api/3.0.2/jakarta.xml.soap-api-3.0.2-sources.jar
2025-04-01 17:58:39,216 [Worker-26: Download sources and javadoc] INFO  o.e.m.c.i.e.AbstractTransferListenerAdapter - Downloaded https://repo.maven.apache.org/maven2/jakarta/xml/soap/jakarta.xml.soap-api/3.0.2/jakarta.xml.soap-api-3.0.2-sources.jar
2025-04-01 17:58:39,222 [Worker-26: Download sources and javadoc] INFO  o.e.m.j.internal.DownloadSourcesJob - Downloaded sources for jakarta.xml.soap:jakarta.xml.soap-api:3.0.2
2025-04-01 17:58:39,346 [Worker-26: Download sources and javadoc] INFO  o.e.m.c.i.e.AbstractTransferListenerAdapter - Downloading https://repo.maven.apache.org/maven2/com/fasterxml/woodstox/woodstox-core/5.1.0/woodstox-core-5.1.0-sources.jar
2025-04-01 17:58:39,499 [Worker-26: Download sources and javadoc] INFO  o.e.m.c.i.e.AbstractTransferListenerAdapter - Downloaded https://repo.maven.apache.org/maven2/com/fasterxml/woodstox/woodstox-core/5.1.0/woodstox-core-5.1.0-sources.jar
2025-04-01 17:58:39,505 [Worker-26: Download sources and javadoc] INFO  o.e.m.j.internal.DownloadSourcesJob - Downloaded sources for com.fasterxml.woodstox:woodstox-core:5.1.0
2025-04-01 17:58:39,654 [Worker-26: Download sources and javadoc] INFO  o.e.m.c.i.e.AbstractTransferListenerAdapter - Downloading https://repo.maven.apache.org/maven2/org/codehaus/woodstox/stax2-api/4.1/stax2-api-4.1-sources.jar
2025-04-01 17:58:39,766 [Worker-26: Download sources and javadoc] INFO  o.e.m.c.i.e.AbstractTransferListenerAdapter - Downloaded https://repo.maven.apache.org/maven2/org/codehaus/woodstox/stax2-api/4.1/stax2-api-4.1-sources.jar
2025-04-01 17:58:39,774 [Worker-26: Download sources and javadoc] INFO  o.e.m.j.internal.DownloadSourcesJob - Downloaded sources for org.codehaus.woodstox:stax2-api:4.1
2025-04-01 17:58:40,222 [Worker-26: Download sources and javadoc] INFO  o.e.m.c.i.e.AbstractTransferListenerAdapter - Downloading https://repo.maven.apache.org/maven2/com/sun/xml/ws/jaxws-tools/2.3.1/jaxws-tools-2.3.1-sources.jar
2025-04-01 17:58:41,028 [Worker-26: Download sources and javadoc] INFO  o.e.m.c.i.e.AbstractTransferListenerAdapter - Downloaded https://repo.maven.apache.org/maven2/com/sun/xml/ws/jaxws-tools/2.3.1/jaxws-tools-2.3.1-sources.jar
2025-04-01 17:58:41,034 [Worker-26: Download sources and javadoc] INFO  o.e.m.j.internal.DownloadSourcesJob - Downloaded sources for com.sun.xml.ws:jaxws-tools:2.3.1
2025-04-01 17:58:41,144 [Worker-26: Download sources and javadoc] INFO  o.e.m.c.i.e.AbstractTransferListenerAdapter - Downloading https://repo.maven.apache.org/maven2/com/sun/xml/bind/jaxb-xjc/4.0.5/jaxb-xjc-4.0.5-sources.jar
2025-04-01 17:58:41,599 [Worker-26: Download sources and javadoc] INFO  o.e.m.c.i.e.AbstractTransferListenerAdapter - Downloaded https://repo.maven.apache.org/maven2/com/sun/xml/bind/jaxb-xjc/4.0.5/jaxb-xjc-4.0.5-sources.jar
2025-04-01 17:58:41,605 [Worker-26: Download sources and javadoc] INFO  o.e.m.j.internal.DownloadSourcesJob - Downloaded sources for com.sun.xml.bind:jaxb-xjc:4.0.5
2025-04-01 17:58:41,732 [Worker-26: Download sources and javadoc] INFO  o.e.m.c.i.e.AbstractTransferListenerAdapter - Downloading https://repo.maven.apache.org/maven2/com/sun/xml/bind/jaxb-core/4.0.5/jaxb-core-4.0.5-sources.jar
2025-04-01 17:58:41,833 [Worker-26: Download sources and javadoc] INFO  o.e.m.c.i.e.AbstractTransferListenerAdapter - Downloaded https://repo.maven.apache.org/maven2/com/sun/xml/bind/jaxb-core/4.0.5/jaxb-core-4.0.5-sources.jar
2025-04-01 17:58:41,840 [Worker-26: Download sources and javadoc] INFO  o.e.m.j.internal.DownloadSourcesJob - Downloaded sources for com.sun.xml.bind:jaxb-core:4.0.5
2025-04-01 17:58:42,050 [Worker-26: Download sources and javadoc] INFO  o.e.m.c.i.e.AbstractTransferListenerAdapter - Downloading https://repo.maven.apache.org/maven2/com/sun/xml/bind/jaxb-jxc/4.0.5/jaxb-jxc-4.0.5-sources.jar
2025-04-01 17:58:42,119 [Worker-26: Download sources and javadoc] INFO  o.e.m.c.i.e.AbstractTransferListenerAdapter - Downloaded https://repo.maven.apache.org/maven2/com/sun/xml/bind/jaxb-jxc/4.0.5/jaxb-jxc-4.0.5-sources.jar
2025-04-01 17:58:42,125 [Worker-26: Download sources and javadoc] INFO  o.e.m.j.internal.DownloadSourcesJob - Downloaded sources for com.sun.xml.bind:jaxb-jxc:4.0.5
2025-04-01 17:58:42,251 [Worker-26: Download sources and javadoc] INFO  o.e.m.c.i.e.AbstractTransferListenerAdapter - Downloading https://repo.maven.apache.org/maven2/com/sun/xml/bind/jaxb-impl/4.0.5/jaxb-impl-4.0.5-sources.jar
2025-04-01 17:58:43,525 [Worker-26: Download sources and javadoc] INFO  o.e.m.c.i.e.AbstractTransferListenerAdapter - Downloaded https://repo.maven.apache.org/maven2/com/sun/xml/bind/jaxb-impl/4.0.5/jaxb-impl-4.0.5-sources.jar
2025-04-01 17:58:43,532 [Worker-26: Download sources and javadoc] INFO  o.e.m.j.internal.DownloadSourcesJob - Downloaded sources for com.sun.xml.bind:jaxb-impl:4.0.5
2025-04-01 17:58:44,119 [Worker-26: Download sources and javadoc] INFO  o.e.m.c.i.e.AbstractTransferListenerAdapter - Downloading https://repo.maven.apache.org/maven2/com/sun/xml/ws/jaxws-eclipselink-plugin/2.3.1/jaxws-eclipselink-plugin-2.3.1-sources.jar
2025-04-01 17:58:44,133 [Worker-26: Download sources and javadoc] INFO  o.e.m.c.i.e.AbstractTransferListenerAdapter - Downloaded https://repo.maven.apache.org/maven2/com/sun/xml/ws/jaxws-eclipselink-plugin/2.3.1/jaxws-eclipselink-plugin-2.3.1-sources.jar
2025-04-01 17:58:44,138 [Worker-26: Download sources and javadoc] INFO  o.e.m.j.internal.DownloadSourcesJob - Downloaded sources for com.sun.xml.ws:jaxws-eclipselink-plugin:2.3.1
2025-04-01 17:58:54,142 [Worker-26: Download sources and javadoc] INFO  o.e.m.c.i.e.AbstractTransferListenerAdapter - Downloaded https://repo.maven.apache.org/maven2/javax/mail/mail/1.4.7/mail-1.4.7-sources.jar
2025-04-01 17:58:54,149 [Worker-26: Download sources and javadoc] ERROR o.e.m.j.internal.DownloadSourcesJob - Could not download sources for javax.mail:mail:1.4.7
org.eclipse.core.runtime.CoreException: Could not resolve artifact javax.mail:mail:jar:sources:1.4.7
	at org.eclipse.m2e.core.internal.embedder.MavenImpl.lambda$7(MavenImpl.java:540)
	at org.eclipse.m2e.core.internal.embedder.MavenExecutionContext.executeBare(MavenExecutionContext.java:458)
	at org.eclipse.m2e.core.internal.embedder.MavenExecutionContext.execute(MavenExecutionContext.java:292)
	at org.eclipse.m2e.core.internal.embedder.MavenExecutionContext.execute(MavenExecutionContext.java:278)
	at org.eclipse.m2e.core.internal.embedder.MavenImpl.resolve(MavenImpl.java:509)
	at org.eclipse.m2e.core.internal.embedder.MavenImpl.resolve(MavenImpl.java:494)
	at org.eclipse.m2e.jdt.internal.DownloadSourcesJob.download(DownloadSourcesJob.java:308)
	at org.eclipse.m2e.jdt.internal.DownloadSourcesJob.downloadAttachments(DownloadSourcesJob.java:282)
	at org.eclipse.m2e.jdt.internal.DownloadSourcesJob.downloadMaven(DownloadSourcesJob.java:252)
	at org.eclipse.m2e.jdt.internal.DownloadSourcesJob.downloadFilesAndPopulateToUpdate(DownloadSourcesJob.java:220)
	at org.eclipse.m2e.jdt.internal.DownloadSourcesJob.lambda$0(DownloadSourcesJob.java:149)
	at org.eclipse.m2e.core.internal.embedder.MavenExecutionContext.executeBare(MavenExecutionContext.java:458)
	at org.eclipse.m2e.core.internal.embedder.MavenExecutionContext.execute(MavenExecutionContext.java:339)
	at org.eclipse.m2e.core.internal.embedder.MavenExecutionContext.execute(MavenExecutionContext.java:278)
	at org.eclipse.m2e.core.embedder.IMaven.execute(IMaven.java:300)
	at org.eclipse.m2e.jdt.internal.DownloadSourcesJob.run(DownloadSourcesJob.java:149)
	at org.eclipse.core.internal.jobs.Worker.run(Worker.java:63)
2025-04-01 17:58:54,329 [Worker-26: Download sources and javadoc] INFO  o.e.m.c.i.e.AbstractTransferListenerAdapter - Downloading https://repo.maven.apache.org/maven2/javax/persistence/javax.persistence-api/2.2/javax.persistence-api-2.2-sources.jar
2025-04-01 17:58:54,446 [Worker-26: Download sources and javadoc] INFO  o.e.m.c.i.e.AbstractTransferListenerAdapter - Downloaded https://repo.maven.apache.org/maven2/javax/persistence/javax.persistence-api/2.2/javax.persistence-api-2.2-sources.jar
2025-04-01 17:58:54,452 [Worker-26: Download sources and javadoc] INFO  o.e.m.j.internal.DownloadSourcesJob - Downloaded sources for javax.persistence:javax.persistence-api:2.2
2025-04-01 17:58:54,863 [Worker-26: Download sources and javadoc] INFO  o.e.m.c.i.e.AbstractTransferListenerAdapter - Downloading https://repo.maven.apache.org/maven2/org/eclipse/persistence/org.eclipse.persistence.moxy/2.7.2/org.eclipse.persistence.moxy-2.7.2-sources.jar
2025-04-01 17:58:55,145 [Worker-26: Download sources and javadoc] INFO  o.e.m.c.i.e.AbstractTransferListenerAdapter - Downloaded https://repo.maven.apache.org/maven2/org/eclipse/persistence/org.eclipse.persistence.moxy/2.7.2/org.eclipse.persistence.moxy-2.7.2-sources.jar
2025-04-01 17:58:55,150 [Worker-26: Download sources and javadoc] INFO  o.e.m.j.internal.DownloadSourcesJob - Downloaded sources for org.eclipse.persistence:org.eclipse.persistence.moxy:2.7.2
2025-04-01 17:58:55,880 [Worker-26: Download sources and javadoc] INFO  o.e.m.c.i.e.AbstractTransferListenerAdapter - Downloading https://repo.maven.apache.org/maven2/org/eclipse/persistence/org.eclipse.persistence.core/2.7.2/org.eclipse.persistence.core-2.7.2-sources.jar
2025-04-01 17:58:58,238 [Worker-27: Building] INFO  o.a.m.s.f.DefaultMavenResourcesFiltering - Copying 0 resource from src\main\resources to target\classes
2025-04-01 17:58:58,239 [Worker-27: Building] INFO  o.a.m.s.f.DefaultMavenResourcesFiltering - Copying 0 resource from src\main\resources to target\classes
2025-04-01 17:58:58,243 [Worker-27: Building] INFO  o.a.m.s.f.DefaultMavenResourcesFiltering - skip non existing resourceDirectory E:\socappback\circleup-backend\src\test\resources
2025-04-01 17:58:59,041 [Worker-26: Download sources and javadoc] INFO  o.e.m.c.i.e.AbstractTransferListenerAdapter - Downloaded https://repo.maven.apache.org/maven2/org/eclipse/persistence/org.eclipse.persistence.core/2.7.2/org.eclipse.persistence.core-2.7.2-sources.jar
2025-04-01 17:58:59,048 [Worker-26: Download sources and javadoc] INFO  o.e.m.j.internal.DownloadSourcesJob - Downloaded sources for org.eclipse.persistence:org.eclipse.persistence.core:2.7.2
2025-04-01 17:58:59,465 [Worker-26: Download sources and javadoc] INFO  o.e.m.c.i.e.AbstractTransferListenerAdapter - Downloading https://repo.maven.apache.org/maven2/org/eclipse/persistence/org.eclipse.persistence.asm/2.7.2/org.eclipse.persistence.asm-2.7.2-sources.jar
2025-04-01 17:58:59,641 [Worker-26: Download sources and javadoc] INFO  o.e.m.c.i.e.AbstractTransferListenerAdapter - Downloaded https://repo.maven.apache.org/maven2/org/eclipse/persistence/org.eclipse.persistence.asm/2.7.2/org.eclipse.persistence.asm-2.7.2-sources.jar
2025-04-01 17:58:59,647 [Worker-26: Download sources and javadoc] INFO  o.e.m.j.internal.DownloadSourcesJob - Downloaded sources for org.eclipse.persistence:org.eclipse.persistence.asm:2.7.2
2025-04-01 17:59:03,648 [Worker-26: Download sources and javadoc] INFO  o.e.m.c.i.e.AbstractTransferListenerAdapter - Downloading https://repo.maven.apache.org/maven2/javax/validation/validation-api/1.1.0.Final/validation-api-1.1.0.Final-sources.jar
2025-04-01 17:59:03,721 [Worker-26: Download sources and javadoc] INFO  o.e.m.c.i.e.AbstractTransferListenerAdapter - Downloaded https://repo.maven.apache.org/maven2/javax/validation/validation-api/1.1.0.Final/validation-api-1.1.0.Final-sources.jar
2025-04-01 17:59:03,729 [Worker-26: Download sources and javadoc] INFO  o.e.m.j.internal.DownloadSourcesJob - Downloaded sources for javax.validation:validation-api:1.1.0.Final
2025-04-01 17:59:03,835 [Worker-26: Download sources and javadoc] INFO  o.e.m.c.i.e.AbstractTransferListenerAdapter - Downloading https://repo.maven.apache.org/maven2/org/glassfish/javax.json/1.0.4/javax.json-1.0.4-sources.jar
2025-04-01 17:59:03,865 [Worker-26: Download sources and javadoc] INFO  o.e.m.c.i.e.AbstractTransferListenerAdapter - Downloaded https://repo.maven.apache.org/maven2/org/glassfish/javax.json/1.0.4/javax.json-1.0.4-sources.jar
2025-04-01 17:59:03,871 [Worker-26: Download sources and javadoc] INFO  o.e.m.j.internal.DownloadSourcesJob - Downloaded sources for org.glassfish:javax.json:1.0.4
2025-04-01 17:59:04,181 [Worker-26: Download sources and javadoc] INFO  o.e.m.c.i.e.AbstractTransferListenerAdapter - Downloading https://repo.maven.apache.org/maven2/com/sun/xml/ws/sdo-eclipselink-plugin/2.3.1/sdo-eclipselink-plugin-2.3.1-sources.jar
2025-04-01 17:59:04,201 [Worker-26: Download sources and javadoc] INFO  o.e.m.c.i.e.AbstractTransferListenerAdapter - Downloaded https://repo.maven.apache.org/maven2/com/sun/xml/ws/sdo-eclipselink-plugin/2.3.1/sdo-eclipselink-plugin-2.3.1-sources.jar
2025-04-01 17:59:04,207 [Worker-26: Download sources and javadoc] INFO  o.e.m.j.internal.DownloadSourcesJob - Downloaded sources for com.sun.xml.ws:sdo-eclipselink-plugin:2.3.1
2025-04-01 17:59:04,569 [Worker-26: Download sources and javadoc] INFO  o.e.m.c.i.e.AbstractTransferListenerAdapter - Downloading https://repo.maven.apache.org/maven2/org/eclipse/persistence/org.eclipse.persistence.sdo/2.7.2/org.eclipse.persistence.sdo-2.7.2-sources.jar
2025-04-01 17:59:04,644 [Worker-26: Download sources and javadoc] INFO  o.e.m.c.i.e.AbstractTransferListenerAdapter - Downloaded https://repo.maven.apache.org/maven2/org/eclipse/persistence/org.eclipse.persistence.sdo/2.7.2/org.eclipse.persistence.sdo-2.7.2-sources.jar
2025-04-01 17:59:04,652 [Worker-26: Download sources and javadoc] INFO  o.e.m.j.internal.DownloadSourcesJob - Downloaded sources for org.eclipse.persistence:org.eclipse.persistence.sdo:2.7.2
2025-04-01 17:59:05,287 [Worker-26: Download sources and javadoc] INFO  o.e.m.c.i.e.AbstractTransferListenerAdapter - Downloading https://repo.maven.apache.org/maven2/org/eclipse/persistence/commonj.sdo/2.1.1/commonj.sdo-2.1.1-sources.jar
2025-04-01 17:59:05,300 [Worker-26: Download sources and javadoc] INFO  o.e.m.c.i.e.AbstractTransferListenerAdapter - Downloaded https://repo.maven.apache.org/maven2/org/eclipse/persistence/commonj.sdo/2.1.1/commonj.sdo-2.1.1-sources.jar
2025-04-01 17:59:05,305 [Worker-26: Download sources and javadoc] INFO  o.e.m.j.internal.DownloadSourcesJob - Downloaded sources for org.eclipse.persistence:commonj.sdo:2.1.1
2025-04-01 17:59:05,710 [Worker-26: Download sources and javadoc] INFO  o.e.m.c.i.e.AbstractTransferListenerAdapter - Downloaded https://repo.maven.apache.org/maven2/commonj/sdo/commonj.sdo/2.1.1.v201112051852/commonj.sdo-2.1.1.v201112051852-sources.jar
2025-04-01 17:59:05,721 [Worker-26: Download sources and javadoc] ERROR o.e.m.j.internal.DownloadSourcesJob - Could not download sources for commonj.sdo:commonj.sdo:2.1.1.v201112051852
org.eclipse.core.runtime.CoreException: Could not resolve artifact commonj.sdo:commonj.sdo:jar:sources:2.1.1.v201112051852
	at org.eclipse.m2e.core.internal.embedder.MavenImpl.lambda$7(MavenImpl.java:540)
	at org.eclipse.m2e.core.internal.embedder.MavenExecutionContext.executeBare(MavenExecutionContext.java:458)
	at org.eclipse.m2e.core.internal.embedder.MavenExecutionContext.execute(MavenExecutionContext.java:292)
	at org.eclipse.m2e.core.internal.embedder.MavenExecutionContext.execute(MavenExecutionContext.java:278)
	at org.eclipse.m2e.core.internal.embedder.MavenImpl.resolve(MavenImpl.java:509)
	at org.eclipse.m2e.core.internal.embedder.MavenImpl.resolve(MavenImpl.java:494)
	at org.eclipse.m2e.jdt.internal.DownloadSourcesJob.download(DownloadSourcesJob.java:308)
	at org.eclipse.m2e.jdt.internal.DownloadSourcesJob.downloadAttachments(DownloadSourcesJob.java:282)
	at org.eclipse.m2e.jdt.internal.DownloadSourcesJob.downloadMaven(DownloadSourcesJob.java:252)
	at org.eclipse.m2e.jdt.internal.DownloadSourcesJob.downloadFilesAndPopulateToUpdate(DownloadSourcesJob.java:220)
	at org.eclipse.m2e.jdt.internal.DownloadSourcesJob.lambda$0(DownloadSourcesJob.java:149)
	at org.eclipse.m2e.core.internal.embedder.MavenExecutionContext.executeBare(MavenExecutionContext.java:458)
	at org.eclipse.m2e.core.internal.embedder.MavenExecutionContext.execute(MavenExecutionContext.java:339)
	at org.eclipse.m2e.core.internal.embedder.MavenExecutionContext.execute(MavenExecutionContext.java:278)
	at org.eclipse.m2e.core.embedder.IMaven.execute(IMaven.java:300)
	at org.eclipse.m2e.jdt.internal.DownloadSourcesJob.run(DownloadSourcesJob.java:149)
	at org.eclipse.core.internal.jobs.Worker.run(Worker.java:63)
2025-04-01 17:59:05,783 [Worker-26: Download sources and javadoc] INFO  o.e.m.c.i.e.AbstractTransferListenerAdapter - Downloading https://repo.maven.apache.org/maven2/javax/jws/javax.jws-api/1.1/javax.jws-api-1.1-sources.jar
2025-04-01 17:59:05,794 [Worker-26: Download sources and javadoc] INFO  o.e.m.c.i.e.AbstractTransferListenerAdapter - Downloaded https://repo.maven.apache.org/maven2/javax/jws/javax.jws-api/1.1/javax.jws-api-1.1-sources.jar
2025-04-01 17:59:05,799 [Worker-26: Download sources and javadoc] INFO  o.e.m.j.internal.DownloadSourcesJob - Downloaded sources for javax.jws:javax.jws-api:1.1
2025-04-01 18:04:01,677 [Worker-28: Building] INFO  o.a.m.s.f.DefaultMavenResourcesFiltering - Copying 0 resource from src\main\resources to target\classes
2025-04-01 18:04:01,678 [Worker-28: Building] INFO  o.a.m.s.f.DefaultMavenResourcesFiltering - Copying 0 resource from src\main\resources to target\classes
2025-04-01 18:04:01,682 [Worker-28: Building] INFO  o.a.m.s.f.DefaultMavenResourcesFiltering - skip non existing resourceDirectory E:\socappback\circleup-backend\src\test\resources
2025-04-01 18:04:59,112 [Worker-31: Building] INFO  o.e.m.c.i.l.LifecycleMappingFactory - Using org.eclipse.m2e.jdt.JarLifecycleMapping lifecycle mapping for MavenProject: com.fsad:circleup-backend:0.0.1-SNAPSHOT @ E:\socappback\circleup-backend\pom.xml.
2025-04-01 18:04:59,948 [Worker-31: Building] INFO  o.a.m.s.f.DefaultMavenResourcesFiltering - Copying 0 resource from src\main\resources to target\classes
2025-04-01 18:04:59,949 [Worker-31: Building] INFO  o.a.m.s.f.DefaultMavenResourcesFiltering - Copying 0 resource from src\main\resources to target\classes
2025-04-01 18:04:59,953 [Worker-31: Building] INFO  o.a.m.s.f.DefaultMavenResourcesFiltering - skip non existing resourceDirectory E:\socappback\circleup-backend\src\test\resources
2025-04-01 18:05:01,488 [Worker-27: Building] INFO  o.a.m.s.f.DefaultMavenResourcesFiltering - Copying 1 resource from src\main\resources to target\classes
2025-04-01 18:05:01,509 [Worker-27: Building] INFO  o.a.m.s.f.DefaultMavenResourcesFiltering - Copying 0 resource from src\main\resources to target\classes
2025-04-01 18:05:01,512 [Worker-27: Building] INFO  o.a.m.s.f.DefaultMavenResourcesFiltering - skip non existing resourceDirectory E:\socappback\circleup-backend\src\test\resources
2025-04-01 18:11:58,626 [Worker-34: Building] INFO  o.a.m.s.f.DefaultMavenResourcesFiltering - Copying 1 resource from src\main\resources to target\classes
2025-04-01 18:11:58,631 [Worker-34: Building] INFO  o.a.m.s.f.DefaultMavenResourcesFiltering - Copying 0 resource from src\main\resources to target\classes
2025-04-01 18:11:58,634 [Worker-34: Building] INFO  o.a.m.s.f.DefaultMavenResourcesFiltering - skip non existing resourceDirectory E:\socappback\circleup-backend\src\test\resources
2025-04-01 18:12:13,954 [Worker-34: Building] INFO  o.a.m.s.f.DefaultMavenResourcesFiltering - Copying 1 resource from src\main\resources to target\classes
2025-04-01 18:12:13,958 [Worker-34: Building] INFO  o.a.m.s.f.DefaultMavenResourcesFiltering - Copying 0 resource from src\main\resources to target\classes
2025-04-01 18:12:13,962 [Worker-34: Building] INFO  o.a.m.s.f.DefaultMavenResourcesFiltering - skip non existing resourceDirectory E:\socappback\circleup-backend\src\test\resources
2025-04-01 18:32:12,010 [Worker-45: Building] INFO  o.a.m.s.f.DefaultMavenResourcesFiltering - Copying 1 resource from src\main\resources to target\classes
2025-04-01 18:32:12,015 [Worker-45: Building] INFO  o.a.m.s.f.DefaultMavenResourcesFiltering - Copying 0 resource from src\main\resources to target\classes
2025-04-01 18:32:12,019 [Worker-45: Building] INFO  o.a.m.s.f.DefaultMavenResourcesFiltering - skip non existing resourceDirectory E:\socappback\circleup-backend\src\test\resources
2025-04-01 18:34:01,346 [Worker-47: Building] INFO  o.a.m.s.f.DefaultMavenResourcesFiltering - Copying 1 resource from src\main\resources to target\classes
2025-04-01 18:34:01,351 [Worker-47: Building] INFO  o.a.m.s.f.DefaultMavenResourcesFiltering - Copying 0 resource from src\main\resources to target\classes
2025-04-01 18:34:01,357 [Worker-47: Building] INFO  o.a.m.s.f.DefaultMavenResourcesFiltering - skip non existing resourceDirectory E:\socappback\circleup-backend\src\test\resources
2025-04-01 18:35:31,564 [Worker-46: Building] INFO  o.a.m.s.f.DefaultMavenResourcesFiltering - Copying 1 resource from src\main\resources to target\classes
2025-04-01 18:35:31,569 [Worker-46: Building] INFO  o.a.m.s.f.DefaultMavenResourcesFiltering - Copying 0 resource from src\main\resources to target\classes
2025-04-01 18:35:31,573 [Worker-46: Building] INFO  o.a.m.s.f.DefaultMavenResourcesFiltering - skip non existing resourceDirectory E:\socappback\circleup-backend\src\test\resources
2025-04-01 18:36:55,967 [Worker-46: Building] INFO  o.a.m.s.f.DefaultMavenResourcesFiltering - Copying 1 resource from src\main\resources to target\classes
2025-04-01 18:36:55,971 [Worker-46: Building] INFO  o.a.m.s.f.DefaultMavenResourcesFiltering - Copying 0 resource from src\main\resources to target\classes
2025-04-01 18:36:55,974 [Worker-46: Building] INFO  o.a.m.s.f.DefaultMavenResourcesFiltering - skip non existing resourceDirectory E:\socappback\circleup-backend\src\test\resources
2025-04-01 18:38:28,128 [Worker-42: Building] INFO  o.a.m.s.f.DefaultMavenResourcesFiltering - Copying 1 resource from src\main\resources to target\classes
2025-04-01 18:38:28,131 [Worker-42: Building] INFO  o.a.m.s.f.DefaultMavenResourcesFiltering - Copying 0 resource from src\main\resources to target\classes
2025-04-01 18:38:28,133 [Worker-42: Building] INFO  o.a.m.s.f.DefaultMavenResourcesFiltering - skip non existing resourceDirectory E:\socappback\circleup-backend\src\test\resources
2025-04-01 18:38:43,833 [Worker-44: Updating Maven Project] INFO  o.e.m.c.i.p.ProjectConfigurationManager - Update started
2025-04-01 18:38:44,352 [Worker-44: Updating Maven Project] INFO  o.e.m.c.i.l.LifecycleMappingFactory - Using org.eclipse.m2e.jdt.JarLifecycleMapping lifecycle mapping for MavenProject: com.fsad:circleup-backend:0.0.1-SNAPSHOT @ E:\socappback\circleup-backend\pom.xml.
2025-04-01 18:38:45,176 [Worker-44: Updating Maven Project] INFO  o.e.m.j.i.AbstractJavaProjectConfigurator - Adding source folder /circleup-backend/src/main/java
2025-04-01 18:38:45,179 [Worker-44: Updating Maven Project] INFO  o.e.m.j.i.AbstractJavaProjectConfigurator - Adding resource folder /circleup-backend/src/main/resources
2025-04-01 18:38:45,179 [Worker-44: Updating Maven Project] INFO  o.e.m.j.i.AbstractJavaProjectConfigurator - Adding resource folder /circleup-backend/src/main/resources
2025-04-01 18:38:45,180 [Worker-44: Updating Maven Project] INFO  o.e.m.j.i.AbstractJavaProjectConfigurator - Adding source folder /circleup-backend/src/test/java
2025-04-01 18:38:45,181 [Worker-44: Updating Maven Project] INFO  o.e.m.j.i.AbstractJavaProjectConfigurator - Adding resource folder /circleup-backend/src/test/resources
2025-04-01 18:38:45,510 [Worker-44: Updating Maven Project] INFO  o.e.m.c.i.p.ProjectConfigurationManager - Update completed for 1 poms: local refresh takes 0.00 sec, refresh facades takes 1.00 sec, update config takes 0.00 sec 
2025-04-01 18:38:45,778 [Worker-50: Building] INFO  o.a.m.s.f.DefaultMavenResourcesFiltering - Copying 1 resource from src\main\resources to target\classes
2025-04-01 18:38:45,793 [Worker-50: Building] INFO  o.a.m.s.f.DefaultMavenResourcesFiltering - Copying 0 resource from src\main\resources to target\classes
2025-04-01 18:38:45,798 [Worker-50: Building] INFO  o.a.m.s.f.DefaultMavenResourcesFiltering - skip non existing resourceDirectory E:\socappback\circleup-backend\src\test\resources
2025-04-01 18:39:21,815 [Worker-48: Building] INFO  o.a.m.s.f.DefaultMavenResourcesFiltering - Copying 1 resource from src\main\resources to target\classes
2025-04-01 18:39:21,819 [Worker-48: Building] INFO  o.a.m.s.f.DefaultMavenResourcesFiltering - Copying 0 resource from src\main\resources to target\classes
2025-04-01 18:39:21,823 [Worker-48: Building] INFO  o.a.m.s.f.DefaultMavenResourcesFiltering - skip non existing resourceDirectory E:\socappback\circleup-backend\src\test\resources
2025-04-01 18:39:44,200 [Worker-4: Loading available Gradle versions] INFO  o.e.b.c.i.u.g.PublishedGradleVersions - Gradle version information cache is up-to-date. Trying to read.
2025-04-01 18:40:12,488 [Worker-5: Building] INFO  o.a.m.s.f.DefaultMavenResourcesFiltering - Copying 1 resource from src\main\resources to target\classes
2025-04-01 18:40:12,501 [Worker-5: Building] INFO  o.a.m.s.f.DefaultMavenResourcesFiltering - Copying 0 resource from src\main\resources to target\classes
2025-04-01 18:40:12,508 [Worker-5: Building] INFO  o.a.m.s.f.DefaultMavenResourcesFiltering - skip non existing resourceDirectory E:\socappback\circleup-backend\src\test\resources
2025-04-01 18:41:28,954 [Worker-17: Building] INFO  o.a.m.s.f.DefaultMavenResourcesFiltering - Copying 1 resource from src\main\resources to target\classes
2025-04-01 18:41:28,958 [Worker-17: Building] INFO  o.a.m.s.f.DefaultMavenResourcesFiltering - Copying 0 resource from src\main\resources to target\classes
2025-04-01 18:41:28,962 [Worker-17: Building] INFO  o.a.m.s.f.DefaultMavenResourcesFiltering - skip non existing resourceDirectory E:\socappback\circleup-backend\src\test\resources
2025-04-01 18:51:48,602 [Worker-27: Building] INFO  o.a.m.s.f.DefaultMavenResourcesFiltering - Copying 1 resource from src\main\resources to target\classes
2025-04-01 18:51:48,607 [Worker-27: Building] INFO  o.a.m.s.f.DefaultMavenResourcesFiltering - Copying 0 resource from src\main\resources to target\classes
2025-04-01 18:51:48,612 [Worker-27: Building] INFO  o.a.m.s.f.DefaultMavenResourcesFiltering - skip non existing resourceDirectory E:\socappback\circleup-backend\src\test\resources
2025-04-01 18:57:48,503 [Worker-30: Import Getting Started Content] INFO  o.e.m.c.i.l.LifecycleMappingFactory - Using org.maven.ide.eclipse.wtp.WarLifecycleMapping lifecycle mapping for MavenProject: com.example:backend:0.0.1-SNAPSHOT @ E:\socappback\backend\pom.xml.
2025-04-01 18:57:49,531 [Worker-30: Import Getting Started Content] INFO  o.e.m.j.i.AbstractJavaProjectConfigurator - Adding source folder /backend/src/main/java
2025-04-01 18:57:49,533 [Worker-30: Import Getting Started Content] INFO  o.e.m.j.i.AbstractJavaProjectConfigurator - Adding resource folder /backend/src/main/resources
2025-04-01 18:57:49,537 [Worker-30: Import Getting Started Content] INFO  o.e.m.j.i.AbstractJavaProjectConfigurator - Adding resource folder /backend/src/main/resources
2025-04-01 18:57:49,541 [Worker-30: Import Getting Started Content] INFO  o.e.m.j.i.AbstractJavaProjectConfigurator - Adding source folder /backend/src/test/java
2025-04-01 18:57:49,542 [Worker-30: Import Getting Started Content] INFO  o.e.m.j.i.AbstractJavaProjectConfigurator - Adding resource folder /backend/src/test/resources
2025-04-01 18:57:51,551 [Worker-30: Import Getting Started Content] INFO  o.e.m.c.i.p.ProjectConfigurationManager - Imported and configured 1 project(s) in 3 sec
2025-04-01 18:57:51,555 [Worker-30: Import Getting Started Content] INFO  o.e.m.c.i.p.ProjectConfigurationManager - Update started
2025-04-01 18:57:51,852 [Worker-30: Import Getting Started Content] INFO  o.e.m.c.i.l.LifecycleMappingFactory - Using org.maven.ide.eclipse.wtp.WarLifecycleMapping lifecycle mapping for MavenProject: com.example:backend:0.0.1-SNAPSHOT @ E:\socappback\backend\pom.xml.
2025-04-01 18:57:52,406 [Worker-30: Import Getting Started Content] INFO  o.e.m.j.i.AbstractJavaProjectConfigurator - Adding source folder /backend/src/main/java
2025-04-01 18:57:52,407 [Worker-30: Import Getting Started Content] INFO  o.e.m.j.i.AbstractJavaProjectConfigurator - Adding resource folder /backend/src/main/resources
2025-04-01 18:57:52,407 [Worker-30: Import Getting Started Content] INFO  o.e.m.j.i.AbstractJavaProjectConfigurator - Adding resource folder /backend/src/main/resources
2025-04-01 18:57:52,408 [Worker-30: Import Getting Started Content] INFO  o.e.m.j.i.AbstractJavaProjectConfigurator - Adding source folder /backend/src/test/java
2025-04-01 18:57:52,408 [Worker-30: Import Getting Started Content] INFO  o.e.m.j.i.AbstractJavaProjectConfigurator - Adding resource folder /backend/src/test/resources
2025-04-01 18:57:53,635 [Worker-30: Import Getting Started Content] INFO  o.e.m.w.i.f.ResourceFilteringBuildParticipant - Cleaning filtered folder for backend
2025-04-01 18:57:53,653 [Worker-30: Import Getting Started Content] INFO  o.e.m.c.i.p.ProjectConfigurationManager - Update completed for 1 poms: local refresh takes 0.00 sec, refresh facades takes 0.00 sec, update config takes 0.00 sec 
2025-04-01 18:57:54,093 [Worker-32: Building] INFO  o.a.m.s.f.DefaultMavenResourcesFiltering - Copying 1 resource from src\main\resources to target\classes
2025-04-01 18:57:54,110 [Worker-32: Building] INFO  o.a.m.s.f.DefaultMavenResourcesFiltering - Copying 0 resource from src\main\resources to target\classes
2025-04-01 18:57:54,116 [Worker-32: Building] INFO  o.a.m.s.f.DefaultMavenResourcesFiltering - skip non existing resourceDirectory E:\socappback\backend\src\test\resources
2025-04-01 18:57:54,116 [Worker-32: Building] INFO  o.e.m.w.i.f.ResourceFilteringBuildParticipant - Changed resources require a complete clean of filtered resources of backend
2025-04-01 18:57:54,117 [Worker-32: Building] INFO  o.e.m.w.i.f.ResourceFilteringBuildParticipant - Executing resource filtering for backend
2025-04-01 18:59:54,239 [Worker-28: Building] INFO  o.a.m.s.f.DefaultMavenResourcesFiltering - Copying 1 resource from src\main\resources to target\classes
2025-04-01 18:59:54,243 [Worker-28: Building] INFO  o.a.m.s.f.DefaultMavenResourcesFiltering - Copying 0 resource from src\main\resources to target\classes
2025-04-01 18:59:54,247 [Worker-28: Building] INFO  o.a.m.s.f.DefaultMavenResourcesFiltering - skip non existing resourceDirectory E:\socappback\backend\src\test\resources
2025-04-01 19:02:01,837 [Worker-33: Building] INFO  o.a.m.s.f.DefaultMavenResourcesFiltering - Copying 1 resource from src\main\resources to target\classes
2025-04-01 19:02:01,840 [Worker-33: Building] INFO  o.a.m.s.f.DefaultMavenResourcesFiltering - Copying 0 resource from src\main\resources to target\classes
2025-04-01 19:02:01,844 [Worker-33: Building] INFO  o.a.m.s.f.DefaultMavenResourcesFiltering - skip non existing resourceDirectory E:\socappback\backend\src\test\resources
2025-04-01 19:03:48,625 [Worker-31: Building] INFO  o.a.m.s.f.DefaultMavenResourcesFiltering - Copying 1 resource from src\main\resources to target\classes
2025-04-01 19:03:48,628 [Worker-31: Building] INFO  o.a.m.s.f.DefaultMavenResourcesFiltering - Copying 0 resource from src\main\resources to target\classes
2025-04-01 19:03:48,632 [Worker-31: Building] INFO  o.a.m.s.f.DefaultMavenResourcesFiltering - skip non existing resourceDirectory E:\socappback\backend\src\test\resources
2025-04-01 19:06:19,552 [Worker-28: Building] INFO  o.a.m.s.f.DefaultMavenResourcesFiltering - Copying 1 resource from src\main\resources to target\classes
2025-04-01 19:06:19,558 [Worker-28: Building] INFO  o.a.m.s.f.DefaultMavenResourcesFiltering - Copying 0 resource from src\main\resources to target\classes
2025-04-01 19:06:19,562 [Worker-28: Building] INFO  o.a.m.s.f.DefaultMavenResourcesFiltering - skip non existing resourceDirectory E:\socappback\backend\src\test\resources
2025-04-01 19:06:37,938 [Worker-31: Building] INFO  o.a.m.s.f.DefaultMavenResourcesFiltering - Copying 1 resource from src\main\resources to target\classes
2025-04-01 19:06:37,971 [Worker-31: Building] INFO  o.a.m.s.f.DefaultMavenResourcesFiltering - Copying 0 resource from src\main\resources to target\classes
2025-04-01 19:06:37,975 [Worker-31: Building] INFO  o.a.m.s.f.DefaultMavenResourcesFiltering - skip non existing resourceDirectory E:\socappback\backend\src\test\resources
2025-04-01 19:07:54,489 [Worker-33: Building] INFO  o.a.m.s.f.DefaultMavenResourcesFiltering - Copying 1 resource from src\main\resources to target\classes
2025-04-01 19:07:54,493 [Worker-33: Building] INFO  o.a.m.s.f.DefaultMavenResourcesFiltering - Copying 0 resource from src\main\resources to target\classes
2025-04-01 19:07:54,497 [Worker-33: Building] INFO  o.a.m.s.f.DefaultMavenResourcesFiltering - skip non existing resourceDirectory E:\socappback\backend\src\test\resources
2025-04-01 19:08:59,008 [Worker-32: Building] INFO  o.a.m.s.f.DefaultMavenResourcesFiltering - Copying 1 resource from src\main\resources to target\classes
2025-04-01 19:08:59,011 [Worker-32: Building] INFO  o.a.m.s.f.DefaultMavenResourcesFiltering - Copying 0 resource from src\main\resources to target\classes
2025-04-01 19:08:59,015 [Worker-32: Building] INFO  o.a.m.s.f.DefaultMavenResourcesFiltering - skip non existing resourceDirectory E:\socappback\backend\src\test\resources
2025-04-01 19:09:34,975 [Worker-33: Building] INFO  o.a.m.s.f.DefaultMavenResourcesFiltering - Copying 1 resource from src\main\resources to target\classes
2025-04-01 19:09:34,978 [Worker-33: Building] INFO  o.a.m.s.f.DefaultMavenResourcesFiltering - Copying 0 resource from src\main\resources to target\classes
2025-04-01 19:09:34,981 [Worker-33: Building] INFO  o.a.m.s.f.DefaultMavenResourcesFiltering - skip non existing resourceDirectory E:\socappback\backend\src\test\resources
2025-04-01 19:21:56,573 [Worker-40: Updating Maven Project] INFO  o.e.m.c.i.p.ProjectConfigurationManager - Update started
2025-04-01 19:21:57,074 [Worker-40: Updating Maven Project] INFO  o.e.m.c.i.l.LifecycleMappingFactory - Using org.maven.ide.eclipse.wtp.WarLifecycleMapping lifecycle mapping for MavenProject: com.example:backend:0.0.1-SNAPSHOT @ E:\socappback\backend\pom.xml.
2025-04-01 19:21:57,626 [Worker-40: Updating Maven Project] INFO  o.e.m.j.i.AbstractJavaProjectConfigurator - Adding source folder /backend/src/main/java
2025-04-01 19:21:57,626 [Worker-40: Updating Maven Project] INFO  o.e.m.j.i.AbstractJavaProjectConfigurator - Adding resource folder /backend/src/main/resources
2025-04-01 19:21:57,627 [Worker-40: Updating Maven Project] INFO  o.e.m.j.i.AbstractJavaProjectConfigurator - Adding resource folder /backend/src/main/resources
2025-04-01 19:21:57,627 [Worker-40: Updating Maven Project] INFO  o.e.m.j.i.AbstractJavaProjectConfigurator - Adding source folder /backend/src/test/java
2025-04-01 19:21:57,628 [Worker-40: Updating Maven Project] INFO  o.e.m.j.i.AbstractJavaProjectConfigurator - Adding resource folder /backend/src/test/resources
2025-04-01 19:21:58,221 [Worker-40: Updating Maven Project] INFO  o.e.m.w.i.f.ResourceFilteringBuildParticipant - Cleaning filtered folder for backend
2025-04-01 19:21:58,240 [Worker-40: Updating Maven Project] INFO  o.e.m.c.i.p.ProjectConfigurationManager - Update completed for 1 poms: local refresh takes 0.00 sec, refresh facades takes 1.00 sec, update config takes 0.00 sec 
2025-04-01 19:21:58,581 [Worker-38: Building] INFO  o.a.m.s.f.DefaultMavenResourcesFiltering - Copying 1 resource from src\main\resources to target\classes
2025-04-01 19:21:58,607 [Worker-38: Building] INFO  o.a.m.s.f.DefaultMavenResourcesFiltering - Copying 0 resource from src\main\resources to target\classes
2025-04-01 19:21:58,617 [Worker-38: Building] INFO  o.a.m.s.f.DefaultMavenResourcesFiltering - skip non existing resourceDirectory E:\socappback\backend\src\test\resources
2025-04-01 19:21:58,617 [Worker-38: Building] INFO  o.e.m.w.i.f.ResourceFilteringBuildParticipant - Changed resources require a complete clean of filtered resources of backend
2025-04-01 19:21:58,618 [Worker-38: Building] INFO  o.e.m.w.i.f.ResourceFilteringBuildParticipant - Executing resource filtering for backend
2025-04-01 19:22:20,606 [Worker-42: Building] INFO  o.a.m.s.f.DefaultMavenResourcesFiltering - Copying 1 resource from src\main\resources to target\classes
2025-04-01 19:22:20,610 [Worker-42: Building] INFO  o.a.m.s.f.DefaultMavenResourcesFiltering - Copying 0 resource from src\main\resources to target\classes
2025-04-01 19:22:20,615 [Worker-42: Building] INFO  o.a.m.s.f.DefaultMavenResourcesFiltering - skip non existing resourceDirectory E:\socappback\backend\src\test\resources
2025-04-01 19:22:43,568 [Worker-38: Building] INFO  o.a.m.s.f.DefaultMavenResourcesFiltering - Copying 1 resource from src\main\resources to target\classes
2025-04-01 19:22:43,574 [Worker-38: Building] INFO  o.a.m.s.f.DefaultMavenResourcesFiltering - Copying 0 resource from src\main\resources to target\classes
2025-04-01 19:22:43,577 [Worker-38: Building] INFO  o.a.m.s.f.DefaultMavenResourcesFiltering - skip non existing resourceDirectory E:\socappback\backend\src\test\resources
2025-04-03 14:23:39,285 [Worker-1: Loading available Gradle versions] INFO  o.e.b.c.i.u.g.PublishedGradleVersions - Gradle version information cache is out-of-date. Trying to update.
2025-04-04 14:56:48,498 [Worker-5: Loading available Gradle versions] INFO  o.e.b.c.i.u.g.PublishedGradleVersions - Gradle version information cache is out-of-date. Trying to update.
2025-04-04 15:01:30,175 [Worker-2: Building] INFO  o.e.m.c.i.l.LifecycleMappingFactory - Using org.maven.ide.eclipse.wtp.WarLifecycleMapping lifecycle mapping for MavenProject: com.example:backend:0.0.1-SNAPSHOT @ E:\socappback\backend\pom.xml.
2025-04-04 15:01:31,282 [Worker-2: Building] INFO  o.a.m.s.f.DefaultMavenResourcesFiltering - Copying 1 resource from src\main\resources to target\classes
2025-04-04 15:01:31,291 [Worker-2: Building] INFO  o.a.m.s.f.DefaultMavenResourcesFiltering - Copying 0 resource from src\main\resources to target\classes
2025-04-04 15:01:31,297 [Worker-2: Building] INFO  o.a.m.s.f.DefaultMavenResourcesFiltering - skip non existing resourceDirectory E:\socappback\backend\src\test\resources
2025-04-04 15:01:31,299 [Worker-2: Building] INFO  o.e.m.w.i.f.ResourceFilteringBuildParticipant - Changed resources require a complete clean of filtered resources of backend
2025-04-04 15:01:31,299 [Worker-2: Building] INFO  o.e.m.w.i.f.ResourceFilteringBuildParticipant - Executing resource filtering for backend
2025-04-04 15:01:31,934 [Worker-22: Building] INFO  o.a.m.s.f.DefaultMavenResourcesFiltering - Copying 1 resource from src\main\resources to target\classes
2025-04-04 15:01:31,943 [Worker-22: Building] INFO  o.a.m.s.f.DefaultMavenResourcesFiltering - Copying 0 resource from src\main\resources to target\classes
2025-04-04 15:01:31,946 [Worker-22: Building] INFO  o.a.m.s.f.DefaultMavenResourcesFiltering - skip non existing resourceDirectory E:\socappback\backend\src\test\resources
2025-04-04 15:01:32,717 [Worker-22: Building] INFO  o.a.m.s.f.DefaultMavenResourcesFiltering - Copying 1 resource from src\main\resources to target\classes
2025-04-04 15:01:32,730 [Worker-22: Building] INFO  o.a.m.s.f.DefaultMavenResourcesFiltering - Copying 0 resource from src\main\resources to target\classes
2025-04-04 15:01:32,733 [Worker-22: Building] INFO  o.a.m.s.f.DefaultMavenResourcesFiltering - skip non existing resourceDirectory E:\socappback\circleup-backend\src\test\resources
2025-04-04 15:44:11,747 [Worker-33: Building] INFO  o.a.m.s.f.DefaultMavenResourcesFiltering - Copying 1 resource from src\main\resources to target\classes
2025-04-04 15:44:11,753 [Worker-33: Building] INFO  o.a.m.s.f.DefaultMavenResourcesFiltering - Copying 0 resource from src\main\resources to target\classes
2025-04-04 15:44:11,756 [Worker-33: Building] INFO  o.a.m.s.f.DefaultMavenResourcesFiltering - skip non existing resourceDirectory E:\socappback\backend\src\test\resources
2025-04-04 15:44:33,648 [Worker-38: Building] INFO  o.a.m.s.f.DefaultMavenResourcesFiltering - Copying 1 resource from src\main\resources to target\classes
2025-04-04 15:44:33,650 [Worker-38: Building] INFO  o.a.m.s.f.DefaultMavenResourcesFiltering - Copying 0 resource from src\main\resources to target\classes
2025-04-04 15:44:33,653 [Worker-38: Building] INFO  o.a.m.s.f.DefaultMavenResourcesFiltering - skip non existing resourceDirectory E:\socappback\backend\src\test\resources
2025-04-04 16:02:46,987 [Worker-44: Building] INFO  o.a.m.s.f.DefaultMavenResourcesFiltering - Copying 1 resource from src\main\resources to target\classes
2025-04-04 16:02:46,996 [Worker-44: Building] INFO  o.a.m.s.f.DefaultMavenResourcesFiltering - Copying 0 resource from src\main\resources to target\classes
2025-04-04 16:02:46,998 [Worker-44: Building] INFO  o.a.m.s.f.DefaultMavenResourcesFiltering - skip non existing resourceDirectory E:\socappback\backend\src\test\resources
2025-04-04 16:03:50,243 [Worker-44: Building] INFO  o.a.m.s.f.DefaultMavenResourcesFiltering - Copying 1 resource from src\main\resources to target\classes
2025-04-04 16:03:50,245 [Worker-44: Building] INFO  o.a.m.s.f.DefaultMavenResourcesFiltering - Copying 0 resource from src\main\resources to target\classes
2025-04-04 16:03:50,248 [Worker-44: Building] INFO  o.a.m.s.f.DefaultMavenResourcesFiltering - skip non existing resourceDirectory E:\socappback\backend\src\test\resources
2025-04-04 16:03:57,036 [Worker-46: Building] INFO  o.a.m.s.f.DefaultMavenResourcesFiltering - Copying 1 resource from src\main\resources to target\classes
2025-04-04 16:03:57,038 [Worker-46: Building] INFO  o.a.m.s.f.DefaultMavenResourcesFiltering - Copying 0 resource from src\main\resources to target\classes
2025-04-04 16:03:57,040 [Worker-46: Building] INFO  o.a.m.s.f.DefaultMavenResourcesFiltering - skip non existing resourceDirectory E:\socappback\backend\src\test\resources
2025-04-04 16:05:00,747 [Worker-46: Building] INFO  o.a.m.s.f.DefaultMavenResourcesFiltering - Copying 1 resource from src\main\resources to target\classes
2025-04-04 16:05:00,749 [Worker-46: Building] INFO  o.a.m.s.f.DefaultMavenResourcesFiltering - Copying 0 resource from src\main\resources to target\classes
2025-04-04 16:05:00,751 [Worker-46: Building] INFO  o.a.m.s.f.DefaultMavenResourcesFiltering - skip non existing resourceDirectory E:\socappback\backend\src\test\resources
2025-04-04 16:05:12,191 [Worker-41: Building] INFO  o.a.m.s.f.DefaultMavenResourcesFiltering - Copying 1 resource from src\main\resources to target\classes
2025-04-04 16:05:12,194 [Worker-41: Building] INFO  o.a.m.s.f.DefaultMavenResourcesFiltering - Copying 0 resource from src\main\resources to target\classes
2025-04-04 16:05:12,196 [Worker-41: Building] INFO  o.a.m.s.f.DefaultMavenResourcesFiltering - skip non existing resourceDirectory E:\socappback\backend\src\test\resources
2025-04-04 16:07:07,014 [Worker-50: Building] INFO  o.a.m.s.f.DefaultMavenResourcesFiltering - Copying 1 resource from src\main\resources to target\classes
2025-04-04 16:07:07,020 [Worker-50: Building] INFO  o.a.m.s.f.DefaultMavenResourcesFiltering - Copying 0 resource from src\main\resources to target\classes
2025-04-04 16:07:07,023 [Worker-50: Building] INFO  o.a.m.s.f.DefaultMavenResourcesFiltering - skip non existing resourceDirectory E:\socappback\backend\src\test\resources
2025-04-05 11:37:08,924 [Worker-1: Loading available Gradle versions] INFO  o.e.b.c.i.u.g.PublishedGradleVersions - Gradle version information cache is up-to-date. Trying to read.
2025-04-09 21:37:38,594 [Worker-5: Loading available Gradle versions] INFO  o.e.b.c.i.u.g.PublishedGradleVersions - Gradle version information cache is up-to-date. Trying to read.
2025-04-09 21:53:54,019 [Worker-26: Building] INFO  o.a.m.s.f.DefaultMavenResourcesFiltering - Copying 1 resource from src\main\resources to target\classes
2025-04-09 21:53:54,041 [Worker-26: Building] INFO  o.a.m.s.f.DefaultMavenResourcesFiltering - Copying 0 resource from src\main\resources to target\classes
2025-04-09 21:53:54,049 [Worker-26: Building] INFO  o.a.m.s.f.DefaultMavenResourcesFiltering - skip non existing resourceDirectory E:\socappback\backend\src\test\resources
2025-04-09 21:53:56,183 [Worker-25: Building] INFO  o.a.m.s.f.DefaultMavenResourcesFiltering - Copying 1 resource from src\main\resources to target\classes
2025-04-09 21:53:56,199 [Worker-25: Building] INFO  o.a.m.s.f.DefaultMavenResourcesFiltering - Copying 0 resource from src\main\resources to target\classes
2025-04-09 21:53:56,204 [Worker-25: Building] INFO  o.a.m.s.f.DefaultMavenResourcesFiltering - skip non existing resourceDirectory E:\socappback\circleup-backend\src\test\resources
2025-04-09 21:56:44,825 [Worker-26: Building] INFO  o.a.m.s.f.DefaultMavenResourcesFiltering - Copying 1 resource from src\main\resources to target\classes
2025-04-09 21:56:44,829 [Worker-26: Building] INFO  o.a.m.s.f.DefaultMavenResourcesFiltering - Copying 0 resource from src\main\resources to target\classes
2025-04-09 21:56:44,833 [Worker-26: Building] INFO  o.a.m.s.f.DefaultMavenResourcesFiltering - skip non existing resourceDirectory E:\socappback\backend\src\test\resources
2025-04-09 21:56:56,460 [Worker-27: Building] INFO  o.a.m.s.f.DefaultMavenResourcesFiltering - Copying 1 resource from src\main\resources to target\classes
2025-04-09 21:56:56,464 [Worker-27: Building] INFO  o.a.m.s.f.DefaultMavenResourcesFiltering - Copying 0 resource from src\main\resources to target\classes
2025-04-09 21:56:56,468 [Worker-27: Building] INFO  o.a.m.s.f.DefaultMavenResourcesFiltering - skip non existing resourceDirectory E:\socappback\backend\src\test\resources
2025-04-09 21:57:09,327 [Worker-27: Building] INFO  o.a.m.s.f.DefaultMavenResourcesFiltering - Copying 1 resource from src\main\resources to target\classes
2025-04-09 21:57:09,331 [Worker-27: Building] INFO  o.a.m.s.f.DefaultMavenResourcesFiltering - Copying 0 resource from src\main\resources to target\classes
2025-04-09 21:57:09,335 [Worker-27: Building] INFO  o.a.m.s.f.DefaultMavenResourcesFiltering - skip non existing resourceDirectory E:\socappback\backend\src\test\resources
2025-04-09 21:57:51,499 [Worker-12: Building] INFO  o.a.m.s.f.DefaultMavenResourcesFiltering - Copying 1 resource from src\main\resources to target\classes
2025-04-09 21:57:51,505 [Worker-12: Building] INFO  o.a.m.s.f.DefaultMavenResourcesFiltering - Copying 0 resource from src\main\resources to target\classes
2025-04-09 21:57:51,509 [Worker-12: Building] INFO  o.a.m.s.f.DefaultMavenResourcesFiltering - skip non existing resourceDirectory E:\socappback\backend\src\test\resources
2025-04-09 22:05:28,694 [Worker-2: Loading available Gradle versions] INFO  o.e.b.c.i.u.g.PublishedGradleVersions - Gradle version information cache is up-to-date. Trying to read.
2025-04-10 13:29:25,754 [Worker-5: Loading available Gradle versions] INFO  o.e.b.c.i.u.g.PublishedGradleVersions - Gradle version information cache is up-to-date. Trying to read.
2025-04-10 13:32:49,704 [Worker-17: Building] INFO  o.a.m.s.f.DefaultMavenResourcesFiltering - Copying 1 resource from src\main\resources to target\classes
2025-04-10 13:32:49,726 [Worker-17: Building] INFO  o.a.m.s.f.DefaultMavenResourcesFiltering - Copying 0 resource from src\main\resources to target\classes
2025-04-10 13:32:49,732 [Worker-17: Building] INFO  o.a.m.s.f.DefaultMavenResourcesFiltering - skip non existing resourceDirectory E:\socappback\backend\src\test\resources
2025-04-10 13:32:51,641 [Worker-8: Building] INFO  o.a.m.s.f.DefaultMavenResourcesFiltering - Copying 1 resource from src\main\resources to target\classes
2025-04-10 13:32:51,662 [Worker-8: Building] INFO  o.a.m.s.f.DefaultMavenResourcesFiltering - Copying 0 resource from src\main\resources to target\classes
2025-04-10 13:32:51,669 [Worker-8: Building] INFO  o.a.m.s.f.DefaultMavenResourcesFiltering - skip non existing resourceDirectory E:\socappback\circleup-backend\src\test\resources
2025-04-10 13:32:53,058 [Worker-7: Building] INFO  o.a.m.s.f.DefaultMavenResourcesFiltering - Copying 1 resource from src\main\resources to target\classes
2025-04-10 13:32:53,062 [Worker-7: Building] INFO  o.a.m.s.f.DefaultMavenResourcesFiltering - Copying 0 resource from src\main\resources to target\classes
2025-04-10 13:32:53,066 [Worker-7: Building] INFO  o.a.m.s.f.DefaultMavenResourcesFiltering - skip non existing resourceDirectory E:\socappback\backend\src\test\resources
2025-04-10 13:33:41,241 [Worker-21: Building] INFO  o.a.m.s.f.DefaultMavenResourcesFiltering - Copying 1 resource from src\main\resources to target\classes
2025-04-10 13:33:41,244 [Worker-21: Building] INFO  o.a.m.s.f.DefaultMavenResourcesFiltering - Copying 0 resource from src\main\resources to target\classes
2025-04-10 13:33:41,248 [Worker-21: Building] INFO  o.a.m.s.f.DefaultMavenResourcesFiltering - skip non existing resourceDirectory E:\socappback\backend\src\test\resources
2025-04-10 15:15:07,696 [Worker-40: Building] INFO  o.a.m.s.f.DefaultMavenResourcesFiltering - Copying 1 resource from src\main\resources to target\classes
2025-04-10 15:15:07,734 [Worker-40: Building] INFO  o.a.m.s.f.DefaultMavenResourcesFiltering - Copying 0 resource from src\main\resources to target\classes
2025-04-10 15:15:07,734 [Worker-40: Building] INFO  o.a.m.s.f.DefaultMavenResourcesFiltering - skip non existing resourceDirectory E:\socappback\backend\src\test\resources
2025-04-10 15:57:04,574 [Worker-56: Building] INFO  o.a.m.s.f.DefaultMavenResourcesFiltering - Copying 1 resource from src\main\resources to target\classes
2025-04-10 15:57:04,582 [Worker-56: Building] INFO  o.a.m.s.f.DefaultMavenResourcesFiltering - Copying 0 resource from src\main\resources to target\classes
2025-04-10 15:57:04,588 [Worker-56: Building] INFO  o.a.m.s.f.DefaultMavenResourcesFiltering - skip non existing resourceDirectory E:\socappback\backend\src\test\resources
2025-04-10 16:04:30,035 [Worker-64: Building] INFO  o.a.m.s.f.DefaultMavenResourcesFiltering - Copying 1 resource from src\main\resources to target\classes
2025-04-10 16:04:30,041 [Worker-64: Building] INFO  o.a.m.s.f.DefaultMavenResourcesFiltering - Copying 0 resource from src\main\resources to target\classes
2025-04-10 16:04:30,044 [Worker-64: Building] INFO  o.a.m.s.f.DefaultMavenResourcesFiltering - skip non existing resourceDirectory E:\socappback\backend\src\test\resources
2025-04-10 16:05:09,933 [Worker-65: Building] INFO  o.a.m.s.f.DefaultMavenResourcesFiltering - Copying 1 resource from src\main\resources to target\classes
2025-04-10 16:05:09,933 [Worker-65: Building] INFO  o.a.m.s.f.DefaultMavenResourcesFiltering - Copying 0 resource from src\main\resources to target\classes
2025-04-10 16:05:09,949 [Worker-65: Building] INFO  o.a.m.s.f.DefaultMavenResourcesFiltering - skip non existing resourceDirectory E:\socappback\backend\src\test\resources
2025-04-10 16:10:57,501 [Worker-70: Building] INFO  o.a.m.s.f.DefaultMavenResourcesFiltering - Copying 1 resource from src\main\resources to target\classes
2025-04-10 16:10:57,507 [Worker-70: Building] INFO  o.a.m.s.f.DefaultMavenResourcesFiltering - Copying 0 resource from src\main\resources to target\classes
2025-04-10 16:10:57,510 [Worker-70: Building] INFO  o.a.m.s.f.DefaultMavenResourcesFiltering - skip non existing resourceDirectory E:\socappback\backend\src\test\resources
2025-04-10 16:39:31,014 [Worker-68: Building] INFO  o.a.m.s.f.DefaultMavenResourcesFiltering - Copying 1 resource from src\main\resources to target\classes
2025-04-10 16:39:31,018 [Worker-68: Building] INFO  o.a.m.s.f.DefaultMavenResourcesFiltering - Copying 0 resource from src\main\resources to target\classes
2025-04-10 16:39:31,021 [Worker-68: Building] INFO  o.a.m.s.f.DefaultMavenResourcesFiltering - skip non existing resourceDirectory E:\socappback\backend\src\test\resources
2025-04-13 19:36:24,224 [Worker-6: Loading available Gradle versions] INFO  o.e.b.c.i.u.g.PublishedGradleVersions - Gradle version information cache is out-of-date. Trying to update.
2025-04-26 13:59:53,254 [Worker-4: Loading available Gradle versions] INFO  o.e.b.c.i.u.g.PublishedGradleVersions - Gradle version information cache is up-to-date. Trying to read.
2025-04-26 14:04:55,903 [Worker-0: Loading available Gradle versions] INFO  o.e.b.c.i.u.g.PublishedGradleVersions - Gradle version information cache is up-to-date. Trying to read.
2025-04-26 14:05:00,844 [Worker-2: Building] INFO  o.a.m.s.f.DefaultMavenResourcesFiltering - Copying 1 resource from src\main\resources to target\classes
2025-04-26 14:05:00,868 [Worker-2: Building] INFO  o.a.m.s.f.DefaultMavenResourcesFiltering - Copying 0 resource from src\main\resources to target\classes
2025-04-26 14:05:00,876 [Worker-2: Building] INFO  o.a.m.s.f.DefaultMavenResourcesFiltering - skip non existing resourceDirectory E:\socappback\backend\src\test\resources
2025-04-26 14:05:03,094 [Worker-2: Building] INFO  o.a.m.s.f.DefaultMavenResourcesFiltering - Copying 1 resource from src\main\resources to target\classes
2025-04-26 14:05:03,110 [Worker-2: Building] INFO  o.a.m.s.f.DefaultMavenResourcesFiltering - Copying 0 resource from src\main\resources to target\classes
2025-04-26 14:05:03,116 [Worker-2: Building] INFO  o.a.m.s.f.DefaultMavenResourcesFiltering - skip non existing resourceDirectory E:\socappback\circleup-backend\src\test\resources
2025-04-26 14:37:19,811 [Worker-36: Building] INFO  o.a.m.s.f.DefaultMavenResourcesFiltering - Copying 1 resource from src\main\resources to target\classes
2025-04-26 14:37:19,819 [Worker-36: Building] INFO  o.a.m.s.f.DefaultMavenResourcesFiltering - Copying 0 resource from src\main\resources to target\classes
2025-04-26 14:37:19,823 [Worker-36: Building] INFO  o.a.m.s.f.DefaultMavenResourcesFiltering - skip non existing resourceDirectory E:\socappback\backend\src\test\resources
2025-04-26 14:38:40,600 [Worker-37: Building] INFO  o.a.m.s.f.DefaultMavenResourcesFiltering - Copying 1 resource from src\main\resources to target\classes
2025-04-26 14:38:40,603 [Worker-37: Building] INFO  o.a.m.s.f.DefaultMavenResourcesFiltering - Copying 0 resource from src\main\resources to target\classes
2025-04-26 14:38:40,606 [Worker-37: Building] INFO  o.a.m.s.f.DefaultMavenResourcesFiltering - skip non existing resourceDirectory E:\socappback\backend\src\test\resources
2025-04-26 14:39:56,552 [Worker-37: Building] INFO  o.a.m.s.f.DefaultMavenResourcesFiltering - Copying 1 resource from src\main\resources to target\classes
2025-04-26 14:39:56,556 [Worker-37: Building] INFO  o.a.m.s.f.DefaultMavenResourcesFiltering - Copying 0 resource from src\main\resources to target\classes
2025-04-26 14:39:56,559 [Worker-37: Building] INFO  o.a.m.s.f.DefaultMavenResourcesFiltering - skip non existing resourceDirectory E:\socappback\backend\src\test\resources
2025-04-26 15:02:05,865 [Worker-43: Building] INFO  o.a.m.s.f.DefaultMavenResourcesFiltering - Copying 1 resource from src\main\resources to target\classes
2025-04-26 15:02:05,875 [Worker-43: Building] INFO  o.a.m.s.f.DefaultMavenResourcesFiltering - Copying 0 resource from src\main\resources to target\classes
2025-04-26 15:02:05,881 [Worker-43: Building] INFO  o.a.m.s.f.DefaultMavenResourcesFiltering - skip non existing resourceDirectory E:\socappback\backend\src\test\resources
2025-04-26 15:02:52,828 [Worker-44: Building] INFO  o.a.m.s.f.DefaultMavenResourcesFiltering - Copying 1 resource from src\main\resources to target\classes
2025-04-26 15:02:52,832 [Worker-44: Building] INFO  o.a.m.s.f.DefaultMavenResourcesFiltering - Copying 0 resource from src\main\resources to target\classes
2025-04-26 15:02:52,836 [Worker-44: Building] INFO  o.a.m.s.f.DefaultMavenResourcesFiltering - skip non existing resourceDirectory E:\socappback\backend\src\test\resources
2025-04-26 15:16:10,602 [Worker-49: Building] INFO  o.a.m.s.f.DefaultMavenResourcesFiltering - Copying 1 resource from src\main\resources to target\classes
2025-04-26 15:16:10,609 [Worker-49: Building] INFO  o.a.m.s.f.DefaultMavenResourcesFiltering - Copying 0 resource from src\main\resources to target\classes
2025-04-26 15:16:10,614 [Worker-49: Building] INFO  o.a.m.s.f.DefaultMavenResourcesFiltering - skip non existing resourceDirectory E:\socappback\backend\src\test\resources
2025-04-26 15:18:54,003 [Worker-49: Building] INFO  o.a.m.s.f.DefaultMavenResourcesFiltering - Copying 1 resource from src\main\resources to target\classes
2025-04-26 15:18:54,011 [Worker-49: Building] INFO  o.a.m.s.f.DefaultMavenResourcesFiltering - Copying 0 resource from src\main\resources to target\classes
2025-04-26 15:18:54,014 [Worker-49: Building] INFO  o.a.m.s.f.DefaultMavenResourcesFiltering - skip non existing resourceDirectory E:\socappback\backend\src\test\resources
2025-04-26 15:35:48,487 [Worker-59: Building] INFO  o.a.m.s.f.DefaultMavenResourcesFiltering - Copying 1 resource from src\main\resources to target\classes
2025-04-26 15:35:48,503 [Worker-59: Building] INFO  o.a.m.s.f.DefaultMavenResourcesFiltering - Copying 0 resource from src\main\resources to target\classes
2025-04-26 15:35:48,506 [Worker-59: Building] INFO  o.a.m.s.f.DefaultMavenResourcesFiltering - skip non existing resourceDirectory E:\socappback\backend\src\test\resources
2025-04-26 15:36:04,867 [Worker-63: Building] INFO  o.a.m.s.f.DefaultMavenResourcesFiltering - Copying 1 resource from src\main\resources to target\classes
2025-04-26 15:36:04,880 [Worker-63: Building] INFO  o.a.m.s.f.DefaultMavenResourcesFiltering - Copying 0 resource from src\main\resources to target\classes
2025-04-26 15:36:04,884 [Worker-63: Building] INFO  o.a.m.s.f.DefaultMavenResourcesFiltering - skip non existing resourceDirectory E:\socappback\backend\src\test\resources
2025-04-26 15:54:14,622 [Worker-68: Building] INFO  o.a.m.s.f.DefaultMavenResourcesFiltering - Copying 1 resource from src\main\resources to target\classes
2025-04-26 15:54:14,628 [Worker-68: Building] INFO  o.a.m.s.f.DefaultMavenResourcesFiltering - Copying 0 resource from src\main\resources to target\classes
2025-04-26 15:54:14,632 [Worker-68: Building] INFO  o.a.m.s.f.DefaultMavenResourcesFiltering - skip non existing resourceDirectory E:\socappback\backend\src\test\resources
2025-04-26 15:54:28,847 [Worker-69: Building] INFO  o.a.m.s.f.DefaultMavenResourcesFiltering - Copying 1 resource from src\main\resources to target\classes
2025-04-26 15:54:28,853 [Worker-69: Building] INFO  o.a.m.s.f.DefaultMavenResourcesFiltering - Copying 0 resource from src\main\resources to target\classes
2025-04-26 15:54:28,856 [Worker-69: Building] INFO  o.a.m.s.f.DefaultMavenResourcesFiltering - skip non existing resourceDirectory E:\socappback\backend\src\test\resources
2025-04-26 15:54:42,500 [Worker-66: Building] INFO  o.a.m.s.f.DefaultMavenResourcesFiltering - Copying 1 resource from src\main\resources to target\classes
2025-04-26 15:54:42,510 [Worker-66: Building] INFO  o.a.m.s.f.DefaultMavenResourcesFiltering - Copying 0 resource from src\main\resources to target\classes
2025-04-26 15:54:42,515 [Worker-66: Building] INFO  o.a.m.s.f.DefaultMavenResourcesFiltering - skip non existing resourceDirectory E:\socappback\backend\src\test\resources
2025-04-26 16:13:53,209 [Worker-68: Building] INFO  o.a.m.s.f.DefaultMavenResourcesFiltering - Copying 1 resource from src\main\resources to target\classes
2025-04-26 16:13:53,215 [Worker-68: Building] INFO  o.a.m.s.f.DefaultMavenResourcesFiltering - Copying 0 resource from src\main\resources to target\classes
2025-04-26 16:13:53,218 [Worker-68: Building] INFO  o.a.m.s.f.DefaultMavenResourcesFiltering - skip non existing resourceDirectory E:\socappback\backend\src\test\resources
2025-04-26 16:14:06,620 [Worker-68: Building] INFO  o.a.m.s.f.DefaultMavenResourcesFiltering - Copying 1 resource from src\main\resources to target\classes
2025-04-26 16:14:06,641 [Worker-68: Building] INFO  o.a.m.s.f.DefaultMavenResourcesFiltering - Copying 0 resource from src\main\resources to target\classes
2025-04-26 16:14:06,644 [Worker-68: Building] INFO  o.a.m.s.f.DefaultMavenResourcesFiltering - skip non existing resourceDirectory E:\socappback\backend\src\test\resources
2025-04-26 16:23:04,036 [Worker-78: Building] INFO  o.a.m.s.f.DefaultMavenResourcesFiltering - Copying 1 resource from src\main\resources to target\classes
2025-04-26 16:23:04,053 [Worker-78: Building] INFO  o.a.m.s.f.DefaultMavenResourcesFiltering - Copying 0 resource from src\main\resources to target\classes
2025-04-26 16:23:04,056 [Worker-78: Building] INFO  o.a.m.s.f.DefaultMavenResourcesFiltering - skip non existing resourceDirectory E:\socappback\backend\src\test\resources
2025-04-26 16:29:39,020 [Worker-82: Building] INFO  o.a.m.s.f.DefaultMavenResourcesFiltering - Copying 1 resource from src\main\resources to target\classes
2025-04-26 16:29:39,028 [Worker-82: Building] INFO  o.a.m.s.f.DefaultMavenResourcesFiltering - Copying 0 resource from src\main\resources to target\classes
2025-04-26 16:29:39,031 [Worker-82: Building] INFO  o.a.m.s.f.DefaultMavenResourcesFiltering - skip non existing resourceDirectory E:\socappback\backend\src\test\resources
2025-04-26 16:30:07,769 [Worker-81: Building] INFO  o.a.m.s.f.DefaultMavenResourcesFiltering - Copying 1 resource from src\main\resources to target\classes
2025-04-26 16:30:07,773 [Worker-81: Building] INFO  o.a.m.s.f.DefaultMavenResourcesFiltering - Copying 0 resource from src\main\resources to target\classes
2025-04-26 16:30:07,776 [Worker-81: Building] INFO  o.a.m.s.f.DefaultMavenResourcesFiltering - skip non existing resourceDirectory E:\socappback\backend\src\test\resources
2025-04-26 16:30:26,802 [Worker-82: Building] INFO  o.a.m.s.f.DefaultMavenResourcesFiltering - Copying 1 resource from src\main\resources to target\classes
2025-04-26 16:30:26,805 [Worker-82: Building] INFO  o.a.m.s.f.DefaultMavenResourcesFiltering - Copying 0 resource from src\main\resources to target\classes
2025-04-26 16:30:26,810 [Worker-82: Building] INFO  o.a.m.s.f.DefaultMavenResourcesFiltering - skip non existing resourceDirectory E:\socappback\backend\src\test\resources
2025-04-26 16:37:17,646 [Worker-86: Building] INFO  o.a.m.s.f.DefaultMavenResourcesFiltering - Copying 1 resource from src\main\resources to target\classes
2025-04-26 16:37:17,652 [Worker-86: Building] INFO  o.a.m.s.f.DefaultMavenResourcesFiltering - Copying 0 resource from src\main\resources to target\classes
2025-04-26 16:37:17,655 [Worker-86: Building] INFO  o.a.m.s.f.DefaultMavenResourcesFiltering - skip non existing resourceDirectory E:\socappback\backend\src\test\resources
2025-04-26 16:37:40,614 [Worker-87: Building] INFO  o.a.m.s.f.DefaultMavenResourcesFiltering - Copying 1 resource from src\main\resources to target\classes
2025-04-26 16:37:40,622 [Worker-87: Building] INFO  o.a.m.s.f.DefaultMavenResourcesFiltering - Copying 0 resource from src\main\resources to target\classes
2025-04-26 16:37:40,625 [Worker-87: Building] INFO  o.a.m.s.f.DefaultMavenResourcesFiltering - skip non existing resourceDirectory E:\socappback\backend\src\test\resources
2025-04-26 16:41:26,892 [Worker-82: Building] INFO  o.a.m.s.f.DefaultMavenResourcesFiltering - Copying 1 resource from src\main\resources to target\classes
2025-04-26 16:41:26,899 [Worker-82: Building] INFO  o.a.m.s.f.DefaultMavenResourcesFiltering - Copying 0 resource from src\main\resources to target\classes
2025-04-26 16:41:26,903 [Worker-82: Building] INFO  o.a.m.s.f.DefaultMavenResourcesFiltering - skip non existing resourceDirectory E:\socappback\backend\src\test\resources
2025-04-26 16:41:41,729 [Worker-86: Building] INFO  o.a.m.s.f.DefaultMavenResourcesFiltering - Copying 1 resource from src\main\resources to target\classes
2025-04-26 16:41:41,734 [Worker-86: Building] INFO  o.a.m.s.f.DefaultMavenResourcesFiltering - Copying 0 resource from src\main\resources to target\classes
2025-04-26 16:41:41,736 [Worker-86: Building] INFO  o.a.m.s.f.DefaultMavenResourcesFiltering - skip non existing resourceDirectory E:\socappback\backend\src\test\resources
2025-04-26 16:49:26,534 [Worker-87: Building] INFO  o.a.m.s.f.DefaultMavenResourcesFiltering - Copying 1 resource from src\main\resources to target\classes
2025-04-26 16:49:26,564 [Worker-87: Building] INFO  o.a.m.s.f.DefaultMavenResourcesFiltering - Copying 0 resource from src\main\resources to target\classes
2025-04-26 16:49:26,567 [Worker-87: Building] INFO  o.a.m.s.f.DefaultMavenResourcesFiltering - skip non existing resourceDirectory E:\socappback\backend\src\test\resources
2025-04-26 16:49:40,052 [Worker-89: Building] INFO  o.a.m.s.f.DefaultMavenResourcesFiltering - Copying 1 resource from src\main\resources to target\classes
2025-04-26 16:49:40,071 [Worker-89: Building] INFO  o.a.m.s.f.DefaultMavenResourcesFiltering - Copying 0 resource from src\main\resources to target\classes
2025-04-26 16:49:40,075 [Worker-89: Building] INFO  o.a.m.s.f.DefaultMavenResourcesFiltering - skip non existing resourceDirectory E:\socappback\backend\src\test\resources
2025-04-26 17:01:32,981 [Worker-94: Building] INFO  o.a.m.s.f.DefaultMavenResourcesFiltering - Copying 1 resource from src\main\resources to target\classes
2025-04-26 17:01:32,993 [Worker-94: Building] INFO  o.a.m.s.f.DefaultMavenResourcesFiltering - Copying 0 resource from src\main\resources to target\classes
2025-04-26 17:01:32,996 [Worker-94: Building] INFO  o.a.m.s.f.DefaultMavenResourcesFiltering - skip non existing resourceDirectory E:\socappback\backend\src\test\resources
2025-04-26 17:01:52,430 [Worker-95: Building] INFO  o.a.m.s.f.DefaultMavenResourcesFiltering - Copying 1 resource from src\main\resources to target\classes
2025-04-26 17:01:52,435 [Worker-95: Building] INFO  o.a.m.s.f.DefaultMavenResourcesFiltering - Copying 0 resource from src\main\resources to target\classes
2025-04-26 17:01:52,438 [Worker-95: Building] INFO  o.a.m.s.f.DefaultMavenResourcesFiltering - skip non existing resourceDirectory E:\socappback\backend\src\test\resources
2025-04-26 17:08:03,846 [Worker-93: Importing Maven projects] INFO  o.e.m.c.i.e.AbstractTransferListenerAdapter - Downloading https://repo.maven.apache.org/maven2/org/springframework/boot/spring-boot-starter-parent/3.4.5/spring-boot-starter-parent-3.4.5.pom
2025-04-26 17:08:03,866 [Worker-93: Importing Maven projects] INFO  o.e.m.c.i.e.AbstractTransferListenerAdapter - Downloaded https://repo.maven.apache.org/maven2/org/springframework/boot/spring-boot-starter-parent/3.4.5/spring-boot-starter-parent-3.4.5.pom
2025-04-26 17:08:03,920 [Worker-93: Importing Maven projects] INFO  o.e.m.c.i.e.AbstractTransferListenerAdapter - Downloading https://repo.maven.apache.org/maven2/org/springframework/boot/spring-boot-dependencies/3.4.5/spring-boot-dependencies-3.4.5.pom
2025-04-26 17:08:03,987 [Worker-93: Importing Maven projects] INFO  o.e.m.c.i.e.AbstractTransferListenerAdapter - Downloaded https://repo.maven.apache.org/maven2/org/springframework/boot/spring-boot-dependencies/3.4.5/spring-boot-dependencies-3.4.5.pom
2025-04-26 17:08:04,113 [Worker-93: Importing Maven projects] INFO  o.e.m.c.i.e.AbstractTransferListenerAdapter - Downloading https://repo.maven.apache.org/maven2/org/eclipse/jetty/ee10/jetty-ee10-bom/12.0.19/jetty-ee10-bom-12.0.19.pom
2025-04-26 17:08:04,125 [Worker-93: Importing Maven projects] INFO  o.e.m.c.i.e.AbstractTransferListenerAdapter - Downloaded https://repo.maven.apache.org/maven2/org/eclipse/jetty/ee10/jetty-ee10-bom/12.0.19/jetty-ee10-bom-12.0.19.pom
2025-04-26 17:08:04,173 [Worker-93: Importing Maven projects] INFO  o.e.m.c.i.e.AbstractTransferListenerAdapter - Downloading https://repo.maven.apache.org/maven2/org/eclipse/jetty/jetty-bom/12.0.19/jetty-bom-12.0.19.pom
2025-04-26 17:08:04,185 [Worker-93: Importing Maven projects] INFO  o.e.m.c.i.e.AbstractTransferListenerAdapter - Downloaded https://repo.maven.apache.org/maven2/org/eclipse/jetty/jetty-bom/12.0.19/jetty-bom-12.0.19.pom
2025-04-26 17:08:04,251 [Worker-93: Importing Maven projects] INFO  o.e.m.c.i.e.AbstractTransferListenerAdapter - Downloading https://repo.maven.apache.org/maven2/io/micrometer/micrometer-bom/1.14.6/micrometer-bom-1.14.6.pom
2025-04-26 17:08:04,264 [Worker-93: Importing Maven projects] INFO  o.e.m.c.i.e.AbstractTransferListenerAdapter - Downloaded https://repo.maven.apache.org/maven2/io/micrometer/micrometer-bom/1.14.6/micrometer-bom-1.14.6.pom
2025-04-26 17:08:04,308 [Worker-93: Importing Maven projects] INFO  o.e.m.c.i.e.AbstractTransferListenerAdapter - Downloading https://repo.maven.apache.org/maven2/io/micrometer/micrometer-tracing-bom/1.4.5/micrometer-tracing-bom-1.4.5.pom
2025-04-26 17:08:04,319 [Worker-93: Importing Maven projects] INFO  o.e.m.c.i.e.AbstractTransferListenerAdapter - Downloaded https://repo.maven.apache.org/maven2/io/micrometer/micrometer-tracing-bom/1.4.5/micrometer-tracing-bom-1.4.5.pom
2025-04-26 17:08:04,394 [Worker-93: Importing Maven projects] INFO  o.e.m.c.i.e.AbstractTransferListenerAdapter - Downloading https://repo.maven.apache.org/maven2/org/apache/pulsar/pulsar-bom/3.3.6/pulsar-bom-3.3.6.pom
2025-04-26 17:08:04,405 [Worker-93: Importing Maven projects] INFO  o.e.m.c.i.e.AbstractTransferListenerAdapter - Downloaded https://repo.maven.apache.org/maven2/org/apache/pulsar/pulsar-bom/3.3.6/pulsar-bom-3.3.6.pom
2025-04-26 17:08:04,456 [Worker-93: Importing Maven projects] INFO  o.e.m.c.i.e.AbstractTransferListenerAdapter - Downloading https://repo.maven.apache.org/maven2/io/projectreactor/reactor-bom/2024.0.5/reactor-bom-2024.0.5.pom
2025-04-26 17:08:04,465 [Worker-93: Importing Maven projects] INFO  o.e.m.c.i.e.AbstractTransferListenerAdapter - Downloaded https://repo.maven.apache.org/maven2/io/projectreactor/reactor-bom/2024.0.5/reactor-bom-2024.0.5.pom
2025-04-26 17:08:04,518 [Worker-93: Importing Maven projects] INFO  o.e.m.c.i.e.AbstractTransferListenerAdapter - Downloading https://repo.maven.apache.org/maven2/org/springframework/amqp/spring-amqp-bom/3.2.5/spring-amqp-bom-3.2.5.pom
2025-04-26 17:08:04,529 [Worker-93: Importing Maven projects] INFO  o.e.m.c.i.e.AbstractTransferListenerAdapter - Downloaded https://repo.maven.apache.org/maven2/org/springframework/amqp/spring-amqp-bom/3.2.5/spring-amqp-bom-3.2.5.pom
2025-04-26 17:08:04,574 [Worker-93: Importing Maven projects] INFO  o.e.m.c.i.e.AbstractTransferListenerAdapter - Downloading https://repo.maven.apache.org/maven2/org/springframework/data/spring-data-bom/2024.1.5/spring-data-bom-2024.1.5.pom
2025-04-26 17:08:04,584 [Worker-93: Importing Maven projects] INFO  o.e.m.c.i.e.AbstractTransferListenerAdapter - Downloaded https://repo.maven.apache.org/maven2/org/springframework/data/spring-data-bom/2024.1.5/spring-data-bom-2024.1.5.pom
2025-04-26 17:08:04,642 [Worker-93: Importing Maven projects] INFO  o.e.m.c.i.e.AbstractTransferListenerAdapter - Downloading https://repo.maven.apache.org/maven2/org/springframework/spring-framework-bom/6.2.6/spring-framework-bom-6.2.6.pom
2025-04-26 17:08:04,650 [Worker-93: Importing Maven projects] INFO  o.e.m.c.i.e.AbstractTransferListenerAdapter - Downloaded https://repo.maven.apache.org/maven2/org/springframework/spring-framework-bom/6.2.6/spring-framework-bom-6.2.6.pom
2025-04-26 17:08:04,705 [Worker-93: Importing Maven projects] INFO  o.e.m.c.i.e.AbstractTransferListenerAdapter - Downloading https://repo.maven.apache.org/maven2/org/springframework/integration/spring-integration-bom/6.4.4/spring-integration-bom-6.4.4.pom
2025-04-26 17:08:04,714 [Worker-93: Importing Maven projects] INFO  o.e.m.c.i.e.AbstractTransferListenerAdapter - Downloaded https://repo.maven.apache.org/maven2/org/springframework/integration/spring-integration-bom/6.4.4/spring-integration-bom-6.4.4.pom
2025-04-26 17:08:04,762 [Worker-93: Importing Maven projects] INFO  o.e.m.c.i.e.AbstractTransferListenerAdapter - Downloading https://repo.maven.apache.org/maven2/org/springframework/pulsar/spring-pulsar-bom/1.2.5/spring-pulsar-bom-1.2.5.pom
2025-04-26 17:08:04,772 [Worker-93: Importing Maven projects] INFO  o.e.m.c.i.e.AbstractTransferListenerAdapter - Downloaded https://repo.maven.apache.org/maven2/org/springframework/pulsar/spring-pulsar-bom/1.2.5/spring-pulsar-bom-1.2.5.pom
2025-04-26 17:08:04,829 [Worker-93: Importing Maven projects] INFO  o.e.m.c.i.e.AbstractTransferListenerAdapter - Downloading https://repo.maven.apache.org/maven2/org/springframework/security/spring-security-bom/6.4.5/spring-security-bom-6.4.5.pom
2025-04-26 17:08:04,842 [Worker-93: Importing Maven projects] INFO  o.e.m.c.i.e.AbstractTransferListenerAdapter - Downloaded https://repo.maven.apache.org/maven2/org/springframework/security/spring-security-bom/6.4.5/spring-security-bom-6.4.5.pom
2025-04-26 17:08:04,889 [Worker-93: Importing Maven projects] INFO  o.e.m.c.i.e.AbstractTransferListenerAdapter - Downloading https://repo.maven.apache.org/maven2/org/springframework/session/spring-session-bom/3.4.3/spring-session-bom-3.4.3.pom
2025-04-26 17:08:04,912 [Worker-93: Importing Maven projects] INFO  o.e.m.c.i.e.AbstractTransferListenerAdapter - Downloaded https://repo.maven.apache.org/maven2/org/springframework/session/spring-session-bom/3.4.3/spring-session-bom-3.4.3.pom
2025-04-26 17:08:04,967 [Worker-93: Importing Maven projects] INFO  o.e.m.c.i.e.AbstractTransferListenerAdapter - Downloading https://repo.maven.apache.org/maven2/org/springframework/ws/spring-ws-bom/4.0.13/spring-ws-bom-4.0.13.pom
2025-04-26 17:08:04,976 [Worker-93: Importing Maven projects] INFO  o.e.m.c.i.e.AbstractTransferListenerAdapter - Downloaded https://repo.maven.apache.org/maven2/org/springframework/ws/spring-ws-bom/4.0.13/spring-ws-bom-4.0.13.pom
2025-04-26 17:08:06,009 [Worker-93: Importing Maven projects] INFO  o.e.m.c.i.e.AbstractTransferListenerAdapter - Downloading https://repo.maven.apache.org/maven2/org/springframework/boot/spring-boot-maven-plugin/3.4.5/spring-boot-maven-plugin-3.4.5.pom
2025-04-26 17:08:06,019 [Worker-93: Importing Maven projects] INFO  o.e.m.c.i.e.AbstractTransferListenerAdapter - Downloaded https://repo.maven.apache.org/maven2/org/springframework/boot/spring-boot-maven-plugin/3.4.5/spring-boot-maven-plugin-3.4.5.pom
2025-04-26 17:08:06,070 [Worker-93: Importing Maven projects] INFO  o.e.m.c.i.e.AbstractTransferListenerAdapter - Downloading https://repo.maven.apache.org/maven2/org/springframework/boot/spring-boot-maven-plugin/3.4.5/spring-boot-maven-plugin-3.4.5.jar
2025-04-26 17:08:06,120 [Worker-93: Importing Maven projects] INFO  o.e.m.c.i.e.AbstractTransferListenerAdapter - Downloaded https://repo.maven.apache.org/maven2/org/springframework/boot/spring-boot-maven-plugin/3.4.5/spring-boot-maven-plugin-3.4.5.jar
2025-04-26 17:08:06,228 [Worker-93: Importing Maven projects] INFO  o.e.m.c.i.e.AbstractTransferListenerAdapter - Downloading https://repo.maven.apache.org/maven2/org/apache/maven/plugins/maven-surefire-plugin/3.5.3/maven-surefire-plugin-3.5.3.jar
2025-04-26 17:08:06,249 [Worker-93: Importing Maven projects] INFO  o.e.m.c.i.e.AbstractTransferListenerAdapter - Downloaded https://repo.maven.apache.org/maven2/org/apache/maven/plugins/maven-surefire-plugin/3.5.3/maven-surefire-plugin-3.5.3.jar
2025-04-26 17:08:06,489 [Worker-93: Importing Maven projects] INFO  o.e.m.c.i.l.LifecycleMappingFactory - Using org.eclipse.m2e.jdt.JarLifecycleMapping lifecycle mapping for MavenProject: com.chat:microservice:0.0.1-SNAPSHOT @ E:\socappback\microservice\pom.xml.
2025-04-26 17:08:06,553 [Worker-93: Importing Maven projects] INFO  o.e.m.c.i.e.AbstractTransferListenerAdapter - Downloading https://repo.maven.apache.org/maven2/org/springframework/boot/spring-boot-starter-data-mongodb/3.4.5/spring-boot-starter-data-mongodb-3.4.5.pom
2025-04-26 17:08:06,566 [Worker-93: Importing Maven projects] INFO  o.e.m.c.i.e.AbstractTransferListenerAdapter - Downloaded https://repo.maven.apache.org/maven2/org/springframework/boot/spring-boot-starter-data-mongodb/3.4.5/spring-boot-starter-data-mongodb-3.4.5.pom
2025-04-26 17:08:06,615 [Worker-93: Importing Maven projects] INFO  o.e.m.c.i.e.AbstractTransferListenerAdapter - Downloading https://repo.maven.apache.org/maven2/org/springframework/boot/spring-boot-starter/3.4.5/spring-boot-starter-3.4.5.pom
2025-04-26 17:08:06,631 [Worker-93: Importing Maven projects] INFO  o.e.m.c.i.e.AbstractTransferListenerAdapter - Downloaded https://repo.maven.apache.org/maven2/org/springframework/boot/spring-boot-starter/3.4.5/spring-boot-starter-3.4.5.pom
2025-04-26 17:08:06,679 [Worker-93: Importing Maven projects] INFO  o.e.m.c.i.e.AbstractTransferListenerAdapter - Downloading https://repo.maven.apache.org/maven2/org/springframework/boot/spring-boot/3.4.5/spring-boot-3.4.5.pom
2025-04-26 17:08:06,693 [Worker-93: Importing Maven projects] INFO  o.e.m.c.i.e.AbstractTransferListenerAdapter - Downloaded https://repo.maven.apache.org/maven2/org/springframework/boot/spring-boot/3.4.5/spring-boot-3.4.5.pom
2025-04-26 17:08:06,737 [Worker-93: Importing Maven projects] INFO  o.e.m.c.i.e.AbstractTransferListenerAdapter - Downloading https://repo.maven.apache.org/maven2/org/springframework/spring-core/6.2.6/spring-core-6.2.6.pom
2025-04-26 17:08:06,746 [Worker-93: Importing Maven projects] INFO  o.e.m.c.i.e.AbstractTransferListenerAdapter - Downloaded https://repo.maven.apache.org/maven2/org/springframework/spring-core/6.2.6/spring-core-6.2.6.pom
2025-04-26 17:08:06,787 [Worker-93: Importing Maven projects] INFO  o.e.m.c.i.e.AbstractTransferListenerAdapter - Downloading https://repo.maven.apache.org/maven2/org/springframework/spring-jcl/6.2.6/spring-jcl-6.2.6.pom
2025-04-26 17:08:06,796 [Worker-93: Importing Maven projects] INFO  o.e.m.c.i.e.AbstractTransferListenerAdapter - Downloaded https://repo.maven.apache.org/maven2/org/springframework/spring-jcl/6.2.6/spring-jcl-6.2.6.pom
2025-04-26 17:08:06,839 [Worker-93: Importing Maven projects] INFO  o.e.m.c.i.e.AbstractTransferListenerAdapter - Downloading https://repo.maven.apache.org/maven2/org/springframework/spring-context/6.2.6/spring-context-6.2.6.pom
2025-04-26 17:08:06,847 [Worker-93: Importing Maven projects] INFO  o.e.m.c.i.e.AbstractTransferListenerAdapter - Downloaded https://repo.maven.apache.org/maven2/org/springframework/spring-context/6.2.6/spring-context-6.2.6.pom
2025-04-26 17:08:06,890 [Worker-93: Importing Maven projects] INFO  o.e.m.c.i.e.AbstractTransferListenerAdapter - Downloading https://repo.maven.apache.org/maven2/org/springframework/spring-aop/6.2.6/spring-aop-6.2.6.pom
2025-04-26 17:08:06,902 [Worker-93: Importing Maven projects] INFO  o.e.m.c.i.e.AbstractTransferListenerAdapter - Downloaded https://repo.maven.apache.org/maven2/org/springframework/spring-aop/6.2.6/spring-aop-6.2.6.pom
2025-04-26 17:08:06,944 [Worker-93: Importing Maven projects] INFO  o.e.m.c.i.e.AbstractTransferListenerAdapter - Downloading https://repo.maven.apache.org/maven2/org/springframework/spring-beans/6.2.6/spring-beans-6.2.6.pom
2025-04-26 17:08:06,952 [Worker-93: Importing Maven projects] INFO  o.e.m.c.i.e.AbstractTransferListenerAdapter - Downloaded https://repo.maven.apache.org/maven2/org/springframework/spring-beans/6.2.6/spring-beans-6.2.6.pom
2025-04-26 17:08:07,001 [Worker-93: Importing Maven projects] INFO  o.e.m.c.i.e.AbstractTransferListenerAdapter - Downloading https://repo.maven.apache.org/maven2/org/springframework/spring-expression/6.2.6/spring-expression-6.2.6.pom
2025-04-26 17:08:07,014 [Worker-93: Importing Maven projects] INFO  o.e.m.c.i.e.AbstractTransferListenerAdapter - Downloaded https://repo.maven.apache.org/maven2/org/springframework/spring-expression/6.2.6/spring-expression-6.2.6.pom
2025-04-26 17:08:07,060 [Worker-93: Importing Maven projects] INFO  o.e.m.c.i.e.AbstractTransferListenerAdapter - Downloading https://repo.maven.apache.org/maven2/io/micrometer/micrometer-observation/1.14.6/micrometer-observation-1.14.6.pom
2025-04-26 17:08:07,069 [Worker-93: Importing Maven projects] INFO  o.e.m.c.i.e.AbstractTransferListenerAdapter - Downloaded https://repo.maven.apache.org/maven2/io/micrometer/micrometer-observation/1.14.6/micrometer-observation-1.14.6.pom
2025-04-26 17:08:07,110 [Worker-93: Importing Maven projects] INFO  o.e.m.c.i.e.AbstractTransferListenerAdapter - Downloading https://repo.maven.apache.org/maven2/io/micrometer/micrometer-commons/1.14.6/micrometer-commons-1.14.6.pom
2025-04-26 17:08:07,123 [Worker-93: Importing Maven projects] INFO  o.e.m.c.i.e.AbstractTransferListenerAdapter - Downloaded https://repo.maven.apache.org/maven2/io/micrometer/micrometer-commons/1.14.6/micrometer-commons-1.14.6.pom
2025-04-26 17:08:07,170 [Worker-93: Importing Maven projects] INFO  o.e.m.c.i.e.AbstractTransferListenerAdapter - Downloading https://repo.maven.apache.org/maven2/org/springframework/boot/spring-boot-autoconfigure/3.4.5/spring-boot-autoconfigure-3.4.5.pom
2025-04-26 17:08:07,184 [Worker-93: Importing Maven projects] INFO  o.e.m.c.i.e.AbstractTransferListenerAdapter - Downloaded https://repo.maven.apache.org/maven2/org/springframework/boot/spring-boot-autoconfigure/3.4.5/spring-boot-autoconfigure-3.4.5.pom
2025-04-26 17:08:07,227 [Worker-93: Importing Maven projects] INFO  o.e.m.c.i.e.AbstractTransferListenerAdapter - Downloading https://repo.maven.apache.org/maven2/org/springframework/boot/spring-boot-starter-logging/3.4.5/spring-boot-starter-logging-3.4.5.pom
2025-04-26 17:08:07,240 [Worker-93: Importing Maven projects] INFO  o.e.m.c.i.e.AbstractTransferListenerAdapter - Downloaded https://repo.maven.apache.org/maven2/org/springframework/boot/spring-boot-starter-logging/3.4.5/spring-boot-starter-logging-3.4.5.pom
2025-04-26 17:08:07,378 [Worker-93: Importing Maven projects] INFO  o.e.m.c.i.e.AbstractTransferListenerAdapter - Downloading https://repo.maven.apache.org/maven2/org/mongodb/mongodb-driver-sync/5.2.1/mongodb-driver-sync-5.2.1.pom
2025-04-26 17:08:07,388 [Worker-93: Importing Maven projects] INFO  o.e.m.c.i.e.AbstractTransferListenerAdapter - Downloaded https://repo.maven.apache.org/maven2/org/mongodb/mongodb-driver-sync/5.2.1/mongodb-driver-sync-5.2.1.pom
2025-04-26 17:08:07,431 [Worker-93: Importing Maven projects] INFO  o.e.m.c.i.e.AbstractTransferListenerAdapter - Downloading https://repo.maven.apache.org/maven2/org/mongodb/bson/5.2.1/bson-5.2.1.pom
2025-04-26 17:08:07,438 [Worker-93: Importing Maven projects] INFO  o.e.m.c.i.e.AbstractTransferListenerAdapter - Downloaded https://repo.maven.apache.org/maven2/org/mongodb/bson/5.2.1/bson-5.2.1.pom
2025-04-26 17:08:07,487 [Worker-93: Importing Maven projects] INFO  o.e.m.c.i.e.AbstractTransferListenerAdapter - Downloading https://repo.maven.apache.org/maven2/org/mongodb/mongodb-driver-core/5.2.1/mongodb-driver-core-5.2.1.pom
2025-04-26 17:08:07,498 [Worker-93: Importing Maven projects] INFO  o.e.m.c.i.e.AbstractTransferListenerAdapter - Downloaded https://repo.maven.apache.org/maven2/org/mongodb/mongodb-driver-core/5.2.1/mongodb-driver-core-5.2.1.pom
2025-04-26 17:08:07,545 [Worker-93: Importing Maven projects] INFO  o.e.m.c.i.e.AbstractTransferListenerAdapter - Downloading https://repo.maven.apache.org/maven2/io/netty/netty-bom/4.1.87.Final/netty-bom-4.1.87.Final.pom
2025-04-26 17:08:07,559 [Worker-93: Importing Maven projects] INFO  o.e.m.c.i.e.AbstractTransferListenerAdapter - Downloaded https://repo.maven.apache.org/maven2/io/netty/netty-bom/4.1.87.Final/netty-bom-4.1.87.Final.pom
2025-04-26 17:08:07,605 [Worker-93: Importing Maven projects] INFO  o.e.m.c.i.e.AbstractTransferListenerAdapter - Downloading https://repo.maven.apache.org/maven2/org/mongodb/bson-record-codec/5.2.1/bson-record-codec-5.2.1.pom
2025-04-26 17:08:07,615 [Worker-93: Importing Maven projects] INFO  o.e.m.c.i.e.AbstractTransferListenerAdapter - Downloaded https://repo.maven.apache.org/maven2/org/mongodb/bson-record-codec/5.2.1/bson-record-codec-5.2.1.pom
2025-04-26 17:08:07,658 [Worker-93: Importing Maven projects] INFO  o.e.m.c.i.e.AbstractTransferListenerAdapter - Downloading https://repo.maven.apache.org/maven2/org/springframework/data/spring-data-mongodb/4.4.5/spring-data-mongodb-4.4.5.pom
2025-04-26 17:08:07,674 [Worker-93: Importing Maven projects] INFO  o.e.m.c.i.e.AbstractTransferListenerAdapter - Downloaded https://repo.maven.apache.org/maven2/org/springframework/data/spring-data-mongodb/4.4.5/spring-data-mongodb-4.4.5.pom
2025-04-26 17:08:07,717 [Worker-93: Importing Maven projects] INFO  o.e.m.c.i.e.AbstractTransferListenerAdapter - Downloading https://repo.maven.apache.org/maven2/org/springframework/data/spring-data-mongodb-parent/4.4.5/spring-data-mongodb-parent-4.4.5.pom
2025-04-26 17:08:07,728 [Worker-93: Importing Maven projects] INFO  o.e.m.c.i.e.AbstractTransferListenerAdapter - Downloaded https://repo.maven.apache.org/maven2/org/springframework/data/spring-data-mongodb-parent/4.4.5/spring-data-mongodb-parent-4.4.5.pom
2025-04-26 17:08:07,772 [Worker-93: Importing Maven projects] INFO  o.e.m.c.i.e.AbstractTransferListenerAdapter - Downloading https://repo.maven.apache.org/maven2/org/springframework/data/build/spring-data-parent/3.4.5/spring-data-parent-3.4.5.pom
2025-04-26 17:08:07,795 [Worker-93: Importing Maven projects] INFO  o.e.m.c.i.e.AbstractTransferListenerAdapter - Downloaded https://repo.maven.apache.org/maven2/org/springframework/data/build/spring-data-parent/3.4.5/spring-data-parent-3.4.5.pom
2025-04-26 17:08:07,842 [Worker-93: Importing Maven projects] INFO  o.e.m.c.i.e.AbstractTransferListenerAdapter - Downloading https://repo.maven.apache.org/maven2/org/springframework/data/build/spring-data-build/3.4.5/spring-data-build-3.4.5.pom
2025-04-26 17:08:07,855 [Worker-93: Importing Maven projects] INFO  o.e.m.c.i.e.AbstractTransferListenerAdapter - Downloaded https://repo.maven.apache.org/maven2/org/springframework/data/build/spring-data-build/3.4.5/spring-data-build-3.4.5.pom
2025-04-26 17:08:07,909 [Worker-93: Importing Maven projects] INFO  o.e.m.c.i.e.AbstractTransferListenerAdapter - Downloading https://repo.maven.apache.org/maven2/org/springframework/spring-tx/6.2.6/spring-tx-6.2.6.pom
2025-04-26 17:08:07,921 [Worker-93: Importing Maven projects] INFO  o.e.m.c.i.e.AbstractTransferListenerAdapter - Downloaded https://repo.maven.apache.org/maven2/org/springframework/spring-tx/6.2.6/spring-tx-6.2.6.pom
2025-04-26 17:08:07,965 [Worker-93: Importing Maven projects] INFO  o.e.m.c.i.e.AbstractTransferListenerAdapter - Downloading https://repo.maven.apache.org/maven2/org/springframework/data/spring-data-commons/3.4.5/spring-data-commons-3.4.5.pom
2025-04-26 17:08:07,975 [Worker-93: Importing Maven projects] INFO  o.e.m.c.i.e.AbstractTransferListenerAdapter - Downloaded https://repo.maven.apache.org/maven2/org/springframework/data/spring-data-commons/3.4.5/spring-data-commons-3.4.5.pom
2025-04-26 17:08:08,024 [Worker-93: Importing Maven projects] INFO  o.e.m.c.i.e.AbstractTransferListenerAdapter - Downloading https://repo.maven.apache.org/maven2/org/springframework/boot/spring-boot-starter-web/3.4.5/spring-boot-starter-web-3.4.5.pom
2025-04-26 17:08:08,033 [Worker-93: Importing Maven projects] INFO  o.e.m.c.i.e.AbstractTransferListenerAdapter - Downloaded https://repo.maven.apache.org/maven2/org/springframework/boot/spring-boot-starter-web/3.4.5/spring-boot-starter-web-3.4.5.pom
2025-04-26 17:08:08,076 [Worker-93: Importing Maven projects] INFO  o.e.m.c.i.e.AbstractTransferListenerAdapter - Downloading https://repo.maven.apache.org/maven2/org/springframework/boot/spring-boot-starter-json/3.4.5/spring-boot-starter-json-3.4.5.pom
2025-04-26 17:08:08,089 [Worker-93: Importing Maven projects] INFO  o.e.m.c.i.e.AbstractTransferListenerAdapter - Downloaded https://repo.maven.apache.org/maven2/org/springframework/boot/spring-boot-starter-json/3.4.5/spring-boot-starter-json-3.4.5.pom
2025-04-26 17:08:08,130 [Worker-93: Importing Maven projects] INFO  o.e.m.c.i.e.AbstractTransferListenerAdapter - Downloading https://repo.maven.apache.org/maven2/org/springframework/spring-web/6.2.6/spring-web-6.2.6.pom
2025-04-26 17:08:08,139 [Worker-93: Importing Maven projects] INFO  o.e.m.c.i.e.AbstractTransferListenerAdapter - Downloaded https://repo.maven.apache.org/maven2/org/springframework/spring-web/6.2.6/spring-web-6.2.6.pom
2025-04-26 17:08:08,212 [Worker-93: Importing Maven projects] INFO  o.e.m.c.i.e.AbstractTransferListenerAdapter - Downloading https://repo.maven.apache.org/maven2/org/springframework/boot/spring-boot-starter-tomcat/3.4.5/spring-boot-starter-tomcat-3.4.5.pom
2025-04-26 17:08:08,219 [Worker-93: Importing Maven projects] INFO  o.e.m.c.i.e.AbstractTransferListenerAdapter - Downloaded https://repo.maven.apache.org/maven2/org/springframework/boot/spring-boot-starter-tomcat/3.4.5/spring-boot-starter-tomcat-3.4.5.pom
2025-04-26 17:08:08,259 [Worker-93: Importing Maven projects] INFO  o.e.m.c.i.e.AbstractTransferListenerAdapter - Downloading https://repo.maven.apache.org/maven2/org/apache/tomcat/embed/tomcat-embed-core/10.1.40/tomcat-embed-core-10.1.40.pom
2025-04-26 17:08:08,267 [Worker-93: Importing Maven projects] INFO  o.e.m.c.i.e.AbstractTransferListenerAdapter - Downloaded https://repo.maven.apache.org/maven2/org/apache/tomcat/embed/tomcat-embed-core/10.1.40/tomcat-embed-core-10.1.40.pom
2025-04-26 17:08:08,309 [Worker-93: Importing Maven projects] INFO  o.e.m.c.i.e.AbstractTransferListenerAdapter - Downloading https://repo.maven.apache.org/maven2/org/apache/tomcat/embed/tomcat-embed-el/10.1.40/tomcat-embed-el-10.1.40.pom
2025-04-26 17:08:08,319 [Worker-93: Importing Maven projects] INFO  o.e.m.c.i.e.AbstractTransferListenerAdapter - Downloaded https://repo.maven.apache.org/maven2/org/apache/tomcat/embed/tomcat-embed-el/10.1.40/tomcat-embed-el-10.1.40.pom
2025-04-26 17:08:08,362 [Worker-93: Importing Maven projects] INFO  o.e.m.c.i.e.AbstractTransferListenerAdapter - Downloading https://repo.maven.apache.org/maven2/org/apache/tomcat/embed/tomcat-embed-websocket/10.1.40/tomcat-embed-websocket-10.1.40.pom
2025-04-26 17:08:08,371 [Worker-93: Importing Maven projects] INFO  o.e.m.c.i.e.AbstractTransferListenerAdapter - Downloaded https://repo.maven.apache.org/maven2/org/apache/tomcat/embed/tomcat-embed-websocket/10.1.40/tomcat-embed-websocket-10.1.40.pom
2025-04-26 17:08:08,418 [Worker-93: Importing Maven projects] INFO  o.e.m.c.i.e.AbstractTransferListenerAdapter - Downloading https://repo.maven.apache.org/maven2/org/springframework/spring-webmvc/6.2.6/spring-webmvc-6.2.6.pom
2025-04-26 17:08:08,426 [Worker-93: Importing Maven projects] INFO  o.e.m.c.i.e.AbstractTransferListenerAdapter - Downloaded https://repo.maven.apache.org/maven2/org/springframework/spring-webmvc/6.2.6/spring-webmvc-6.2.6.pom
2025-04-26 17:08:08,469 [Worker-93: Importing Maven projects] INFO  o.e.m.c.i.e.AbstractTransferListenerAdapter - Downloading https://repo.maven.apache.org/maven2/org/springframework/boot/spring-boot-devtools/3.4.5/spring-boot-devtools-3.4.5.pom
2025-04-26 17:08:08,476 [Worker-93: Importing Maven projects] INFO  o.e.m.c.i.e.AbstractTransferListenerAdapter - Downloaded https://repo.maven.apache.org/maven2/org/springframework/boot/spring-boot-devtools/3.4.5/spring-boot-devtools-3.4.5.pom
2025-04-26 17:08:08,516 [Worker-93: Importing Maven projects] INFO  o.e.m.c.i.e.AbstractTransferListenerAdapter - Downloading https://repo.maven.apache.org/maven2/org/projectlombok/lombok/1.18.38/lombok-1.18.38.pom
2025-04-26 17:08:08,524 [Worker-93: Importing Maven projects] INFO  o.e.m.c.i.e.AbstractTransferListenerAdapter - Downloaded https://repo.maven.apache.org/maven2/org/projectlombok/lombok/1.18.38/lombok-1.18.38.pom
2025-04-26 17:08:08,572 [Worker-93: Importing Maven projects] INFO  o.e.m.c.i.e.AbstractTransferListenerAdapter - Downloading https://repo.maven.apache.org/maven2/org/springframework/boot/spring-boot-starter-test/3.4.5/spring-boot-starter-test-3.4.5.pom
2025-04-26 17:08:08,580 [Worker-93: Importing Maven projects] INFO  o.e.m.c.i.e.AbstractTransferListenerAdapter - Downloaded https://repo.maven.apache.org/maven2/org/springframework/boot/spring-boot-starter-test/3.4.5/spring-boot-starter-test-3.4.5.pom
2025-04-26 17:08:08,620 [Worker-93: Importing Maven projects] INFO  o.e.m.c.i.e.AbstractTransferListenerAdapter - Downloading https://repo.maven.apache.org/maven2/org/springframework/boot/spring-boot-test/3.4.5/spring-boot-test-3.4.5.pom
2025-04-26 17:08:08,628 [Worker-93: Importing Maven projects] INFO  o.e.m.c.i.e.AbstractTransferListenerAdapter - Downloaded https://repo.maven.apache.org/maven2/org/springframework/boot/spring-boot-test/3.4.5/spring-boot-test-3.4.5.pom
2025-04-26 17:08:08,672 [Worker-93: Importing Maven projects] INFO  o.e.m.c.i.e.AbstractTransferListenerAdapter - Downloading https://repo.maven.apache.org/maven2/org/springframework/spring-test/6.2.6/spring-test-6.2.6.pom
2025-04-26 17:08:08,681 [Worker-93: Importing Maven projects] INFO  o.e.m.c.i.e.AbstractTransferListenerAdapter - Downloaded https://repo.maven.apache.org/maven2/org/springframework/spring-test/6.2.6/spring-test-6.2.6.pom
2025-04-26 17:08:08,721 [Worker-93: Importing Maven projects] INFO  o.e.m.c.i.e.AbstractTransferListenerAdapter - Downloading https://repo.maven.apache.org/maven2/org/springframework/boot/spring-boot-test-autoconfigure/3.4.5/spring-boot-test-autoconfigure-3.4.5.pom
2025-04-26 17:08:08,734 [Worker-93: Importing Maven projects] INFO  o.e.m.c.i.e.AbstractTransferListenerAdapter - Downloaded https://repo.maven.apache.org/maven2/org/springframework/boot/spring-boot-test-autoconfigure/3.4.5/spring-boot-test-autoconfigure-3.4.5.pom
2025-04-26 17:08:08,910 [Worker-93: Importing Maven projects] INFO  o.e.m.c.i.e.AbstractTransferListenerAdapter - Downloading https://repo.maven.apache.org/maven2/org/springframework/boot/spring-boot-starter-data-mongodb/3.4.5/spring-boot-starter-data-mongodb-3.4.5.jar
2025-04-26 17:08:08,919 [Worker-93: Importing Maven projects] INFO  o.e.m.c.i.e.AbstractTransferListenerAdapter - Downloaded https://repo.maven.apache.org/maven2/org/springframework/boot/spring-boot-starter-data-mongodb/3.4.5/spring-boot-starter-data-mongodb-3.4.5.jar
2025-04-26 17:08:08,962 [BasicRepositoryConnector-repo.maven.apache.org-0-2] INFO  o.e.m.c.i.e.AbstractTransferListenerAdapter - Downloading https://repo.maven.apache.org/maven2/org/mongodb/mongodb-driver-sync/5.2.1/mongodb-driver-sync-5.2.1.jar
2025-04-26 17:08:09,027 [BasicRepositoryConnector-repo.maven.apache.org-0-2] INFO  o.e.m.c.i.e.AbstractTransferListenerAdapter - Downloaded https://repo.maven.apache.org/maven2/org/mongodb/mongodb-driver-sync/5.2.1/mongodb-driver-sync-5.2.1.jar
2025-04-26 17:08:09,044 [BasicRepositoryConnector-repo.maven.apache.org-0-3] INFO  o.e.m.c.i.e.AbstractTransferListenerAdapter - Downloading https://repo.maven.apache.org/maven2/org/mongodb/bson/5.2.1/bson-5.2.1.jar
2025-04-26 17:08:09,050 [BasicRepositoryConnector-repo.maven.apache.org-0-0] INFO  o.e.m.c.i.e.AbstractTransferListenerAdapter - Downloading https://repo.maven.apache.org/maven2/org/springframework/boot/spring-boot-starter/3.4.5/spring-boot-starter-3.4.5.jar
2025-04-26 17:08:09,060 [BasicRepositoryConnector-repo.maven.apache.org-0-0] INFO  o.e.m.c.i.e.AbstractTransferListenerAdapter - Downloaded https://repo.maven.apache.org/maven2/org/springframework/boot/spring-boot-starter/3.4.5/spring-boot-starter-3.4.5.jar
2025-04-26 17:08:09,064 [BasicRepositoryConnector-repo.maven.apache.org-0-2] INFO  o.e.m.c.i.e.AbstractTransferListenerAdapter - Downloading https://repo.maven.apache.org/maven2/org/mongodb/bson-record-codec/5.2.1/bson-record-codec-5.2.1.jar
2025-04-26 17:08:09,065 [BasicRepositoryConnector-repo.maven.apache.org-0-1] INFO  o.e.m.c.i.e.AbstractTransferListenerAdapter - Downloading https://repo.maven.apache.org/maven2/org/springframework/boot/spring-boot-starter-logging/3.4.5/spring-boot-starter-logging-3.4.5.jar
2025-04-26 17:08:09,073 [BasicRepositoryConnector-repo.maven.apache.org-0-2] INFO  o.e.m.c.i.e.AbstractTransferListenerAdapter - Downloaded https://repo.maven.apache.org/maven2/org/mongodb/bson-record-codec/5.2.1/bson-record-codec-5.2.1.jar
2025-04-26 17:08:09,075 [BasicRepositoryConnector-repo.maven.apache.org-0-1] INFO  o.e.m.c.i.e.AbstractTransferListenerAdapter - Downloaded https://repo.maven.apache.org/maven2/org/springframework/boot/spring-boot-starter-logging/3.4.5/spring-boot-starter-logging-3.4.5.jar
2025-04-26 17:08:09,088 [BasicRepositoryConnector-repo.maven.apache.org-0-4] INFO  o.e.m.c.i.e.AbstractTransferListenerAdapter - Downloading https://repo.maven.apache.org/maven2/org/mongodb/mongodb-driver-core/5.2.1/mongodb-driver-core-5.2.1.jar
2025-04-26 17:08:09,098 [BasicRepositoryConnector-repo.maven.apache.org-0-0] INFO  o.e.m.c.i.e.AbstractTransferListenerAdapter - Downloading https://repo.maven.apache.org/maven2/org/springframework/data/spring-data-mongodb/4.4.5/spring-data-mongodb-4.4.5.jar
2025-04-26 17:08:09,115 [BasicRepositoryConnector-repo.maven.apache.org-0-1] INFO  o.e.m.c.i.e.AbstractTransferListenerAdapter - Downloading https://repo.maven.apache.org/maven2/org/springframework/spring-context/6.2.6/spring-context-6.2.6.jar
2025-04-26 17:08:09,115 [BasicRepositoryConnector-repo.maven.apache.org-0-2] INFO  o.e.m.c.i.e.AbstractTransferListenerAdapter - Downloading https://repo.maven.apache.org/maven2/org/springframework/spring-tx/6.2.6/spring-tx-6.2.6.jar
2025-04-26 17:08:09,231 [BasicRepositoryConnector-repo.maven.apache.org-0-3] INFO  o.e.m.c.i.e.AbstractTransferListenerAdapter - Downloaded https://repo.maven.apache.org/maven2/org/mongodb/bson/5.2.1/bson-5.2.1.jar
2025-04-26 17:08:09,271 [BasicRepositoryConnector-repo.maven.apache.org-0-3] INFO  o.e.m.c.i.e.AbstractTransferListenerAdapter - Downloading https://repo.maven.apache.org/maven2/org/springframework/spring-beans/6.2.6/spring-beans-6.2.6.jar
2025-04-26 17:08:09,357 [BasicRepositoryConnector-repo.maven.apache.org-0-2] INFO  o.e.m.c.i.e.AbstractTransferListenerAdapter - Downloaded https://repo.maven.apache.org/maven2/org/springframework/spring-tx/6.2.6/spring-tx-6.2.6.jar
2025-04-26 17:08:09,486 [BasicRepositoryConnector-repo.maven.apache.org-0-2] INFO  o.e.m.c.i.e.AbstractTransferListenerAdapter - Downloading https://repo.maven.apache.org/maven2/org/springframework/spring-expression/6.2.6/spring-expression-6.2.6.jar
2025-04-26 17:08:09,564 [BasicRepositoryConnector-repo.maven.apache.org-0-3] INFO  o.e.m.c.i.e.AbstractTransferListenerAdapter - Downloaded https://repo.maven.apache.org/maven2/org/springframework/spring-beans/6.2.6/spring-beans-6.2.6.jar
2025-04-26 17:08:09,624 [BasicRepositoryConnector-repo.maven.apache.org-0-3] INFO  o.e.m.c.i.e.AbstractTransferListenerAdapter - Downloading https://repo.maven.apache.org/maven2/org/springframework/data/spring-data-commons/3.4.5/spring-data-commons-3.4.5.jar
2025-04-26 17:08:09,632 [BasicRepositoryConnector-repo.maven.apache.org-0-2] INFO  o.e.m.c.i.e.AbstractTransferListenerAdapter - Downloaded https://repo.maven.apache.org/maven2/org/springframework/spring-expression/6.2.6/spring-expression-6.2.6.jar
2025-04-26 17:08:09,722 [BasicRepositoryConnector-repo.maven.apache.org-0-2] INFO  o.e.m.c.i.e.AbstractTransferListenerAdapter - Downloading https://repo.maven.apache.org/maven2/org/springframework/boot/spring-boot-starter-web/3.4.5/spring-boot-starter-web-3.4.5.jar
2025-04-26 17:08:09,731 [BasicRepositoryConnector-repo.maven.apache.org-0-2] INFO  o.e.m.c.i.e.AbstractTransferListenerAdapter - Downloaded https://repo.maven.apache.org/maven2/org/springframework/boot/spring-boot-starter-web/3.4.5/spring-boot-starter-web-3.4.5.jar
2025-04-26 17:08:09,832 [BasicRepositoryConnector-repo.maven.apache.org-0-2] INFO  o.e.m.c.i.e.AbstractTransferListenerAdapter - Downloading https://repo.maven.apache.org/maven2/org/springframework/boot/spring-boot-starter-json/3.4.5/spring-boot-starter-json-3.4.5.jar
2025-04-26 17:08:09,843 [BasicRepositoryConnector-repo.maven.apache.org-0-2] INFO  o.e.m.c.i.e.AbstractTransferListenerAdapter - Downloaded https://repo.maven.apache.org/maven2/org/springframework/boot/spring-boot-starter-json/3.4.5/spring-boot-starter-json-3.4.5.jar
2025-04-26 17:08:09,981 [BasicRepositoryConnector-repo.maven.apache.org-0-1] INFO  o.e.m.c.i.e.AbstractTransferListenerAdapter - Downloaded https://repo.maven.apache.org/maven2/org/springframework/spring-context/6.2.6/spring-context-6.2.6.jar
2025-04-26 17:08:10,020 [BasicRepositoryConnector-repo.maven.apache.org-0-2] INFO  o.e.m.c.i.e.AbstractTransferListenerAdapter - Downloading https://repo.maven.apache.org/maven2/org/springframework/boot/spring-boot-starter-tomcat/3.4.5/spring-boot-starter-tomcat-3.4.5.jar
2025-04-26 17:08:10,029 [BasicRepositoryConnector-repo.maven.apache.org-0-2] INFO  o.e.m.c.i.e.AbstractTransferListenerAdapter - Downloaded https://repo.maven.apache.org/maven2/org/springframework/boot/spring-boot-starter-tomcat/3.4.5/spring-boot-starter-tomcat-3.4.5.jar
2025-04-26 17:08:10,080 [BasicRepositoryConnector-repo.maven.apache.org-0-1] INFO  o.e.m.c.i.e.AbstractTransferListenerAdapter - Downloading https://repo.maven.apache.org/maven2/org/apache/tomcat/embed/tomcat-embed-core/10.1.40/tomcat-embed-core-10.1.40.jar
2025-04-26 17:08:10,083 [BasicRepositoryConnector-repo.maven.apache.org-0-3] INFO  o.e.m.c.i.e.AbstractTransferListenerAdapter - Downloaded https://repo.maven.apache.org/maven2/org/springframework/data/spring-data-commons/3.4.5/spring-data-commons-3.4.5.jar
2025-04-26 17:08:10,103 [BasicRepositoryConnector-repo.maven.apache.org-0-2] INFO  o.e.m.c.i.e.AbstractTransferListenerAdapter - Downloading https://repo.maven.apache.org/maven2/org/apache/tomcat/embed/tomcat-embed-el/10.1.40/tomcat-embed-el-10.1.40.jar
2025-04-26 17:08:10,146 [BasicRepositoryConnector-repo.maven.apache.org-0-3] INFO  o.e.m.c.i.e.AbstractTransferListenerAdapter - Downloading https://repo.maven.apache.org/maven2/org/apache/tomcat/embed/tomcat-embed-websocket/10.1.40/tomcat-embed-websocket-10.1.40.jar
2025-04-26 17:08:10,200 [BasicRepositoryConnector-repo.maven.apache.org-0-4] INFO  o.e.m.c.i.e.AbstractTransferListenerAdapter - Downloaded https://repo.maven.apache.org/maven2/org/mongodb/mongodb-driver-core/5.2.1/mongodb-driver-core-5.2.1.jar
2025-04-26 17:08:10,226 [BasicRepositoryConnector-repo.maven.apache.org-0-3] INFO  o.e.m.c.i.e.AbstractTransferListenerAdapter - Downloaded https://repo.maven.apache.org/maven2/org/apache/tomcat/embed/tomcat-embed-websocket/10.1.40/tomcat-embed-websocket-10.1.40.jar
2025-04-26 17:08:10,226 [BasicRepositoryConnector-repo.maven.apache.org-0-2] INFO  o.e.m.c.i.e.AbstractTransferListenerAdapter - Downloaded https://repo.maven.apache.org/maven2/org/apache/tomcat/embed/tomcat-embed-el/10.1.40/tomcat-embed-el-10.1.40.jar
2025-04-26 17:08:10,240 [BasicRepositoryConnector-repo.maven.apache.org-0-4] INFO  o.e.m.c.i.e.AbstractTransferListenerAdapter - Downloading https://repo.maven.apache.org/maven2/org/springframework/spring-web/6.2.6/spring-web-6.2.6.jar
2025-04-26 17:08:10,275 [BasicRepositoryConnector-repo.maven.apache.org-0-2] INFO  o.e.m.c.i.e.AbstractTransferListenerAdapter - Downloading https://repo.maven.apache.org/maven2/io/micrometer/micrometer-commons/1.14.6/micrometer-commons-1.14.6.jar
2025-04-26 17:08:10,288 [BasicRepositoryConnector-repo.maven.apache.org-0-3] INFO  o.e.m.c.i.e.AbstractTransferListenerAdapter - Downloading https://repo.maven.apache.org/maven2/io/micrometer/micrometer-observation/1.14.6/micrometer-observation-1.14.6.jar
2025-04-26 17:08:10,291 [BasicRepositoryConnector-repo.maven.apache.org-0-2] INFO  o.e.m.c.i.e.AbstractTransferListenerAdapter - Downloaded https://repo.maven.apache.org/maven2/io/micrometer/micrometer-commons/1.14.6/micrometer-commons-1.14.6.jar
2025-04-26 17:08:10,362 [BasicRepositoryConnector-repo.maven.apache.org-0-3] INFO  o.e.m.c.i.e.AbstractTransferListenerAdapter - Downloaded https://repo.maven.apache.org/maven2/io/micrometer/micrometer-observation/1.14.6/micrometer-observation-1.14.6.jar
2025-04-26 17:08:10,365 [BasicRepositoryConnector-repo.maven.apache.org-0-2] INFO  o.e.m.c.i.e.AbstractTransferListenerAdapter - Downloading https://repo.maven.apache.org/maven2/org/springframework/spring-webmvc/6.2.6/spring-webmvc-6.2.6.jar
2025-04-26 17:08:10,368 [BasicRepositoryConnector-repo.maven.apache.org-0-0] INFO  o.e.m.c.i.e.AbstractTransferListenerAdapter - Downloaded https://repo.maven.apache.org/maven2/org/springframework/data/spring-data-mongodb/4.4.5/spring-data-mongodb-4.4.5.jar
2025-04-26 17:08:10,491 [BasicRepositoryConnector-repo.maven.apache.org-0-3] INFO  o.e.m.c.i.e.AbstractTransferListenerAdapter - Downloading https://repo.maven.apache.org/maven2/org/springframework/spring-aop/6.2.6/spring-aop-6.2.6.jar
2025-04-26 17:08:10,498 [BasicRepositoryConnector-repo.maven.apache.org-0-0] INFO  o.e.m.c.i.e.AbstractTransferListenerAdapter - Downloading https://repo.maven.apache.org/maven2/org/springframework/boot/spring-boot-devtools/3.4.5/spring-boot-devtools-3.4.5.jar
2025-04-26 17:08:10,706 [BasicRepositoryConnector-repo.maven.apache.org-0-0] INFO  o.e.m.c.i.e.AbstractTransferListenerAdapter - Downloaded https://repo.maven.apache.org/maven2/org/springframework/boot/spring-boot-devtools/3.4.5/spring-boot-devtools-3.4.5.jar
2025-04-26 17:08:10,714 [BasicRepositoryConnector-repo.maven.apache.org-0-2] INFO  o.e.m.c.i.e.AbstractTransferListenerAdapter - Downloaded https://repo.maven.apache.org/maven2/org/springframework/spring-webmvc/6.2.6/spring-webmvc-6.2.6.jar
2025-04-26 17:08:10,746 [BasicRepositoryConnector-repo.maven.apache.org-0-0] INFO  o.e.m.c.i.e.AbstractTransferListenerAdapter - Downloading https://repo.maven.apache.org/maven2/org/springframework/boot/spring-boot/3.4.5/spring-boot-3.4.5.jar
2025-04-26 17:08:10,748 [BasicRepositoryConnector-repo.maven.apache.org-0-3] INFO  o.e.m.c.i.e.AbstractTransferListenerAdapter - Downloaded https://repo.maven.apache.org/maven2/org/springframework/spring-aop/6.2.6/spring-aop-6.2.6.jar
2025-04-26 17:08:10,779 [BasicRepositoryConnector-repo.maven.apache.org-0-2] INFO  o.e.m.c.i.e.AbstractTransferListenerAdapter - Downloading https://repo.maven.apache.org/maven2/org/springframework/boot/spring-boot-autoconfigure/3.4.5/spring-boot-autoconfigure-3.4.5.jar
2025-04-26 17:08:10,800 [BasicRepositoryConnector-repo.maven.apache.org-0-3] INFO  o.e.m.c.i.e.AbstractTransferListenerAdapter - Downloading https://repo.maven.apache.org/maven2/org/projectlombok/lombok/1.18.38/lombok-1.18.38.jar
2025-04-26 17:08:11,275 [BasicRepositoryConnector-repo.maven.apache.org-0-0] INFO  o.e.m.c.i.e.AbstractTransferListenerAdapter - Downloaded https://repo.maven.apache.org/maven2/org/springframework/boot/spring-boot/3.4.5/spring-boot-3.4.5.jar
2025-04-26 17:08:11,403 [BasicRepositoryConnector-repo.maven.apache.org-0-0] INFO  o.e.m.c.i.e.AbstractTransferListenerAdapter - Downloading https://repo.maven.apache.org/maven2/org/springframework/boot/spring-boot-starter-test/3.4.5/spring-boot-starter-test-3.4.5.jar
2025-04-26 17:08:11,410 [BasicRepositoryConnector-repo.maven.apache.org-0-0] INFO  o.e.m.c.i.e.AbstractTransferListenerAdapter - Downloaded https://repo.maven.apache.org/maven2/org/springframework/boot/spring-boot-starter-test/3.4.5/spring-boot-starter-test-3.4.5.jar
2025-04-26 17:08:11,458 [BasicRepositoryConnector-repo.maven.apache.org-0-4] INFO  o.e.m.c.i.e.AbstractTransferListenerAdapter - Downloaded https://repo.maven.apache.org/maven2/org/springframework/spring-web/6.2.6/spring-web-6.2.6.jar
2025-04-26 17:08:11,557 [BasicRepositoryConnector-repo.maven.apache.org-0-0] INFO  o.e.m.c.i.e.AbstractTransferListenerAdapter - Downloading https://repo.maven.apache.org/maven2/org/springframework/boot/spring-boot-test/3.4.5/spring-boot-test-3.4.5.jar
2025-04-26 17:08:11,627 [BasicRepositoryConnector-repo.maven.apache.org-0-4] INFO  o.e.m.c.i.e.AbstractTransferListenerAdapter - Downloading https://repo.maven.apache.org/maven2/org/springframework/boot/spring-boot-test-autoconfigure/3.4.5/spring-boot-test-autoconfigure-3.4.5.jar
2025-04-26 17:08:11,668 [BasicRepositoryConnector-repo.maven.apache.org-0-0] INFO  o.e.m.c.i.e.AbstractTransferListenerAdapter - Downloaded https://repo.maven.apache.org/maven2/org/springframework/boot/spring-boot-test/3.4.5/spring-boot-test-3.4.5.jar
2025-04-26 17:08:11,786 [BasicRepositoryConnector-repo.maven.apache.org-0-4] INFO  o.e.m.c.i.e.AbstractTransferListenerAdapter - Downloaded https://repo.maven.apache.org/maven2/org/springframework/boot/spring-boot-test-autoconfigure/3.4.5/spring-boot-test-autoconfigure-3.4.5.jar
2025-04-26 17:08:11,824 [BasicRepositoryConnector-repo.maven.apache.org-0-0] INFO  o.e.m.c.i.e.AbstractTransferListenerAdapter - Downloading https://repo.maven.apache.org/maven2/org/springframework/spring-core/6.2.6/spring-core-6.2.6.jar
2025-04-26 17:08:12,120 [BasicRepositoryConnector-repo.maven.apache.org-0-4] INFO  o.e.m.c.i.e.AbstractTransferListenerAdapter - Downloading https://repo.maven.apache.org/maven2/org/springframework/spring-jcl/6.2.6/spring-jcl-6.2.6.jar
2025-04-26 17:08:12,149 [BasicRepositoryConnector-repo.maven.apache.org-0-4] INFO  o.e.m.c.i.e.AbstractTransferListenerAdapter - Downloaded https://repo.maven.apache.org/maven2/org/springframework/spring-jcl/6.2.6/spring-jcl-6.2.6.jar
2025-04-26 17:08:12,183 [BasicRepositoryConnector-repo.maven.apache.org-0-3] INFO  o.e.m.c.i.e.AbstractTransferListenerAdapter - Downloaded https://repo.maven.apache.org/maven2/org/projectlombok/lombok/1.18.38/lombok-1.18.38.jar
2025-04-26 17:08:12,252 [BasicRepositoryConnector-repo.maven.apache.org-0-1] INFO  o.e.m.c.i.e.AbstractTransferListenerAdapter - Downloaded https://repo.maven.apache.org/maven2/org/apache/tomcat/embed/tomcat-embed-core/10.1.40/tomcat-embed-core-10.1.40.jar
2025-04-26 17:08:12,293 [BasicRepositoryConnector-repo.maven.apache.org-0-4] INFO  o.e.m.c.i.e.AbstractTransferListenerAdapter - Downloading https://repo.maven.apache.org/maven2/org/springframework/spring-test/6.2.6/spring-test-6.2.6.jar
2025-04-26 17:08:12,414 [BasicRepositoryConnector-repo.maven.apache.org-0-0] INFO  o.e.m.c.i.e.AbstractTransferListenerAdapter - Downloaded https://repo.maven.apache.org/maven2/org/springframework/spring-core/6.2.6/spring-core-6.2.6.jar
2025-04-26 17:08:12,424 [BasicRepositoryConnector-repo.maven.apache.org-0-2] INFO  o.e.m.c.i.e.AbstractTransferListenerAdapter - Downloaded https://repo.maven.apache.org/maven2/org/springframework/boot/spring-boot-autoconfigure/3.4.5/spring-boot-autoconfigure-3.4.5.jar
2025-04-26 17:08:12,559 [BasicRepositoryConnector-repo.maven.apache.org-0-4] INFO  o.e.m.c.i.e.AbstractTransferListenerAdapter - Downloaded https://repo.maven.apache.org/maven2/org/springframework/spring-test/6.2.6/spring-test-6.2.6.jar
2025-04-26 17:08:12,757 [Worker-93: Importing Maven projects] INFO  o.e.m.c.i.l.LifecycleMappingFactory - Using org.eclipse.m2e.jdt.JarLifecycleMapping lifecycle mapping for MavenProject: com.fsad:circleup-backend:0.0.1-SNAPSHOT @ E:\socappback\circleup-backend\pom.xml.
2025-04-26 17:08:13,049 [Worker-93: Importing Maven projects] INFO  o.e.m.c.i.l.LifecycleMappingFactory - Using org.maven.ide.eclipse.wtp.WarLifecycleMapping lifecycle mapping for MavenProject: com.example:backend:0.0.1-SNAPSHOT @ E:\socappback\backend\pom.xml.
2025-04-26 17:08:13,179 [Worker-93: Importing Maven projects] INFO  o.e.m.c.i.l.LifecycleMappingFactory - Using org.eclipse.m2e.jdt.JarLifecycleMapping lifecycle mapping for MavenProject: com.chat:microservice:0.0.1-SNAPSHOT @ E:\socappback\microservice\pom.xml.
2025-04-26 17:08:13,948 [Worker-93: Importing Maven projects] INFO  o.e.m.c.i.e.AbstractTransferListenerAdapter - Downloading https://repo.maven.apache.org/maven2/org/apache/maven/plugins/maven-surefire-plugin/3.5.3/maven-surefire-plugin-3.5.3.pom
2025-04-26 17:08:13,957 [Worker-93: Importing Maven projects] INFO  o.e.m.c.i.e.AbstractTransferListenerAdapter - Downloaded https://repo.maven.apache.org/maven2/org/apache/maven/plugins/maven-surefire-plugin/3.5.3/maven-surefire-plugin-3.5.3.pom
2025-04-26 17:08:13,996 [Worker-93: Importing Maven projects] INFO  o.e.m.c.i.e.AbstractTransferListenerAdapter - Downloading https://repo.maven.apache.org/maven2/org/apache/maven/surefire/surefire/3.5.3/surefire-3.5.3.pom
2025-04-26 17:08:14,005 [Worker-93: Importing Maven projects] INFO  o.e.m.c.i.e.AbstractTransferListenerAdapter - Downloaded https://repo.maven.apache.org/maven2/org/apache/maven/surefire/surefire/3.5.3/surefire-3.5.3.pom
2025-04-26 17:08:14,047 [Worker-93: Importing Maven projects] INFO  o.e.m.c.i.e.AbstractTransferListenerAdapter - Downloading https://repo.maven.apache.org/maven2/org/apache/maven/maven-parent/44/maven-parent-44.pom
2025-04-26 17:08:14,064 [Worker-93: Importing Maven projects] INFO  o.e.m.c.i.e.AbstractTransferListenerAdapter - Downloaded https://repo.maven.apache.org/maven2/org/apache/maven/maven-parent/44/maven-parent-44.pom
2025-04-26 17:08:14,106 [Worker-93: Importing Maven projects] INFO  o.e.m.c.i.e.AbstractTransferListenerAdapter - Downloading https://repo.maven.apache.org/maven2/org/apache/apache/34/apache-34.pom
2025-04-26 17:08:14,116 [Worker-93: Importing Maven projects] INFO  o.e.m.c.i.e.AbstractTransferListenerAdapter - Downloaded https://repo.maven.apache.org/maven2/org/apache/apache/34/apache-34.pom
2025-04-26 17:08:14,153 [Worker-93: Importing Maven projects] INFO  o.e.m.c.i.e.AbstractTransferListenerAdapter - Downloading https://repo.maven.apache.org/maven2/org/junit/junit-bom/5.12.1/junit-bom-5.12.1.pom
2025-04-26 17:08:14,166 [Worker-93: Importing Maven projects] INFO  o.e.m.c.i.e.AbstractTransferListenerAdapter - Downloaded https://repo.maven.apache.org/maven2/org/junit/junit-bom/5.12.1/junit-bom-5.12.1.pom
2025-04-26 17:08:15,121 [Worker-93: Importing Maven projects] INFO  o.e.m.j.i.AbstractJavaProjectConfigurator - Adding source folder /microservice/src/main/java
2025-04-26 17:08:15,122 [Worker-93: Importing Maven projects] INFO  o.e.m.j.i.AbstractJavaProjectConfigurator - Adding resource folder /microservice/src/main/resources
2025-04-26 17:08:15,127 [Worker-93: Importing Maven projects] INFO  o.e.m.j.i.AbstractJavaProjectConfigurator - Adding resource folder /microservice/src/main/resources
2025-04-26 17:08:15,130 [Worker-93: Importing Maven projects] INFO  o.e.m.j.i.AbstractJavaProjectConfigurator - Adding source folder /microservice/src/test/java
2025-04-26 17:08:15,131 [Worker-93: Importing Maven projects] INFO  o.e.m.j.i.AbstractJavaProjectConfigurator - Adding resource folder /microservice/src/test/resources
2025-04-26 17:08:15,476 [Worker-93: Importing Maven projects] INFO  o.e.m.c.i.p.ProjectConfigurationManager - Imported and configured 1 project(s) in 12 sec
2025-04-26 17:08:15,924 [Worker-95: Download sources and javadoc] INFO  o.e.m.c.i.e.AbstractTransferListenerAdapter - Downloading https://repo.maven.apache.org/maven2/org/springframework/boot/spring-boot-starter-data-mongodb/3.4.5/spring-boot-starter-data-mongodb-3.4.5-sources.jar
2025-04-26 17:08:15,941 [Worker-95: Download sources and javadoc] INFO  o.e.m.c.i.e.AbstractTransferListenerAdapter - Downloaded https://repo.maven.apache.org/maven2/org/springframework/boot/spring-boot-starter-data-mongodb/3.4.5/spring-boot-starter-data-mongodb-3.4.5-sources.jar
2025-04-26 17:08:15,949 [Worker-95: Download sources and javadoc] INFO  o.e.m.j.internal.DownloadSourcesJob - Downloaded sources for org.springframework.boot:spring-boot-starter-data-mongodb:3.4.5
2025-04-26 17:08:16,002 [Worker-95: Download sources and javadoc] INFO  o.e.m.c.i.e.AbstractTransferListenerAdapter - Downloading https://repo.maven.apache.org/maven2/org/springframework/boot/spring-boot-starter/3.4.5/spring-boot-starter-3.4.5-sources.jar
2025-04-26 17:08:16,022 [Worker-95: Download sources and javadoc] INFO  o.e.m.c.i.e.AbstractTransferListenerAdapter - Downloaded https://repo.maven.apache.org/maven2/org/springframework/boot/spring-boot-starter/3.4.5/spring-boot-starter-3.4.5-sources.jar
2025-04-26 17:08:16,031 [Worker-95: Download sources and javadoc] INFO  o.e.m.j.internal.DownloadSourcesJob - Downloaded sources for org.springframework.boot:spring-boot-starter:3.4.5
2025-04-26 17:08:16,173 [Worker-95: Download sources and javadoc] INFO  o.e.m.c.i.e.AbstractTransferListenerAdapter - Downloading https://repo.maven.apache.org/maven2/org/springframework/boot/spring-boot-starter-logging/3.4.5/spring-boot-starter-logging-3.4.5-sources.jar
2025-04-26 17:08:16,201 [Worker-95: Download sources and javadoc] INFO  o.e.m.c.i.e.AbstractTransferListenerAdapter - Downloaded https://repo.maven.apache.org/maven2/org/springframework/boot/spring-boot-starter-logging/3.4.5/spring-boot-starter-logging-3.4.5-sources.jar
2025-04-26 17:08:16,212 [Worker-95: Download sources and javadoc] INFO  o.e.m.j.internal.DownloadSourcesJob - Downloaded sources for org.springframework.boot:spring-boot-starter-logging:3.4.5
2025-04-26 17:08:16,387 [Worker-95: Download sources and javadoc] INFO  o.e.m.c.i.e.AbstractTransferListenerAdapter - Downloading https://repo.maven.apache.org/maven2/org/mongodb/mongodb-driver-sync/5.2.1/mongodb-driver-sync-5.2.1-sources.jar
2025-04-26 17:08:16,464 [Worker-97: Building] INFO  o.a.m.s.f.DefaultMavenResourcesFiltering - Copying 1 resource from src\main\resources to target\classes
2025-04-26 17:08:16,482 [Worker-97: Building] INFO  o.a.m.s.f.DefaultMavenResourcesFiltering - Copying 0 resource from src\main\resources to target\classes
2025-04-26 17:08:16,487 [Worker-97: Building] INFO  o.a.m.s.f.DefaultMavenResourcesFiltering - skip non existing resourceDirectory E:\socappback\microservice\src\test\resources
2025-04-26 17:08:16,516 [Worker-95: Download sources and javadoc] INFO  o.e.m.c.i.e.AbstractTransferListenerAdapter - Downloaded https://repo.maven.apache.org/maven2/org/mongodb/mongodb-driver-sync/5.2.1/mongodb-driver-sync-5.2.1-sources.jar
2025-04-26 17:08:16,536 [Worker-95: Download sources and javadoc] INFO  o.e.m.j.internal.DownloadSourcesJob - Downloaded sources for org.mongodb:mongodb-driver-sync:5.2.1
2025-04-26 17:08:16,676 [Worker-95: Download sources and javadoc] INFO  o.e.m.c.i.e.AbstractTransferListenerAdapter - Downloading https://repo.maven.apache.org/maven2/org/mongodb/bson/5.2.1/bson-5.2.1-sources.jar
2025-04-26 17:08:16,886 [Worker-95: Download sources and javadoc] INFO  o.e.m.c.i.e.AbstractTransferListenerAdapter - Downloaded https://repo.maven.apache.org/maven2/org/mongodb/bson/5.2.1/bson-5.2.1-sources.jar
2025-04-26 17:08:16,893 [Worker-95: Download sources and javadoc] INFO  o.e.m.j.internal.DownloadSourcesJob - Downloaded sources for org.mongodb:bson:5.2.1
2025-04-26 17:08:17,024 [Worker-95: Download sources and javadoc] INFO  o.e.m.c.i.e.AbstractTransferListenerAdapter - Downloading https://repo.maven.apache.org/maven2/org/mongodb/mongodb-driver-core/5.2.1/mongodb-driver-core-5.2.1-sources.jar
2025-04-26 17:08:17,293 [Worker-95: Download sources and javadoc] INFO  o.e.m.c.i.e.AbstractTransferListenerAdapter - Downloaded https://repo.maven.apache.org/maven2/org/mongodb/mongodb-driver-core/5.2.1/mongodb-driver-core-5.2.1-sources.jar
2025-04-26 17:08:17,298 [Worker-95: Download sources and javadoc] INFO  o.e.m.j.internal.DownloadSourcesJob - Downloaded sources for org.mongodb:mongodb-driver-core:5.2.1
2025-04-26 17:08:17,426 [Worker-95: Download sources and javadoc] INFO  o.e.m.c.i.e.AbstractTransferListenerAdapter - Downloading https://repo.maven.apache.org/maven2/org/mongodb/bson-record-codec/5.2.1/bson-record-codec-5.2.1-sources.jar
2025-04-26 17:08:17,437 [Worker-95: Download sources and javadoc] INFO  o.e.m.c.i.e.AbstractTransferListenerAdapter - Downloaded https://repo.maven.apache.org/maven2/org/mongodb/bson-record-codec/5.2.1/bson-record-codec-5.2.1-sources.jar
2025-04-26 17:08:17,444 [Worker-95: Download sources and javadoc] INFO  o.e.m.j.internal.DownloadSourcesJob - Downloaded sources for org.mongodb:bson-record-codec:5.2.1
2025-04-26 17:08:17,586 [Worker-95: Download sources and javadoc] INFO  o.e.m.c.i.e.AbstractTransferListenerAdapter - Downloading https://repo.maven.apache.org/maven2/org/springframework/data/spring-data-mongodb/4.4.5/spring-data-mongodb-4.4.5-sources.jar
2025-04-26 17:08:17,865 [Worker-95: Download sources and javadoc] INFO  o.e.m.c.i.e.AbstractTransferListenerAdapter - Downloaded https://repo.maven.apache.org/maven2/org/springframework/data/spring-data-mongodb/4.4.5/spring-data-mongodb-4.4.5-sources.jar
2025-04-26 17:08:17,873 [Worker-95: Download sources and javadoc] INFO  o.e.m.j.internal.DownloadSourcesJob - Downloaded sources for org.springframework.data:spring-data-mongodb:4.4.5
2025-04-26 17:08:17,933 [Worker-95: Download sources and javadoc] INFO  o.e.m.c.i.e.AbstractTransferListenerAdapter - Downloading https://repo.maven.apache.org/maven2/org/springframework/spring-tx/6.2.6/spring-tx-6.2.6-sources.jar
2025-04-26 17:08:17,983 [Worker-95: Download sources and javadoc] INFO  o.e.m.c.i.e.AbstractTransferListenerAdapter - Downloaded https://repo.maven.apache.org/maven2/org/springframework/spring-tx/6.2.6/spring-tx-6.2.6-sources.jar
2025-04-26 17:08:17,990 [Worker-95: Download sources and javadoc] INFO  o.e.m.j.internal.DownloadSourcesJob - Downloaded sources for org.springframework:spring-tx:6.2.6
2025-04-26 17:08:18,102 [Worker-95: Download sources and javadoc] INFO  o.e.m.c.i.e.AbstractTransferListenerAdapter - Downloading https://repo.maven.apache.org/maven2/org/springframework/spring-context/6.2.6/spring-context-6.2.6-sources.jar
2025-04-26 17:08:18,356 [Worker-95: Download sources and javadoc] INFO  o.e.m.c.i.e.AbstractTransferListenerAdapter - Downloaded https://repo.maven.apache.org/maven2/org/springframework/spring-context/6.2.6/spring-context-6.2.6-sources.jar
2025-04-26 17:08:18,364 [Worker-95: Download sources and javadoc] INFO  o.e.m.j.internal.DownloadSourcesJob - Downloaded sources for org.springframework:spring-context:6.2.6
2025-04-26 17:08:18,494 [Worker-95: Download sources and javadoc] INFO  o.e.m.c.i.e.AbstractTransferListenerAdapter - Downloading https://repo.maven.apache.org/maven2/org/springframework/spring-beans/6.2.6/spring-beans-6.2.6-sources.jar
2025-04-26 17:08:18,654 [Worker-95: Download sources and javadoc] INFO  o.e.m.c.i.e.AbstractTransferListenerAdapter - Downloaded https://repo.maven.apache.org/maven2/org/springframework/spring-beans/6.2.6/spring-beans-6.2.6-sources.jar
2025-04-26 17:08:18,660 [Worker-95: Download sources and javadoc] INFO  o.e.m.j.internal.DownloadSourcesJob - Downloaded sources for org.springframework:spring-beans:6.2.6
2025-04-26 17:08:18,779 [Worker-95: Download sources and javadoc] INFO  o.e.m.c.i.e.AbstractTransferListenerAdapter - Downloading https://repo.maven.apache.org/maven2/org/springframework/spring-expression/6.2.6/spring-expression-6.2.6-sources.jar
2025-04-26 17:08:18,877 [Worker-95: Download sources and javadoc] INFO  o.e.m.c.i.e.AbstractTransferListenerAdapter - Downloaded https://repo.maven.apache.org/maven2/org/springframework/spring-expression/6.2.6/spring-expression-6.2.6-sources.jar
2025-04-26 17:08:18,890 [Worker-95: Download sources and javadoc] INFO  o.e.m.j.internal.DownloadSourcesJob - Downloaded sources for org.springframework:spring-expression:6.2.6
2025-04-26 17:08:19,050 [Worker-95: Download sources and javadoc] INFO  o.e.m.c.i.e.AbstractTransferListenerAdapter - Downloading https://repo.maven.apache.org/maven2/org/springframework/data/spring-data-commons/3.4.5/spring-data-commons-3.4.5-sources.jar
2025-04-26 17:08:19,262 [Worker-95: Download sources and javadoc] INFO  o.e.m.c.i.e.AbstractTransferListenerAdapter - Downloaded https://repo.maven.apache.org/maven2/org/springframework/data/spring-data-commons/3.4.5/spring-data-commons-3.4.5-sources.jar
2025-04-26 17:08:19,272 [Worker-95: Download sources and javadoc] INFO  o.e.m.j.internal.DownloadSourcesJob - Downloaded sources for org.springframework.data:spring-data-commons:3.4.5
2025-04-26 17:08:19,383 [Worker-95: Download sources and javadoc] INFO  o.e.m.c.i.e.AbstractTransferListenerAdapter - Downloading https://repo.maven.apache.org/maven2/org/springframework/boot/spring-boot-starter-web/3.4.5/spring-boot-starter-web-3.4.5-sources.jar
2025-04-26 17:08:19,391 [Worker-95: Download sources and javadoc] INFO  o.e.m.c.i.e.AbstractTransferListenerAdapter - Downloaded https://repo.maven.apache.org/maven2/org/springframework/boot/spring-boot-starter-web/3.4.5/spring-boot-starter-web-3.4.5-sources.jar
2025-04-26 17:08:19,397 [Worker-95: Download sources and javadoc] INFO  o.e.m.j.internal.DownloadSourcesJob - Downloaded sources for org.springframework.boot:spring-boot-starter-web:3.4.5
2025-04-26 17:08:19,504 [Worker-95: Download sources and javadoc] INFO  o.e.m.c.i.e.AbstractTransferListenerAdapter - Downloading https://repo.maven.apache.org/maven2/org/springframework/boot/spring-boot-starter-json/3.4.5/spring-boot-starter-json-3.4.5-sources.jar
2025-04-26 17:08:19,511 [Worker-95: Download sources and javadoc] INFO  o.e.m.c.i.e.AbstractTransferListenerAdapter - Downloaded https://repo.maven.apache.org/maven2/org/springframework/boot/spring-boot-starter-json/3.4.5/spring-boot-starter-json-3.4.5-sources.jar
2025-04-26 17:08:19,518 [Worker-95: Download sources and javadoc] INFO  o.e.m.j.internal.DownloadSourcesJob - Downloaded sources for org.springframework.boot:spring-boot-starter-json:3.4.5
2025-04-26 17:08:19,617 [Worker-95: Download sources and javadoc] INFO  o.e.m.c.i.e.AbstractTransferListenerAdapter - Downloading https://repo.maven.apache.org/maven2/org/springframework/boot/spring-boot-starter-tomcat/3.4.5/spring-boot-starter-tomcat-3.4.5-sources.jar
2025-04-26 17:08:19,632 [Worker-95: Download sources and javadoc] INFO  o.e.m.c.i.e.AbstractTransferListenerAdapter - Downloaded https://repo.maven.apache.org/maven2/org/springframework/boot/spring-boot-starter-tomcat/3.4.5/spring-boot-starter-tomcat-3.4.5-sources.jar
2025-04-26 17:08:19,637 [Worker-95: Download sources and javadoc] INFO  o.e.m.j.internal.DownloadSourcesJob - Downloaded sources for org.springframework.boot:spring-boot-starter-tomcat:3.4.5
2025-04-26 17:08:19,757 [Worker-95: Download sources and javadoc] INFO  o.e.m.c.i.e.AbstractTransferListenerAdapter - Downloading https://repo.maven.apache.org/maven2/org/apache/tomcat/embed/tomcat-embed-core/10.1.40/tomcat-embed-core-10.1.40-sources.jar
2025-04-26 17:08:20,729 [Worker-95: Download sources and javadoc] INFO  o.e.m.c.i.e.AbstractTransferListenerAdapter - Downloaded https://repo.maven.apache.org/maven2/org/apache/tomcat/embed/tomcat-embed-core/10.1.40/tomcat-embed-core-10.1.40-sources.jar
2025-04-26 17:08:20,734 [Worker-95: Download sources and javadoc] INFO  o.e.m.j.internal.DownloadSourcesJob - Downloaded sources for org.apache.tomcat.embed:tomcat-embed-core:10.1.40
2025-04-26 17:08:20,867 [Worker-95: Download sources and javadoc] INFO  o.e.m.c.i.e.AbstractTransferListenerAdapter - Downloading https://repo.maven.apache.org/maven2/org/apache/tomcat/embed/tomcat-embed-el/10.1.40/tomcat-embed-el-10.1.40-sources.jar
2025-04-26 17:08:20,959 [Worker-95: Download sources and javadoc] INFO  o.e.m.c.i.e.AbstractTransferListenerAdapter - Downloaded https://repo.maven.apache.org/maven2/org/apache/tomcat/embed/tomcat-embed-el/10.1.40/tomcat-embed-el-10.1.40-sources.jar
2025-04-26 17:08:20,965 [Worker-95: Download sources and javadoc] INFO  o.e.m.j.internal.DownloadSourcesJob - Downloaded sources for org.apache.tomcat.embed:tomcat-embed-el:10.1.40
2025-04-26 17:08:21,072 [Worker-95: Download sources and javadoc] INFO  o.e.m.c.i.e.AbstractTransferListenerAdapter - Downloading https://repo.maven.apache.org/maven2/org/apache/tomcat/embed/tomcat-embed-websocket/10.1.40/tomcat-embed-websocket-10.1.40-sources.jar
2025-04-26 17:08:21,152 [Worker-95: Download sources and javadoc] INFO  o.e.m.c.i.e.AbstractTransferListenerAdapter - Downloaded https://repo.maven.apache.org/maven2/org/apache/tomcat/embed/tomcat-embed-websocket/10.1.40/tomcat-embed-websocket-10.1.40-sources.jar
2025-04-26 17:08:21,157 [Worker-95: Download sources and javadoc] INFO  o.e.m.j.internal.DownloadSourcesJob - Downloaded sources for org.apache.tomcat.embed:tomcat-embed-websocket:10.1.40
2025-04-26 17:08:21,264 [Worker-95: Download sources and javadoc] INFO  o.e.m.c.i.e.AbstractTransferListenerAdapter - Downloading https://repo.maven.apache.org/maven2/org/springframework/spring-web/6.2.6/spring-web-6.2.6-sources.jar
2025-04-26 17:08:21,461 [Worker-95: Download sources and javadoc] INFO  o.e.m.c.i.e.AbstractTransferListenerAdapter - Downloaded https://repo.maven.apache.org/maven2/org/springframework/spring-web/6.2.6/spring-web-6.2.6-sources.jar
2025-04-26 17:08:21,467 [Worker-95: Download sources and javadoc] INFO  o.e.m.j.internal.DownloadSourcesJob - Downloaded sources for org.springframework:spring-web:6.2.6
2025-04-26 17:08:21,581 [Worker-95: Download sources and javadoc] INFO  o.e.m.c.i.e.AbstractTransferListenerAdapter - Downloading https://repo.maven.apache.org/maven2/io/micrometer/micrometer-observation/1.14.6/micrometer-observation-1.14.6-sources.jar
2025-04-26 17:08:21,621 [Worker-95: Download sources and javadoc] INFO  o.e.m.c.i.e.AbstractTransferListenerAdapter - Downloaded https://repo.maven.apache.org/maven2/io/micrometer/micrometer-observation/1.14.6/micrometer-observation-1.14.6-sources.jar
2025-04-26 17:08:21,626 [Worker-95: Download sources and javadoc] INFO  o.e.m.j.internal.DownloadSourcesJob - Downloaded sources for io.micrometer:micrometer-observation:1.14.6
2025-04-26 17:08:21,722 [Worker-95: Download sources and javadoc] INFO  o.e.m.c.i.e.AbstractTransferListenerAdapter - Downloading https://repo.maven.apache.org/maven2/io/micrometer/micrometer-commons/1.14.6/micrometer-commons-1.14.6-sources.jar
2025-04-26 17:08:21,758 [Worker-95: Download sources and javadoc] INFO  o.e.m.c.i.e.AbstractTransferListenerAdapter - Downloaded https://repo.maven.apache.org/maven2/io/micrometer/micrometer-commons/1.14.6/micrometer-commons-1.14.6-sources.jar
2025-04-26 17:08:21,764 [Worker-95: Download sources and javadoc] INFO  o.e.m.j.internal.DownloadSourcesJob - Downloaded sources for io.micrometer:micrometer-commons:1.14.6
2025-04-26 17:08:21,878 [Worker-95: Download sources and javadoc] INFO  o.e.m.c.i.e.AbstractTransferListenerAdapter - Downloading https://repo.maven.apache.org/maven2/org/springframework/spring-webmvc/6.2.6/spring-webmvc-6.2.6-sources.jar
2025-04-26 17:08:22,052 [Worker-95: Download sources and javadoc] INFO  o.e.m.c.i.e.AbstractTransferListenerAdapter - Downloaded https://repo.maven.apache.org/maven2/org/springframework/spring-webmvc/6.2.6/spring-webmvc-6.2.6-sources.jar
2025-04-26 17:08:22,058 [Worker-95: Download sources and javadoc] INFO  o.e.m.j.internal.DownloadSourcesJob - Downloaded sources for org.springframework:spring-webmvc:6.2.6
2025-04-26 17:08:22,095 [Worker-95: Download sources and javadoc] INFO  o.e.m.c.i.e.AbstractTransferListenerAdapter - Downloading https://repo.maven.apache.org/maven2/org/springframework/spring-aop/6.2.6/spring-aop-6.2.6-sources.jar
2025-04-26 17:08:22,153 [Worker-95: Download sources and javadoc] INFO  o.e.m.c.i.e.AbstractTransferListenerAdapter - Downloaded https://repo.maven.apache.org/maven2/org/springframework/spring-aop/6.2.6/spring-aop-6.2.6-sources.jar
2025-04-26 17:08:22,157 [Worker-95: Download sources and javadoc] INFO  o.e.m.j.internal.DownloadSourcesJob - Downloaded sources for org.springframework:spring-aop:6.2.6
2025-04-26 17:08:22,268 [Worker-95: Download sources and javadoc] INFO  o.e.m.c.i.e.AbstractTransferListenerAdapter - Downloading https://repo.maven.apache.org/maven2/org/springframework/boot/spring-boot-devtools/3.4.5/spring-boot-devtools-3.4.5-sources.jar
2025-04-26 17:08:22,346 [Worker-95: Download sources and javadoc] INFO  o.e.m.c.i.e.AbstractTransferListenerAdapter - Downloaded https://repo.maven.apache.org/maven2/org/springframework/boot/spring-boot-devtools/3.4.5/spring-boot-devtools-3.4.5-sources.jar
2025-04-26 17:08:22,351 [Worker-95: Download sources and javadoc] INFO  o.e.m.j.internal.DownloadSourcesJob - Downloaded sources for org.springframework.boot:spring-boot-devtools:3.4.5
2025-04-26 17:08:22,450 [Worker-95: Download sources and javadoc] INFO  o.e.m.c.i.e.AbstractTransferListenerAdapter - Downloading https://repo.maven.apache.org/maven2/org/springframework/boot/spring-boot/3.4.5/spring-boot-3.4.5-sources.jar
2025-04-26 17:08:22,660 [Worker-95: Download sources and javadoc] INFO  o.e.m.c.i.e.AbstractTransferListenerAdapter - Downloaded https://repo.maven.apache.org/maven2/org/springframework/boot/spring-boot/3.4.5/spring-boot-3.4.5-sources.jar
2025-04-26 17:08:22,666 [Worker-95: Download sources and javadoc] INFO  o.e.m.j.internal.DownloadSourcesJob - Downloaded sources for org.springframework.boot:spring-boot:3.4.5
2025-04-26 17:08:22,780 [Worker-95: Download sources and javadoc] INFO  o.e.m.c.i.e.AbstractTransferListenerAdapter - Downloading https://repo.maven.apache.org/maven2/org/springframework/boot/spring-boot-autoconfigure/3.4.5/spring-boot-autoconfigure-3.4.5-sources.jar
2025-04-26 17:08:23,027 [Worker-95: Download sources and javadoc] INFO  o.e.m.c.i.e.AbstractTransferListenerAdapter - Downloaded https://repo.maven.apache.org/maven2/org/springframework/boot/spring-boot-autoconfigure/3.4.5/spring-boot-autoconfigure-3.4.5-sources.jar
2025-04-26 17:08:23,034 [Worker-95: Download sources and javadoc] INFO  o.e.m.j.internal.DownloadSourcesJob - Downloaded sources for org.springframework.boot:spring-boot-autoconfigure:3.4.5
2025-04-26 17:08:23,071 [Worker-95: Download sources and javadoc] INFO  o.e.m.c.i.e.AbstractTransferListenerAdapter - Downloading https://repo.maven.apache.org/maven2/org/projectlombok/lombok/1.18.38/lombok-1.18.38-sources.jar
2025-04-26 17:08:23,201 [Worker-95: Download sources and javadoc] INFO  o.e.m.c.i.e.AbstractTransferListenerAdapter - Downloaded https://repo.maven.apache.org/maven2/org/projectlombok/lombok/1.18.38/lombok-1.18.38-sources.jar
2025-04-26 17:08:23,206 [Worker-95: Download sources and javadoc] INFO  o.e.m.j.internal.DownloadSourcesJob - Downloaded sources for org.projectlombok:lombok:1.18.38
2025-04-26 17:08:23,322 [Worker-95: Download sources and javadoc] INFO  o.e.m.c.i.e.AbstractTransferListenerAdapter - Downloading https://repo.maven.apache.org/maven2/org/springframework/boot/spring-boot-starter-test/3.4.5/spring-boot-starter-test-3.4.5-sources.jar
2025-04-26 17:08:23,333 [Worker-95: Download sources and javadoc] INFO  o.e.m.c.i.e.AbstractTransferListenerAdapter - Downloaded https://repo.maven.apache.org/maven2/org/springframework/boot/spring-boot-starter-test/3.4.5/spring-boot-starter-test-3.4.5-sources.jar
2025-04-26 17:08:23,338 [Worker-95: Download sources and javadoc] INFO  o.e.m.j.internal.DownloadSourcesJob - Downloaded sources for org.springframework.boot:spring-boot-starter-test:3.4.5
2025-04-26 17:08:23,454 [Worker-95: Download sources and javadoc] INFO  o.e.m.c.i.e.AbstractTransferListenerAdapter - Downloading https://repo.maven.apache.org/maven2/org/springframework/boot/spring-boot-test/3.4.5/spring-boot-test-3.4.5-sources.jar
2025-04-26 17:08:23,533 [Worker-95: Download sources and javadoc] INFO  o.e.m.c.i.e.AbstractTransferListenerAdapter - Downloaded https://repo.maven.apache.org/maven2/org/springframework/boot/spring-boot-test/3.4.5/spring-boot-test-3.4.5-sources.jar
2025-04-26 17:08:23,539 [Worker-95: Download sources and javadoc] INFO  o.e.m.j.internal.DownloadSourcesJob - Downloaded sources for org.springframework.boot:spring-boot-test:3.4.5
2025-04-26 17:08:23,657 [Worker-95: Download sources and javadoc] INFO  o.e.m.c.i.e.AbstractTransferListenerAdapter - Downloading https://repo.maven.apache.org/maven2/org/springframework/boot/spring-boot-test-autoconfigure/3.4.5/spring-boot-test-autoconfigure-3.4.5-sources.jar
2025-04-26 17:08:23,757 [Worker-95: Download sources and javadoc] INFO  o.e.m.c.i.e.AbstractTransferListenerAdapter - Downloaded https://repo.maven.apache.org/maven2/org/springframework/boot/spring-boot-test-autoconfigure/3.4.5/spring-boot-test-autoconfigure-3.4.5-sources.jar
2025-04-26 17:08:23,764 [Worker-95: Download sources and javadoc] INFO  o.e.m.j.internal.DownloadSourcesJob - Downloaded sources for org.springframework.boot:spring-boot-test-autoconfigure:3.4.5
2025-04-26 17:08:23,869 [Worker-95: Download sources and javadoc] INFO  o.e.m.c.i.e.AbstractTransferListenerAdapter - Downloading https://repo.maven.apache.org/maven2/org/springframework/spring-core/6.2.6/spring-core-6.2.6-sources.jar
2025-04-26 17:08:24,082 [Worker-95: Download sources and javadoc] INFO  o.e.m.c.i.e.AbstractTransferListenerAdapter - Downloaded https://repo.maven.apache.org/maven2/org/springframework/spring-core/6.2.6/spring-core-6.2.6-sources.jar
2025-04-26 17:08:24,088 [Worker-95: Download sources and javadoc] INFO  o.e.m.j.internal.DownloadSourcesJob - Downloaded sources for org.springframework:spring-core:6.2.6
2025-04-26 17:08:24,198 [Worker-95: Download sources and javadoc] INFO  o.e.m.c.i.e.AbstractTransferListenerAdapter - Downloading https://repo.maven.apache.org/maven2/org/springframework/spring-jcl/6.2.6/spring-jcl-6.2.6-sources.jar
2025-04-26 17:08:24,208 [Worker-95: Download sources and javadoc] INFO  o.e.m.c.i.e.AbstractTransferListenerAdapter - Downloaded https://repo.maven.apache.org/maven2/org/springframework/spring-jcl/6.2.6/spring-jcl-6.2.6-sources.jar
2025-04-26 17:08:24,215 [Worker-95: Download sources and javadoc] INFO  o.e.m.j.internal.DownloadSourcesJob - Downloaded sources for org.springframework:spring-jcl:6.2.6
2025-04-26 17:08:24,330 [Worker-95: Download sources and javadoc] INFO  o.e.m.c.i.e.AbstractTransferListenerAdapter - Downloading https://repo.maven.apache.org/maven2/org/springframework/spring-test/6.2.6/spring-test-6.2.6-sources.jar
2025-04-26 17:08:24,532 [Worker-95: Download sources and javadoc] INFO  o.e.m.c.i.e.AbstractTransferListenerAdapter - Downloaded https://repo.maven.apache.org/maven2/org/springframework/spring-test/6.2.6/spring-test-6.2.6-sources.jar
2025-04-26 17:08:24,538 [Worker-95: Download sources and javadoc] INFO  o.e.m.j.internal.DownloadSourcesJob - Downloaded sources for org.springframework:spring-test:6.2.6
2025-04-26 17:11:04,067 [Worker-98: Building] INFO  o.e.m.c.i.l.LifecycleMappingFactory - Using org.eclipse.m2e.jdt.JarLifecycleMapping lifecycle mapping for MavenProject: com.chat:microservice:0.0.1-SNAPSHOT @ E:\socappback\microservice\pom.xml.
2025-04-26 17:11:04,614 [Worker-98: Building] INFO  o.e.m.c.i.e.AbstractTransferListenerAdapter - Downloading https://repo.maven.apache.org/maven2/org/springframework/boot/spring-boot-starter-security/3.4.5/spring-boot-starter-security-3.4.5.pom
2025-04-26 17:11:04,631 [Worker-98: Building] INFO  o.e.m.c.i.e.AbstractTransferListenerAdapter - Downloaded https://repo.maven.apache.org/maven2/org/springframework/boot/spring-boot-starter-security/3.4.5/spring-boot-starter-security-3.4.5.pom
2025-04-26 17:11:04,673 [Worker-98: Building] INFO  o.e.m.c.i.e.AbstractTransferListenerAdapter - Downloading https://repo.maven.apache.org/maven2/org/springframework/security/spring-security-config/6.4.5/spring-security-config-6.4.5.pom
2025-04-26 17:11:04,685 [Worker-98: Building] INFO  o.e.m.c.i.e.AbstractTransferListenerAdapter - Downloaded https://repo.maven.apache.org/maven2/org/springframework/security/spring-security-config/6.4.5/spring-security-config-6.4.5.pom
2025-04-26 17:11:04,724 [Worker-98: Building] INFO  o.e.m.c.i.e.AbstractTransferListenerAdapter - Downloading https://repo.maven.apache.org/maven2/org/springframework/security/spring-security-core/6.4.5/spring-security-core-6.4.5.pom
2025-04-26 17:11:04,737 [Worker-98: Building] INFO  o.e.m.c.i.e.AbstractTransferListenerAdapter - Downloaded https://repo.maven.apache.org/maven2/org/springframework/security/spring-security-core/6.4.5/spring-security-core-6.4.5.pom
2025-04-26 17:11:04,775 [Worker-98: Building] INFO  o.e.m.c.i.e.AbstractTransferListenerAdapter - Downloading https://repo.maven.apache.org/maven2/org/springframework/security/spring-security-crypto/6.4.5/spring-security-crypto-6.4.5.pom
2025-04-26 17:11:04,788 [Worker-98: Building] INFO  o.e.m.c.i.e.AbstractTransferListenerAdapter - Downloaded https://repo.maven.apache.org/maven2/org/springframework/security/spring-security-crypto/6.4.5/spring-security-crypto-6.4.5.pom
2025-04-26 17:11:04,828 [Worker-98: Building] INFO  o.e.m.c.i.e.AbstractTransferListenerAdapter - Downloading https://repo.maven.apache.org/maven2/org/springframework/security/spring-security-web/6.4.5/spring-security-web-6.4.5.pom
2025-04-26 17:11:04,844 [Worker-98: Building] INFO  o.e.m.c.i.e.AbstractTransferListenerAdapter - Downloaded https://repo.maven.apache.org/maven2/org/springframework/security/spring-security-web/6.4.5/spring-security-web-6.4.5.pom
2025-04-26 17:11:04,889 [Worker-98: Building] INFO  o.e.m.c.i.e.AbstractTransferListenerAdapter - Downloading https://repo.maven.apache.org/maven2/org/springframework/boot/spring-boot-starter-websocket/3.4.5/spring-boot-starter-websocket-3.4.5.pom
2025-04-26 17:11:04,897 [Worker-98: Building] INFO  o.e.m.c.i.e.AbstractTransferListenerAdapter - Downloaded https://repo.maven.apache.org/maven2/org/springframework/boot/spring-boot-starter-websocket/3.4.5/spring-boot-starter-websocket-3.4.5.pom
2025-04-26 17:11:04,936 [Worker-98: Building] INFO  o.e.m.c.i.e.AbstractTransferListenerAdapter - Downloading https://repo.maven.apache.org/maven2/org/springframework/spring-messaging/6.2.6/spring-messaging-6.2.6.pom
2025-04-26 17:11:04,952 [Worker-98: Building] INFO  o.e.m.c.i.e.AbstractTransferListenerAdapter - Downloaded https://repo.maven.apache.org/maven2/org/springframework/spring-messaging/6.2.6/spring-messaging-6.2.6.pom
2025-04-26 17:11:04,998 [Worker-98: Building] INFO  o.e.m.c.i.e.AbstractTransferListenerAdapter - Downloading https://repo.maven.apache.org/maven2/org/springframework/spring-websocket/6.2.6/spring-websocket-6.2.6.pom
2025-04-26 17:11:05,007 [Worker-98: Building] INFO  o.e.m.c.i.e.AbstractTransferListenerAdapter - Downloaded https://repo.maven.apache.org/maven2/org/springframework/spring-websocket/6.2.6/spring-websocket-6.2.6.pom
2025-04-26 17:11:05,047 [Worker-98: Building] INFO  o.e.m.c.i.e.AbstractTransferListenerAdapter - Downloading https://repo.maven.apache.org/maven2/org/springframework/security/spring-security-test/6.4.5/spring-security-test-6.4.5.pom
2025-04-26 17:11:05,058 [Worker-98: Building] INFO  o.e.m.c.i.e.AbstractTransferListenerAdapter - Downloaded https://repo.maven.apache.org/maven2/org/springframework/security/spring-security-test/6.4.5/spring-security-test-6.4.5.pom
2025-04-26 17:11:05,195 [Worker-98: Building] INFO  o.e.m.c.i.e.AbstractTransferListenerAdapter - Downloading https://repo.maven.apache.org/maven2/org/springframework/boot/spring-boot-starter-security/3.4.5/spring-boot-starter-security-3.4.5.jar
2025-04-26 17:11:05,204 [Worker-98: Building] INFO  o.e.m.c.i.e.AbstractTransferListenerAdapter - Downloaded https://repo.maven.apache.org/maven2/org/springframework/boot/spring-boot-starter-security/3.4.5/spring-boot-starter-security-3.4.5.jar
2025-04-26 17:11:05,245 [BasicRepositoryConnector-repo.maven.apache.org-1-1] INFO  o.e.m.c.i.e.AbstractTransferListenerAdapter - Downloading https://repo.maven.apache.org/maven2/org/springframework/security/spring-security-web/6.4.5/spring-security-web-6.4.5.jar
2025-04-26 17:11:05,245 [BasicRepositoryConnector-repo.maven.apache.org-1-3] INFO  o.e.m.c.i.e.AbstractTransferListenerAdapter - Downloading https://repo.maven.apache.org/maven2/org/springframework/spring-messaging/6.2.6/spring-messaging-6.2.6.jar
2025-04-26 17:11:05,322 [BasicRepositoryConnector-repo.maven.apache.org-1-4] INFO  o.e.m.c.i.e.AbstractTransferListenerAdapter - Downloading https://repo.maven.apache.org/maven2/org/springframework/spring-websocket/6.2.6/spring-websocket-6.2.6.jar
2025-04-26 17:11:05,341 [BasicRepositoryConnector-repo.maven.apache.org-1-2] INFO  o.e.m.c.i.e.AbstractTransferListenerAdapter - Downloading https://repo.maven.apache.org/maven2/org/springframework/boot/spring-boot-starter-websocket/3.4.5/spring-boot-starter-websocket-3.4.5.jar
2025-04-26 17:11:05,343 [BasicRepositoryConnector-repo.maven.apache.org-1-0] INFO  o.e.m.c.i.e.AbstractTransferListenerAdapter - Downloading https://repo.maven.apache.org/maven2/org/springframework/security/spring-security-config/6.4.5/spring-security-config-6.4.5.jar
2025-04-26 17:11:05,356 [BasicRepositoryConnector-repo.maven.apache.org-1-2] INFO  o.e.m.c.i.e.AbstractTransferListenerAdapter - Downloaded https://repo.maven.apache.org/maven2/org/springframework/boot/spring-boot-starter-websocket/3.4.5/spring-boot-starter-websocket-3.4.5.jar
2025-04-26 17:11:05,415 [BasicRepositoryConnector-repo.maven.apache.org-1-3] INFO  o.e.m.c.i.e.AbstractTransferListenerAdapter - Downloaded https://repo.maven.apache.org/maven2/org/springframework/spring-messaging/6.2.6/spring-messaging-6.2.6.jar
2025-04-26 17:11:05,428 [BasicRepositoryConnector-repo.maven.apache.org-1-2] INFO  o.e.m.c.i.e.AbstractTransferListenerAdapter - Downloading https://repo.maven.apache.org/maven2/org/springframework/security/spring-security-test/6.4.5/spring-security-test-6.4.5.jar
2025-04-26 17:11:05,455 [BasicRepositoryConnector-repo.maven.apache.org-1-3] INFO  o.e.m.c.i.e.AbstractTransferListenerAdapter - Downloading https://repo.maven.apache.org/maven2/org/springframework/security/spring-security-core/6.4.5/spring-security-core-6.4.5.jar
2025-04-26 17:11:05,592 [BasicRepositoryConnector-repo.maven.apache.org-1-4] INFO  o.e.m.c.i.e.AbstractTransferListenerAdapter - Downloaded https://repo.maven.apache.org/maven2/org/springframework/spring-websocket/6.2.6/spring-websocket-6.2.6.jar
2025-04-26 17:11:05,603 [BasicRepositoryConnector-repo.maven.apache.org-1-2] INFO  o.e.m.c.i.e.AbstractTransferListenerAdapter - Downloaded https://repo.maven.apache.org/maven2/org/springframework/security/spring-security-test/6.4.5/spring-security-test-6.4.5.jar
2025-04-26 17:11:05,712 [BasicRepositoryConnector-repo.maven.apache.org-1-1] INFO  o.e.m.c.i.e.AbstractTransferListenerAdapter - Downloaded https://repo.maven.apache.org/maven2/org/springframework/security/spring-security-web/6.4.5/spring-security-web-6.4.5.jar
2025-04-26 17:11:05,723 [BasicRepositoryConnector-repo.maven.apache.org-1-4] INFO  o.e.m.c.i.e.AbstractTransferListenerAdapter - Downloading https://repo.maven.apache.org/maven2/org/springframework/security/spring-security-crypto/6.4.5/spring-security-crypto-6.4.5.jar
2025-04-26 17:11:05,747 [BasicRepositoryConnector-repo.maven.apache.org-1-4] INFO  o.e.m.c.i.e.AbstractTransferListenerAdapter - Downloaded https://repo.maven.apache.org/maven2/org/springframework/security/spring-security-crypto/6.4.5/spring-security-crypto-6.4.5.jar
2025-04-26 17:11:05,836 [BasicRepositoryConnector-repo.maven.apache.org-1-3] INFO  o.e.m.c.i.e.AbstractTransferListenerAdapter - Downloaded https://repo.maven.apache.org/maven2/org/springframework/security/spring-security-core/6.4.5/spring-security-core-6.4.5.jar
2025-04-26 17:11:06,015 [BasicRepositoryConnector-repo.maven.apache.org-1-0] INFO  o.e.m.c.i.e.AbstractTransferListenerAdapter - Downloaded https://repo.maven.apache.org/maven2/org/springframework/security/spring-security-config/6.4.5/spring-security-config-6.4.5.jar
2025-04-26 17:11:06,324 [Worker-98: Building] INFO  o.a.m.s.f.DefaultMavenResourcesFiltering - Copying 0 resource from src\main\resources to target\classes
2025-04-26 17:11:06,325 [Worker-98: Building] INFO  o.a.m.s.f.DefaultMavenResourcesFiltering - Copying 0 resource from src\main\resources to target\classes
2025-04-26 17:11:06,328 [Worker-98: Building] INFO  o.a.m.s.f.DefaultMavenResourcesFiltering - skip non existing resourceDirectory E:\socappback\microservice\src\test\resources
2025-04-26 17:11:06,595 [Worker-98: Updating Maven Project] INFO  o.e.m.c.i.p.ProjectConfigurationManager - Update started
2025-04-26 17:11:06,985 [Worker-98: Updating Maven Project] INFO  o.e.m.c.i.l.LifecycleMappingFactory - Using org.eclipse.m2e.jdt.JarLifecycleMapping lifecycle mapping for MavenProject: com.chat:microservice:0.0.1-SNAPSHOT @ E:\socappback\microservice\pom.xml.
2025-04-26 17:11:07,299 [Worker-104: Download sources and javadoc] INFO  o.e.m.c.i.e.AbstractTransferListenerAdapter - Downloading https://repo.maven.apache.org/maven2/org/springframework/boot/spring-boot-starter-security/3.4.5/spring-boot-starter-security-3.4.5-sources.jar
2025-04-26 17:11:07,309 [Worker-104: Download sources and javadoc] INFO  o.e.m.c.i.e.AbstractTransferListenerAdapter - Downloaded https://repo.maven.apache.org/maven2/org/springframework/boot/spring-boot-starter-security/3.4.5/spring-boot-starter-security-3.4.5-sources.jar
2025-04-26 17:11:07,318 [Worker-104: Download sources and javadoc] INFO  o.e.m.j.internal.DownloadSourcesJob - Downloaded sources for org.springframework.boot:spring-boot-starter-security:3.4.5
2025-04-26 17:11:07,438 [Worker-104: Download sources and javadoc] INFO  o.e.m.c.i.e.AbstractTransferListenerAdapter - Downloading https://repo.maven.apache.org/maven2/org/springframework/security/spring-security-config/6.4.5/spring-security-config-6.4.5-sources.jar
2025-04-26 17:11:07,497 [Worker-98: Updating Maven Project] INFO  o.e.m.j.i.AbstractJavaProjectConfigurator - Adding source folder /microservice/src/main/java
2025-04-26 17:11:07,497 [Worker-98: Updating Maven Project] INFO  o.e.m.j.i.AbstractJavaProjectConfigurator - Adding resource folder /microservice/src/main/resources
2025-04-26 17:11:07,497 [Worker-98: Updating Maven Project] INFO  o.e.m.j.i.AbstractJavaProjectConfigurator - Adding resource folder /microservice/src/main/resources
2025-04-26 17:11:07,497 [Worker-98: Updating Maven Project] INFO  o.e.m.j.i.AbstractJavaProjectConfigurator - Adding source folder /microservice/src/test/java
2025-04-26 17:11:07,498 [Worker-98: Updating Maven Project] INFO  o.e.m.j.i.AbstractJavaProjectConfigurator - Adding resource folder /microservice/src/test/resources
2025-04-26 17:11:07,728 [Worker-104: Download sources and javadoc] INFO  o.e.m.c.i.e.AbstractTransferListenerAdapter - Downloaded https://repo.maven.apache.org/maven2/org/springframework/security/spring-security-config/6.4.5/spring-security-config-6.4.5-sources.jar
2025-04-26 17:11:07,736 [Worker-104: Download sources and javadoc] INFO  o.e.m.j.internal.DownloadSourcesJob - Downloaded sources for org.springframework.security:spring-security-config:6.4.5
2025-04-26 17:11:07,802 [Worker-104: Download sources and javadoc] INFO  o.e.m.c.i.e.AbstractTransferListenerAdapter - Downloading https://repo.maven.apache.org/maven2/org/springframework/security/spring-security-web/6.4.5/spring-security-web-6.4.5-sources.jar
2025-04-26 17:11:07,913 [Worker-98: Updating Maven Project] INFO  o.e.m.c.i.p.ProjectConfigurationManager - Update completed for 1 poms: local refresh takes 0.00 sec, refresh facades takes 0.00 sec, update config takes 0.00 sec 
2025-04-26 17:11:07,921 [Worker-104: Download sources and javadoc] INFO  o.e.m.c.i.e.AbstractTransferListenerAdapter - Downloaded https://repo.maven.apache.org/maven2/org/springframework/security/spring-security-web/6.4.5/spring-security-web-6.4.5-sources.jar
2025-04-26 17:11:07,926 [Worker-104: Download sources and javadoc] INFO  o.e.m.j.internal.DownloadSourcesJob - Downloaded sources for org.springframework.security:spring-security-web:6.4.5
2025-04-26 17:11:08,042 [Worker-104: Download sources and javadoc] INFO  o.e.m.c.i.e.AbstractTransferListenerAdapter - Downloading https://repo.maven.apache.org/maven2/org/springframework/boot/spring-boot-starter-websocket/3.4.5/spring-boot-starter-websocket-3.4.5-sources.jar
2025-04-26 17:11:08,051 [Worker-104: Download sources and javadoc] INFO  o.e.m.c.i.e.AbstractTransferListenerAdapter - Downloaded https://repo.maven.apache.org/maven2/org/springframework/boot/spring-boot-starter-websocket/3.4.5/spring-boot-starter-websocket-3.4.5-sources.jar
2025-04-26 17:11:08,060 [Worker-104: Download sources and javadoc] INFO  o.e.m.j.internal.DownloadSourcesJob - Downloaded sources for org.springframework.boot:spring-boot-starter-websocket:3.4.5
2025-04-26 17:11:08,170 [Worker-104: Download sources and javadoc] INFO  o.e.m.c.i.e.AbstractTransferListenerAdapter - Downloading https://repo.maven.apache.org/maven2/org/springframework/spring-messaging/6.2.6/spring-messaging-6.2.6-sources.jar
2025-04-26 17:11:08,266 [Worker-101: Building] INFO  o.a.m.s.f.DefaultMavenResourcesFiltering - Copying 1 resource from src\main\resources to target\classes
2025-04-26 17:11:08,287 [Worker-101: Building] INFO  o.a.m.s.f.DefaultMavenResourcesFiltering - Copying 0 resource from src\main\resources to target\classes
2025-04-26 17:11:08,293 [Worker-101: Building] INFO  o.a.m.s.f.DefaultMavenResourcesFiltering - skip non existing resourceDirectory E:\socappback\microservice\src\test\resources
2025-04-26 17:11:08,343 [Worker-104: Download sources and javadoc] INFO  o.e.m.c.i.e.AbstractTransferListenerAdapter - Downloaded https://repo.maven.apache.org/maven2/org/springframework/spring-messaging/6.2.6/spring-messaging-6.2.6-sources.jar
2025-04-26 17:11:08,366 [Worker-104: Download sources and javadoc] INFO  o.e.m.j.internal.DownloadSourcesJob - Downloaded sources for org.springframework:spring-messaging:6.2.6
2025-04-26 17:11:08,484 [Worker-104: Download sources and javadoc] INFO  o.e.m.c.i.e.AbstractTransferListenerAdapter - Downloading https://repo.maven.apache.org/maven2/org/springframework/spring-websocket/6.2.6/spring-websocket-6.2.6-sources.jar
2025-04-26 17:11:08,612 [Worker-104: Download sources and javadoc] INFO  o.e.m.c.i.e.AbstractTransferListenerAdapter - Downloaded https://repo.maven.apache.org/maven2/org/springframework/spring-websocket/6.2.6/spring-websocket-6.2.6-sources.jar
2025-04-26 17:11:08,620 [Worker-104: Download sources and javadoc] INFO  o.e.m.j.internal.DownloadSourcesJob - Downloaded sources for org.springframework:spring-websocket:6.2.6
2025-04-26 17:11:08,718 [Worker-104: Download sources and javadoc] INFO  o.e.m.c.i.e.AbstractTransferListenerAdapter - Downloading https://repo.maven.apache.org/maven2/org/springframework/security/spring-security-test/6.4.5/spring-security-test-6.4.5-sources.jar
2025-04-26 17:11:08,761 [Worker-104: Download sources and javadoc] INFO  o.e.m.c.i.e.AbstractTransferListenerAdapter - Downloaded https://repo.maven.apache.org/maven2/org/springframework/security/spring-security-test/6.4.5/spring-security-test-6.4.5-sources.jar
2025-04-26 17:11:08,768 [Worker-104: Download sources and javadoc] INFO  o.e.m.j.internal.DownloadSourcesJob - Downloaded sources for org.springframework.security:spring-security-test:6.4.5
2025-04-26 17:11:08,885 [Worker-104: Download sources and javadoc] INFO  o.e.m.c.i.e.AbstractTransferListenerAdapter - Downloading https://repo.maven.apache.org/maven2/org/springframework/security/spring-security-core/6.4.5/spring-security-core-6.4.5-sources.jar
2025-04-26 17:11:09,052 [Worker-104: Download sources and javadoc] INFO  o.e.m.c.i.e.AbstractTransferListenerAdapter - Downloaded https://repo.maven.apache.org/maven2/org/springframework/security/spring-security-core/6.4.5/spring-security-core-6.4.5-sources.jar
2025-04-26 17:11:09,056 [Worker-104: Download sources and javadoc] INFO  o.e.m.j.internal.DownloadSourcesJob - Downloaded sources for org.springframework.security:spring-security-core:6.4.5
2025-04-26 17:11:09,219 [Worker-104: Download sources and javadoc] INFO  o.e.m.c.i.e.AbstractTransferListenerAdapter - Downloading https://repo.maven.apache.org/maven2/org/springframework/security/spring-security-crypto/6.4.5/spring-security-crypto-6.4.5-sources.jar
2025-04-26 17:11:09,357 [Worker-104: Download sources and javadoc] INFO  o.e.m.c.i.e.AbstractTransferListenerAdapter - Downloaded https://repo.maven.apache.org/maven2/org/springframework/security/spring-security-crypto/6.4.5/spring-security-crypto-6.4.5-sources.jar
2025-04-26 17:11:09,366 [Worker-104: Download sources and javadoc] INFO  o.e.m.j.internal.DownloadSourcesJob - Downloaded sources for org.springframework.security:spring-security-crypto:6.4.5
2025-04-26 17:12:19,354 [Worker-102: Building] INFO  o.e.m.c.i.l.LifecycleMappingFactory - Using org.eclipse.m2e.jdt.JarLifecycleMapping lifecycle mapping for MavenProject: com.chat:microservice:0.0.1-SNAPSHOT @ E:\socappback\microservice\pom.xml.
2025-04-26 17:12:19,611 [Worker-102: Building] INFO  o.e.m.c.i.e.AbstractTransferListenerAdapter - Downloading https://repo.maven.apache.org/maven2/io/jsonwebtoken/jjwt/0.9.1/jjwt-0.9.1.pom
2025-04-26 17:12:19,629 [Worker-102: Building] INFO  o.e.m.c.i.e.AbstractTransferListenerAdapter - Downloaded https://repo.maven.apache.org/maven2/io/jsonwebtoken/jjwt/0.9.1/jjwt-0.9.1.pom
2025-04-26 17:12:19,846 [Worker-102: Building] INFO  o.e.m.c.i.e.AbstractTransferListenerAdapter - Downloading https://repo.maven.apache.org/maven2/io/jsonwebtoken/jjwt/0.9.1/jjwt-0.9.1.jar
2025-04-26 17:12:19,986 [Worker-102: Building] INFO  o.e.m.c.i.e.AbstractTransferListenerAdapter - Downloaded https://repo.maven.apache.org/maven2/io/jsonwebtoken/jjwt/0.9.1/jjwt-0.9.1.jar
2025-04-26 17:12:20,168 [Worker-102: Building] INFO  o.a.m.s.f.DefaultMavenResourcesFiltering - Copying 0 resource from src\main\resources to target\classes
2025-04-26 17:12:20,168 [Worker-102: Building] INFO  o.a.m.s.f.DefaultMavenResourcesFiltering - Copying 0 resource from src\main\resources to target\classes
2025-04-26 17:12:20,172 [Worker-102: Building] INFO  o.a.m.s.f.DefaultMavenResourcesFiltering - skip non existing resourceDirectory E:\socappback\microservice\src\test\resources
2025-04-26 17:12:21,299 [Worker-103: Building] INFO  o.a.m.s.f.DefaultMavenResourcesFiltering - Copying 1 resource from src\main\resources to target\classes
2025-04-26 17:12:21,309 [Worker-103: Building] INFO  o.a.m.s.f.DefaultMavenResourcesFiltering - Copying 0 resource from src\main\resources to target\classes
2025-04-26 17:12:21,313 [Worker-103: Building] INFO  o.a.m.s.f.DefaultMavenResourcesFiltering - skip non existing resourceDirectory E:\socappback\microservice\src\test\resources
2025-04-26 17:12:21,329 [Worker-101: Download sources and javadoc] INFO  o.e.m.c.i.e.AbstractTransferListenerAdapter - Downloading https://repo.maven.apache.org/maven2/io/jsonwebtoken/jjwt/0.9.1/jjwt-0.9.1-sources.jar
2025-04-26 17:12:21,440 [Worker-101: Download sources and javadoc] INFO  o.e.m.c.i.e.AbstractTransferListenerAdapter - Downloaded https://repo.maven.apache.org/maven2/io/jsonwebtoken/jjwt/0.9.1/jjwt-0.9.1-sources.jar
2025-04-26 17:12:21,448 [Worker-101: Download sources and javadoc] INFO  o.e.m.j.internal.DownloadSourcesJob - Downloaded sources for io.jsonwebtoken:jjwt:0.9.1
2025-04-26 17:14:39,409 [Worker-93: Building] INFO  o.e.m.c.i.e.AbstractTransferListenerAdapter - Downloading https://repo.maven.apache.org/maven2/io/jsonwebtoken/jjwt-api/0.12.6/jjwt-api-0.12.6.pom
2025-04-26 17:14:39,419 [Worker-93: Building] INFO  o.e.m.c.i.e.AbstractTransferListenerAdapter - Downloaded https://repo.maven.apache.org/maven2/io/jsonwebtoken/jjwt-api/0.12.6/jjwt-api-0.12.6.pom
2025-04-26 17:14:39,457 [Worker-93: Building] INFO  o.e.m.c.i.e.AbstractTransferListenerAdapter - Downloading https://repo.maven.apache.org/maven2/io/jsonwebtoken/jjwt-root/0.12.6/jjwt-root-0.12.6.pom
2025-04-26 17:14:39,481 [Worker-93: Building] INFO  o.e.m.c.i.e.AbstractTransferListenerAdapter - Downloaded https://repo.maven.apache.org/maven2/io/jsonwebtoken/jjwt-root/0.12.6/jjwt-root-0.12.6.pom
2025-04-26 17:14:39,520 [Worker-93: Building] INFO  o.e.m.c.i.e.AbstractTransferListenerAdapter - Downloading https://repo.maven.apache.org/maven2/io/jsonwebtoken/jjwt-impl/0.12.6/jjwt-impl-0.12.6.pom
2025-04-26 17:14:39,530 [Worker-93: Building] INFO  o.e.m.c.i.e.AbstractTransferListenerAdapter - Downloaded https://repo.maven.apache.org/maven2/io/jsonwebtoken/jjwt-impl/0.12.6/jjwt-impl-0.12.6.pom
2025-04-26 17:14:39,609 [Worker-93: Building] INFO  o.e.m.c.i.e.AbstractTransferListenerAdapter - Downloading https://repo.maven.apache.org/maven2/io/jsonwebtoken/jjwt-jackson/0.12.6/jjwt-jackson-0.12.6.pom
2025-04-26 17:14:39,618 [Worker-93: Building] INFO  o.e.m.c.i.e.AbstractTransferListenerAdapter - Downloaded https://repo.maven.apache.org/maven2/io/jsonwebtoken/jjwt-jackson/0.12.6/jjwt-jackson-0.12.6.pom
2025-04-26 17:14:39,828 [Worker-93: Building] INFO  o.e.m.c.i.e.AbstractTransferListenerAdapter - Downloading https://repo.maven.apache.org/maven2/io/jsonwebtoken/jjwt-api/0.12.6/jjwt-api-0.12.6.jar
2025-04-26 17:14:39,891 [Worker-93: Building] INFO  o.e.m.c.i.e.AbstractTransferListenerAdapter - Downloaded https://repo.maven.apache.org/maven2/io/jsonwebtoken/jjwt-api/0.12.6/jjwt-api-0.12.6.jar
2025-04-26 17:14:39,920 [BasicRepositoryConnector-repo.maven.apache.org-2-1] INFO  o.e.m.c.i.e.AbstractTransferListenerAdapter - Downloading https://repo.maven.apache.org/maven2/io/jsonwebtoken/jjwt-jackson/0.12.6/jjwt-jackson-0.12.6.jar
2025-04-26 17:14:39,937 [BasicRepositoryConnector-repo.maven.apache.org-2-1] INFO  o.e.m.c.i.e.AbstractTransferListenerAdapter - Downloaded https://repo.maven.apache.org/maven2/io/jsonwebtoken/jjwt-jackson/0.12.6/jjwt-jackson-0.12.6.jar
2025-04-26 17:14:40,054 [BasicRepositoryConnector-repo.maven.apache.org-2-0] INFO  o.e.m.c.i.e.AbstractTransferListenerAdapter - Downloading https://repo.maven.apache.org/maven2/io/jsonwebtoken/jjwt-impl/0.12.6/jjwt-impl-0.12.6.jar
2025-04-26 17:14:40,272 [BasicRepositoryConnector-repo.maven.apache.org-2-0] INFO  o.e.m.c.i.e.AbstractTransferListenerAdapter - Downloaded https://repo.maven.apache.org/maven2/io/jsonwebtoken/jjwt-impl/0.12.6/jjwt-impl-0.12.6.jar
2025-04-26 17:14:40,317 [Worker-93: Building] INFO  o.e.m.c.i.l.LifecycleMappingFactory - Using org.eclipse.m2e.jdt.JarLifecycleMapping lifecycle mapping for MavenProject: com.chat:chat-microservice:0.0.1-SNAPSHOT @ E:\socappback\microservice\pom.xml.
2025-04-26 17:14:40,708 [Worker-93: Building] INFO  o.a.m.s.f.DefaultMavenResourcesFiltering - Copying 0 resource from src\main\resources to target\classes
2025-04-26 17:14:40,708 [Worker-93: Building] INFO  o.a.m.s.f.DefaultMavenResourcesFiltering - Copying 0 resource from src\main\resources to target\classes
2025-04-26 17:14:40,712 [Worker-93: Building] INFO  o.a.m.s.f.DefaultMavenResourcesFiltering - skip non existing resourceDirectory E:\socappback\microservice\src\test\resources
2025-04-26 17:14:41,555 [Worker-93: Download sources and javadoc] INFO  o.e.m.c.i.e.AbstractTransferListenerAdapter - Downloading https://repo.maven.apache.org/maven2/io/jsonwebtoken/jjwt-api/0.12.6/jjwt-api-0.12.6-sources.jar
2025-04-26 17:14:41,616 [Worker-93: Download sources and javadoc] INFO  o.e.m.c.i.e.AbstractTransferListenerAdapter - Downloaded https://repo.maven.apache.org/maven2/io/jsonwebtoken/jjwt-api/0.12.6/jjwt-api-0.12.6-sources.jar
2025-04-26 17:14:41,621 [Worker-93: Download sources and javadoc] INFO  o.e.m.j.internal.DownloadSourcesJob - Downloaded sources for io.jsonwebtoken:jjwt-api:0.12.6
2025-04-26 17:14:41,725 [Worker-93: Download sources and javadoc] INFO  o.e.m.c.i.e.AbstractTransferListenerAdapter - Downloading https://repo.maven.apache.org/maven2/io/jsonwebtoken/jjwt-impl/0.12.6/jjwt-impl-0.12.6-sources.jar
2025-04-26 17:14:41,850 [Worker-93: Download sources and javadoc] INFO  o.e.m.c.i.e.AbstractTransferListenerAdapter - Downloaded https://repo.maven.apache.org/maven2/io/jsonwebtoken/jjwt-impl/0.12.6/jjwt-impl-0.12.6-sources.jar
2025-04-26 17:14:41,855 [Worker-93: Download sources and javadoc] INFO  o.e.m.j.internal.DownloadSourcesJob - Downloaded sources for io.jsonwebtoken:jjwt-impl:0.12.6
2025-04-26 17:14:41,967 [Worker-93: Download sources and javadoc] INFO  o.e.m.c.i.e.AbstractTransferListenerAdapter - Downloading https://repo.maven.apache.org/maven2/io/jsonwebtoken/jjwt-jackson/0.12.6/jjwt-jackson-0.12.6-sources.jar
2025-04-26 17:14:41,976 [Worker-93: Download sources and javadoc] INFO  o.e.m.c.i.e.AbstractTransferListenerAdapter - Downloaded https://repo.maven.apache.org/maven2/io/jsonwebtoken/jjwt-jackson/0.12.6/jjwt-jackson-0.12.6-sources.jar
2025-04-26 17:14:41,982 [Worker-93: Download sources and javadoc] INFO  o.e.m.j.internal.DownloadSourcesJob - Downloaded sources for io.jsonwebtoken:jjwt-jackson:0.12.6
2025-04-26 17:14:42,435 [Worker-105: Building] INFO  o.a.m.s.f.DefaultMavenResourcesFiltering - Copying 1 resource from src\main\resources to target\classes
2025-04-26 17:14:42,448 [Worker-105: Building] INFO  o.a.m.s.f.DefaultMavenResourcesFiltering - Copying 0 resource from src\main\resources to target\classes
2025-04-26 17:14:42,450 [Worker-105: Building] INFO  o.a.m.s.f.DefaultMavenResourcesFiltering - skip non existing resourceDirectory E:\socappback\microservice\src\test\resources
2025-04-26 17:14:52,280 [Worker-98: Updating Maven Project] INFO  o.e.m.c.i.p.ProjectConfigurationManager - Update started
2025-04-26 17:14:52,583 [Worker-98: Updating Maven Project] INFO  o.e.m.c.i.l.LifecycleMappingFactory - Using org.eclipse.m2e.jdt.JarLifecycleMapping lifecycle mapping for MavenProject: com.chat:chat-microservice:0.0.1-SNAPSHOT @ E:\socappback\microservice\pom.xml.
2025-04-26 17:14:52,975 [Worker-98: Updating Maven Project] INFO  o.e.m.j.i.AbstractJavaProjectConfigurator - Adding source folder /microservice/src/main/java
2025-04-26 17:14:52,975 [Worker-98: Updating Maven Project] INFO  o.e.m.j.i.AbstractJavaProjectConfigurator - Adding resource folder /microservice/src/main/resources
2025-04-26 17:14:52,977 [Worker-98: Updating Maven Project] INFO  o.e.m.j.i.AbstractJavaProjectConfigurator - Adding resource folder /microservice/src/main/resources
2025-04-26 17:14:52,977 [Worker-98: Updating Maven Project] INFO  o.e.m.j.i.AbstractJavaProjectConfigurator - Adding source folder /microservice/src/test/java
2025-04-26 17:14:52,978 [Worker-98: Updating Maven Project] INFO  o.e.m.j.i.AbstractJavaProjectConfigurator - Adding resource folder /microservice/src/test/resources
2025-04-26 17:14:53,235 [Worker-98: Updating Maven Project] INFO  o.e.m.c.i.p.ProjectConfigurationManager - Update completed for 1 poms: local refresh takes 0.00 sec, refresh facades takes 0.00 sec, update config takes 0.00 sec 
2025-04-26 17:14:53,493 [Worker-108: Building] INFO  o.a.m.s.f.DefaultMavenResourcesFiltering - Copying 1 resource from src\main\resources to target\classes
2025-04-26 17:14:53,506 [Worker-108: Building] INFO  o.a.m.s.f.DefaultMavenResourcesFiltering - Copying 0 resource from src\main\resources to target\classes
2025-04-26 17:14:53,510 [Worker-108: Building] INFO  o.a.m.s.f.DefaultMavenResourcesFiltering - skip non existing resourceDirectory E:\socappback\microservice\src\test\resources
2025-04-26 17:18:29,329 [Worker-105: Building] INFO  o.a.m.s.f.DefaultMavenResourcesFiltering - Copying 1 resource from src\main\resources to target\classes
2025-04-26 17:18:29,344 [Worker-105: Building] INFO  o.a.m.s.f.DefaultMavenResourcesFiltering - Copying 0 resource from src\main\resources to target\classes
2025-04-26 17:18:29,348 [Worker-105: Building] INFO  o.a.m.s.f.DefaultMavenResourcesFiltering - skip non existing resourceDirectory E:\socappback\microservice\src\test\resources
2025-04-26 17:22:01,343 [Worker-109: Building] INFO  o.a.m.s.f.DefaultMavenResourcesFiltering - Copying 1 resource from src\main\resources to target\classes
2025-04-26 17:22:01,349 [Worker-109: Building] INFO  o.a.m.s.f.DefaultMavenResourcesFiltering - Copying 0 resource from src\main\resources to target\classes
2025-04-26 17:22:01,350 [Worker-109: Building] INFO  o.a.m.s.f.DefaultMavenResourcesFiltering - skip non existing resourceDirectory E:\socappback\microservice\src\test\resources
2025-04-26 17:24:03,509 [Worker-112: Building] INFO  o.a.m.s.f.DefaultMavenResourcesFiltering - Copying 1 resource from src\main\resources to target\classes
2025-04-26 17:24:03,516 [Worker-112: Building] INFO  o.a.m.s.f.DefaultMavenResourcesFiltering - Copying 0 resource from src\main\resources to target\classes
2025-04-26 17:24:03,519 [Worker-112: Building] INFO  o.a.m.s.f.DefaultMavenResourcesFiltering - skip non existing resourceDirectory E:\socappback\microservice\src\test\resources
2025-04-26 17:25:34,303 [Worker-111: Building] INFO  o.a.m.s.f.DefaultMavenResourcesFiltering - Copying 1 resource from src\main\resources to target\classes
2025-04-26 17:25:34,309 [Worker-111: Building] INFO  o.a.m.s.f.DefaultMavenResourcesFiltering - Copying 0 resource from src\main\resources to target\classes
2025-04-26 17:25:34,309 [Worker-111: Building] INFO  o.a.m.s.f.DefaultMavenResourcesFiltering - skip non existing resourceDirectory E:\socappback\microservice\src\test\resources
2025-04-26 17:32:22,502 [Worker-120: Building] INFO  o.a.m.s.f.DefaultMavenResourcesFiltering - Copying 1 resource from src\main\resources to target\classes
2025-04-26 17:32:22,508 [Worker-120: Building] INFO  o.a.m.s.f.DefaultMavenResourcesFiltering - Copying 0 resource from src\main\resources to target\classes
2025-04-26 17:32:22,511 [Worker-120: Building] INFO  o.a.m.s.f.DefaultMavenResourcesFiltering - skip non existing resourceDirectory E:\socappback\microservice\src\test\resources
2025-04-26 17:32:36,940 [Worker-116: Building] INFO  o.a.m.s.f.DefaultMavenResourcesFiltering - Copying 1 resource from src\main\resources to target\classes
2025-04-26 17:32:36,954 [Worker-116: Building] INFO  o.a.m.s.f.DefaultMavenResourcesFiltering - Copying 0 resource from src\main\resources to target\classes
2025-04-26 17:32:36,956 [Worker-116: Building] INFO  o.a.m.s.f.DefaultMavenResourcesFiltering - skip non existing resourceDirectory E:\socappback\microservice\src\test\resources
2025-04-26 17:33:08,116 [Worker-116: Building] INFO  o.a.m.s.f.DefaultMavenResourcesFiltering - Copying 1 resource from src\main\resources to target\classes
2025-04-26 17:33:08,121 [Worker-116: Building] INFO  o.a.m.s.f.DefaultMavenResourcesFiltering - Copying 0 resource from src\main\resources to target\classes
2025-04-26 17:33:08,124 [Worker-116: Building] INFO  o.a.m.s.f.DefaultMavenResourcesFiltering - skip non existing resourceDirectory E:\socappback\microservice\src\test\resources
2025-04-26 17:33:34,684 [Worker-115: Building] INFO  o.a.m.s.f.DefaultMavenResourcesFiltering - Copying 1 resource from src\main\resources to target\classes
2025-04-26 17:33:34,690 [Worker-115: Building] INFO  o.a.m.s.f.DefaultMavenResourcesFiltering - Copying 0 resource from src\main\resources to target\classes
2025-04-26 17:33:34,692 [Worker-115: Building] INFO  o.a.m.s.f.DefaultMavenResourcesFiltering - skip non existing resourceDirectory E:\socappback\microservice\src\test\resources
2025-04-26 17:34:39,351 [Worker-115: Building] INFO  o.a.m.s.f.DefaultMavenResourcesFiltering - Copying 1 resource from src\main\resources to target\classes
2025-04-26 17:34:39,357 [Worker-115: Building] INFO  o.a.m.s.f.DefaultMavenResourcesFiltering - Copying 0 resource from src\main\resources to target\classes
2025-04-26 17:34:39,359 [Worker-115: Building] INFO  o.a.m.s.f.DefaultMavenResourcesFiltering - skip non existing resourceDirectory E:\socappback\microservice\src\test\resources
2025-04-26 17:34:58,541 [Worker-115: Building] INFO  o.a.m.s.f.DefaultMavenResourcesFiltering - Copying 1 resource from src\main\resources to target\classes
2025-04-26 17:34:58,544 [Worker-115: Building] INFO  o.a.m.s.f.DefaultMavenResourcesFiltering - Copying 0 resource from src\main\resources to target\classes
2025-04-26 17:34:58,548 [Worker-115: Building] INFO  o.a.m.s.f.DefaultMavenResourcesFiltering - skip non existing resourceDirectory E:\socappback\microservice\src\test\resources
2025-04-26 17:35:26,859 [Worker-119: Building] INFO  o.a.m.s.f.DefaultMavenResourcesFiltering - Copying 1 resource from src\main\resources to target\classes
2025-04-26 17:35:26,862 [Worker-119: Building] INFO  o.a.m.s.f.DefaultMavenResourcesFiltering - Copying 0 resource from src\main\resources to target\classes
2025-04-26 17:35:26,865 [Worker-119: Building] INFO  o.a.m.s.f.DefaultMavenResourcesFiltering - skip non existing resourceDirectory E:\socappback\microservice\src\test\resources
2025-04-26 17:35:48,060 [Worker-116: Building] INFO  o.a.m.s.f.DefaultMavenResourcesFiltering - Copying 1 resource from src\main\resources to target\classes
2025-04-26 17:35:48,063 [Worker-116: Building] INFO  o.a.m.s.f.DefaultMavenResourcesFiltering - Copying 0 resource from src\main\resources to target\classes
2025-04-26 17:35:48,065 [Worker-116: Building] INFO  o.a.m.s.f.DefaultMavenResourcesFiltering - skip non existing resourceDirectory E:\socappback\microservice\src\test\resources
2025-04-26 17:36:17,752 [Worker-116: Building] INFO  o.a.m.s.f.DefaultMavenResourcesFiltering - Copying 1 resource from src\main\resources to target\classes
2025-04-26 17:36:17,754 [Worker-116: Building] INFO  o.a.m.s.f.DefaultMavenResourcesFiltering - Copying 0 resource from src\main\resources to target\classes
2025-04-26 17:36:17,757 [Worker-116: Building] INFO  o.a.m.s.f.DefaultMavenResourcesFiltering - skip non existing resourceDirectory E:\socappback\microservice\src\test\resources
2025-04-26 17:36:39,101 [Worker-119: Building] INFO  o.a.m.s.f.DefaultMavenResourcesFiltering - Copying 1 resource from src\main\resources to target\classes
2025-04-26 17:36:39,104 [Worker-119: Building] INFO  o.a.m.s.f.DefaultMavenResourcesFiltering - Copying 0 resource from src\main\resources to target\classes
2025-04-26 17:36:39,107 [Worker-119: Building] INFO  o.a.m.s.f.DefaultMavenResourcesFiltering - skip non existing resourceDirectory E:\socappback\microservice\src\test\resources
2025-04-26 17:37:39,007 [Worker-116: Building] INFO  o.a.m.s.f.DefaultMavenResourcesFiltering - Copying 1 resource from src\main\resources to target\classes
2025-04-26 17:37:39,017 [Worker-116: Building] INFO  o.a.m.s.f.DefaultMavenResourcesFiltering - Copying 0 resource from src\main\resources to target\classes
2025-04-26 17:37:39,021 [Worker-116: Building] INFO  o.a.m.s.f.DefaultMavenResourcesFiltering - skip non existing resourceDirectory E:\socappback\backend\src\test\resources
2025-04-26 17:48:29,146 [Worker-126: Building] INFO  o.a.m.s.f.DefaultMavenResourcesFiltering - Copying 1 resource from src\main\resources to target\classes
2025-04-26 17:48:29,152 [Worker-126: Building] INFO  o.a.m.s.f.DefaultMavenResourcesFiltering - Copying 0 resource from src\main\resources to target\classes
2025-04-26 17:48:29,154 [Worker-126: Building] INFO  o.a.m.s.f.DefaultMavenResourcesFiltering - skip non existing resourceDirectory E:\socappback\microservice\src\test\resources
2025-04-26 17:49:38,192 [Worker-127: Building] INFO  o.a.m.s.f.DefaultMavenResourcesFiltering - Copying 1 resource from src\main\resources to target\classes
2025-04-26 17:49:38,197 [Worker-127: Building] INFO  o.a.m.s.f.DefaultMavenResourcesFiltering - Copying 0 resource from src\main\resources to target\classes
2025-04-26 17:49:38,199 [Worker-127: Building] INFO  o.a.m.s.f.DefaultMavenResourcesFiltering - skip non existing resourceDirectory E:\socappback\microservice\src\test\resources
2025-04-26 17:49:56,515 [Worker-127: Building] INFO  o.a.m.s.f.DefaultMavenResourcesFiltering - Copying 1 resource from src\main\resources to target\classes
2025-04-26 17:49:56,520 [Worker-127: Building] INFO  o.a.m.s.f.DefaultMavenResourcesFiltering - Copying 0 resource from src\main\resources to target\classes
2025-04-26 17:49:56,522 [Worker-127: Building] INFO  o.a.m.s.f.DefaultMavenResourcesFiltering - skip non existing resourceDirectory E:\socappback\microservice\src\test\resources
2025-04-26 17:50:10,560 [Worker-127: Building] INFO  o.a.m.s.f.DefaultMavenResourcesFiltering - Copying 1 resource from src\main\resources to target\classes
2025-04-26 17:50:10,566 [Worker-127: Building] INFO  o.a.m.s.f.DefaultMavenResourcesFiltering - Copying 0 resource from src\main\resources to target\classes
2025-04-26 17:50:10,568 [Worker-127: Building] INFO  o.a.m.s.f.DefaultMavenResourcesFiltering - skip non existing resourceDirectory E:\socappback\microservice\src\test\resources
2025-04-26 17:50:27,803 [Worker-127: Building] INFO  o.a.m.s.f.DefaultMavenResourcesFiltering - Copying 1 resource from src\main\resources to target\classes
2025-04-26 17:50:27,807 [Worker-127: Building] INFO  o.a.m.s.f.DefaultMavenResourcesFiltering - Copying 0 resource from src\main\resources to target\classes
2025-04-26 17:50:27,809 [Worker-127: Building] INFO  o.a.m.s.f.DefaultMavenResourcesFiltering - skip non existing resourceDirectory E:\socappback\microservice\src\test\resources
2025-04-26 17:50:44,868 [Worker-125: Building] INFO  o.a.m.s.f.DefaultMavenResourcesFiltering - Copying 1 resource from src\main\resources to target\classes
2025-04-26 17:50:44,871 [Worker-125: Building] INFO  o.a.m.s.f.DefaultMavenResourcesFiltering - Copying 0 resource from src\main\resources to target\classes
2025-04-26 17:50:44,872 [Worker-125: Building] INFO  o.a.m.s.f.DefaultMavenResourcesFiltering - skip non existing resourceDirectory E:\socappback\microservice\src\test\resources
2025-04-26 17:51:05,092 [Worker-122: Building] INFO  o.a.m.s.f.DefaultMavenResourcesFiltering - Copying 1 resource from src\main\resources to target\classes
2025-04-26 17:51:05,096 [Worker-122: Building] INFO  o.a.m.s.f.DefaultMavenResourcesFiltering - Copying 0 resource from src\main\resources to target\classes
2025-04-26 17:51:05,098 [Worker-122: Building] INFO  o.a.m.s.f.DefaultMavenResourcesFiltering - skip non existing resourceDirectory E:\socappback\microservice\src\test\resources
2025-04-26 17:51:21,595 [Worker-127: Building] INFO  o.a.m.s.f.DefaultMavenResourcesFiltering - Copying 1 resource from src\main\resources to target\classes
2025-04-26 17:51:21,598 [Worker-127: Building] INFO  o.a.m.s.f.DefaultMavenResourcesFiltering - Copying 0 resource from src\main\resources to target\classes
2025-04-26 17:51:21,601 [Worker-127: Building] INFO  o.a.m.s.f.DefaultMavenResourcesFiltering - skip non existing resourceDirectory E:\socappback\microservice\src\test\resources
2025-04-26 17:52:00,837 [Worker-130: Building] INFO  o.a.m.s.f.DefaultMavenResourcesFiltering - Copying 1 resource from src\main\resources to target\classes
2025-04-26 17:52:00,866 [Worker-130: Building] INFO  o.a.m.s.f.DefaultMavenResourcesFiltering - Copying 0 resource from src\main\resources to target\classes
2025-04-26 17:52:00,873 [Worker-130: Building] INFO  o.a.m.s.f.DefaultMavenResourcesFiltering - skip non existing resourceDirectory E:\socappback\microservice\src\test\resources
2025-04-26 17:52:10,294 [Worker-130: Building] INFO  o.a.m.s.f.DefaultMavenResourcesFiltering - Copying 1 resource from src\main\resources to target\classes
2025-04-26 17:52:10,299 [Worker-130: Building] INFO  o.a.m.s.f.DefaultMavenResourcesFiltering - Copying 0 resource from src\main\resources to target\classes
2025-04-26 17:52:10,301 [Worker-130: Building] INFO  o.a.m.s.f.DefaultMavenResourcesFiltering - skip non existing resourceDirectory E:\socappback\microservice\src\test\resources
2025-04-26 17:52:19,949 [Worker-127: Building] INFO  o.a.m.s.f.DefaultMavenResourcesFiltering - Copying 1 resource from src\main\resources to target\classes
2025-04-26 17:52:19,953 [Worker-127: Building] INFO  o.a.m.s.f.DefaultMavenResourcesFiltering - Copying 0 resource from src\main\resources to target\classes
2025-04-26 17:52:19,955 [Worker-127: Building] INFO  o.a.m.s.f.DefaultMavenResourcesFiltering - skip non existing resourceDirectory E:\socappback\microservice\src\test\resources
2025-04-26 17:52:39,854 [Worker-127: Building] INFO  o.a.m.s.f.DefaultMavenResourcesFiltering - Copying 1 resource from src\main\resources to target\classes
2025-04-26 17:52:39,857 [Worker-127: Building] INFO  o.a.m.s.f.DefaultMavenResourcesFiltering - Copying 0 resource from src\main\resources to target\classes
2025-04-26 17:52:39,860 [Worker-127: Building] INFO  o.a.m.s.f.DefaultMavenResourcesFiltering - skip non existing resourceDirectory E:\socappback\microservice\src\test\resources
2025-04-26 17:53:04,550 [Worker-122: Building] INFO  o.a.m.s.f.DefaultMavenResourcesFiltering - Copying 1 resource from src\main\resources to target\classes
2025-04-26 17:53:04,553 [Worker-122: Building] INFO  o.a.m.s.f.DefaultMavenResourcesFiltering - Copying 0 resource from src\main\resources to target\classes
2025-04-26 17:53:04,556 [Worker-122: Building] INFO  o.a.m.s.f.DefaultMavenResourcesFiltering - skip non existing resourceDirectory E:\socappback\microservice\src\test\resources
2025-04-26 17:59:56,278 [Worker-134: Building] INFO  o.a.m.s.f.DefaultMavenResourcesFiltering - Copying 1 resource from src\main\resources to target\classes
2025-04-26 17:59:56,284 [Worker-134: Building] INFO  o.a.m.s.f.DefaultMavenResourcesFiltering - Copying 0 resource from src\main\resources to target\classes
2025-04-26 17:59:56,287 [Worker-134: Building] INFO  o.a.m.s.f.DefaultMavenResourcesFiltering - skip non existing resourceDirectory E:\socappback\microservice\src\test\resources
2025-04-26 18:00:28,297 [Worker-134: Building] INFO  o.a.m.s.f.DefaultMavenResourcesFiltering - Copying 1 resource from src\main\resources to target\classes
2025-04-26 18:00:28,302 [Worker-134: Building] INFO  o.a.m.s.f.DefaultMavenResourcesFiltering - Copying 0 resource from src\main\resources to target\classes
2025-04-26 18:00:28,304 [Worker-134: Building] INFO  o.a.m.s.f.DefaultMavenResourcesFiltering - skip non existing resourceDirectory E:\socappback\microservice\src\test\resources
2025-04-26 18:00:54,023 [Worker-122: Building] INFO  o.a.m.s.f.DefaultMavenResourcesFiltering - Copying 1 resource from src\main\resources to target\classes
2025-04-26 18:00:54,023 [Worker-122: Building] INFO  o.a.m.s.f.DefaultMavenResourcesFiltering - Copying 0 resource from src\main\resources to target\classes
2025-04-26 18:00:54,023 [Worker-122: Building] INFO  o.a.m.s.f.DefaultMavenResourcesFiltering - skip non existing resourceDirectory E:\socappback\microservice\src\test\resources
2025-04-26 18:01:16,442 [Worker-133: Building] INFO  o.a.m.s.f.DefaultMavenResourcesFiltering - Copying 1 resource from src\main\resources to target\classes
2025-04-26 18:01:16,446 [Worker-133: Building] INFO  o.a.m.s.f.DefaultMavenResourcesFiltering - Copying 0 resource from src\main\resources to target\classes
2025-04-26 18:01:16,449 [Worker-133: Building] INFO  o.a.m.s.f.DefaultMavenResourcesFiltering - skip non existing resourceDirectory E:\socappback\microservice\src\test\resources
2025-04-26 18:01:26,087 [Worker-133: Building] INFO  o.a.m.s.f.DefaultMavenResourcesFiltering - Copying 1 resource from src\main\resources to target\classes
2025-04-26 18:01:26,087 [Worker-133: Building] INFO  o.a.m.s.f.DefaultMavenResourcesFiltering - Copying 0 resource from src\main\resources to target\classes
2025-04-26 18:01:26,087 [Worker-133: Building] INFO  o.a.m.s.f.DefaultMavenResourcesFiltering - skip non existing resourceDirectory E:\socappback\microservice\src\test\resources
2025-04-26 18:01:41,835 [Worker-122: Building] INFO  o.a.m.s.f.DefaultMavenResourcesFiltering - Copying 1 resource from src\main\resources to target\classes
2025-04-26 18:01:41,838 [Worker-122: Building] INFO  o.a.m.s.f.DefaultMavenResourcesFiltering - Copying 0 resource from src\main\resources to target\classes
2025-04-26 18:01:41,840 [Worker-122: Building] INFO  o.a.m.s.f.DefaultMavenResourcesFiltering - skip non existing resourceDirectory E:\socappback\microservice\src\test\resources
2025-04-26 18:02:44,533 [Worker-129: Building] INFO  o.a.m.s.f.DefaultMavenResourcesFiltering - Copying 1 resource from src\main\resources to target\classes
2025-04-26 18:02:44,542 [Worker-129: Building] INFO  o.a.m.s.f.DefaultMavenResourcesFiltering - Copying 0 resource from src\main\resources to target\classes
2025-04-26 18:02:44,545 [Worker-129: Building] INFO  o.a.m.s.f.DefaultMavenResourcesFiltering - skip non existing resourceDirectory E:\socappback\microservice\src\test\resources
2025-04-26 18:03:24,663 [Worker-133: Building] INFO  o.a.m.s.f.DefaultMavenResourcesFiltering - Copying 1 resource from src\main\resources to target\classes
2025-04-26 18:03:24,669 [Worker-133: Building] INFO  o.a.m.s.f.DefaultMavenResourcesFiltering - Copying 0 resource from src\main\resources to target\classes
2025-04-26 18:03:24,672 [Worker-133: Building] INFO  o.a.m.s.f.DefaultMavenResourcesFiltering - skip non existing resourceDirectory E:\socappback\microservice\src\test\resources
2025-04-26 18:07:48,065 [Worker-135: Building] INFO  o.a.m.s.f.DefaultMavenResourcesFiltering - Copying 1 resource from src\main\resources to target\classes
2025-04-26 18:07:48,079 [Worker-135: Building] INFO  o.a.m.s.f.DefaultMavenResourcesFiltering - Copying 0 resource from src\main\resources to target\classes
2025-04-26 18:07:48,082 [Worker-135: Building] INFO  o.a.m.s.f.DefaultMavenResourcesFiltering - skip non existing resourceDirectory E:\socappback\microservice\src\test\resources
2025-04-26 18:08:20,347 [Worker-135: Building] INFO  o.a.m.s.f.DefaultMavenResourcesFiltering - Copying 1 resource from src\main\resources to target\classes
2025-04-26 18:08:20,361 [Worker-135: Building] INFO  o.a.m.s.f.DefaultMavenResourcesFiltering - Copying 0 resource from src\main\resources to target\classes
2025-04-26 18:08:20,364 [Worker-135: Building] INFO  o.a.m.s.f.DefaultMavenResourcesFiltering - skip non existing resourceDirectory E:\socappback\microservice\src\test\resources
2025-04-26 18:09:47,732 [Worker-138: Building] INFO  o.a.m.s.f.DefaultMavenResourcesFiltering - Copying 1 resource from src\main\resources to target\classes
2025-04-26 18:09:47,748 [Worker-138: Building] INFO  o.a.m.s.f.DefaultMavenResourcesFiltering - Copying 0 resource from src\main\resources to target\classes
2025-04-26 18:09:47,750 [Worker-138: Building] INFO  o.a.m.s.f.DefaultMavenResourcesFiltering - skip non existing resourceDirectory E:\socappback\microservice\src\test\resources
2025-04-26 18:12:35,841 [Worker-140: Building] INFO  o.a.m.s.f.DefaultMavenResourcesFiltering - Copying 1 resource from src\main\resources to target\classes
2025-04-26 18:12:35,847 [Worker-140: Building] INFO  o.a.m.s.f.DefaultMavenResourcesFiltering - Copying 0 resource from src\main\resources to target\classes
2025-04-26 18:12:35,850 [Worker-140: Building] INFO  o.a.m.s.f.DefaultMavenResourcesFiltering - skip non existing resourceDirectory E:\socappback\microservice\src\test\resources
2025-04-26 18:12:49,962 [Worker-140: Building] INFO  o.a.m.s.f.DefaultMavenResourcesFiltering - Copying 1 resource from src\main\resources to target\classes
2025-04-26 18:12:49,968 [Worker-140: Building] INFO  o.a.m.s.f.DefaultMavenResourcesFiltering - Copying 0 resource from src\main\resources to target\classes
2025-04-26 18:12:49,970 [Worker-140: Building] INFO  o.a.m.s.f.DefaultMavenResourcesFiltering - skip non existing resourceDirectory E:\socappback\microservice\src\test\resources
2025-04-27 07:57:44,902 [Worker-3: Loading available Gradle versions] INFO  o.e.b.c.i.u.g.PublishedGradleVersions - Gradle version information cache is up-to-date. Trying to read.
2025-04-27 13:30:56,162 [Worker-4: Loading available Gradle versions] INFO  o.e.b.c.i.u.g.PublishedGradleVersions - Gradle version information cache is up-to-date. Trying to read.
2025-05-01 08:52:35,852 [Worker-4: Loading available Gradle versions] INFO  o.e.b.c.i.u.g.PublishedGradleVersions - Gradle version information cache is out-of-date. Trying to update.
2025-05-01 14:48:35,956 [Worker-1: Loading available Gradle versions] INFO  o.e.b.c.i.u.g.PublishedGradleVersions - Gradle version information cache is up-to-date. Trying to read.
2025-05-01 14:49:12,923 [Worker-4: Loading available Gradle versions] INFO  o.e.b.c.i.u.g.PublishedGradleVersions - Gradle version information cache is up-to-date. Trying to read.
2025-05-01 14:49:19,456 [Worker-9: Building] INFO  o.a.m.s.f.DefaultMavenResourcesFiltering - Copying 1 resource from src\main\resources to target\classes
2025-05-01 14:49:19,507 [Worker-9: Building] INFO  o.a.m.s.f.DefaultMavenResourcesFiltering - Copying 0 resource from src\main\resources to target\classes
2025-05-01 14:49:19,516 [Worker-9: Building] INFO  o.a.m.s.f.DefaultMavenResourcesFiltering - skip non existing resourceDirectory E:\socappback\backend\src\test\resources
2025-05-01 14:49:23,820 [Worker-9: Building] INFO  o.a.m.s.f.DefaultMavenResourcesFiltering - Copying 1 resource from src\main\resources to target\classes
2025-05-01 14:49:23,853 [Worker-9: Building] INFO  o.a.m.s.f.DefaultMavenResourcesFiltering - Copying 0 resource from src\main\resources to target\classes
2025-05-01 14:49:23,862 [Worker-9: Building] INFO  o.a.m.s.f.DefaultMavenResourcesFiltering - skip non existing resourceDirectory E:\socappback\circleup-backend\src\test\resources
2025-05-01 14:49:26,542 [Worker-9: Building] INFO  o.a.m.s.f.DefaultMavenResourcesFiltering - Copying 1 resource from src\main\resources to target\classes
2025-05-01 14:49:26,564 [Worker-9: Building] INFO  o.a.m.s.f.DefaultMavenResourcesFiltering - Copying 0 resource from src\main\resources to target\classes
2025-05-01 14:49:26,569 [Worker-9: Building] INFO  o.a.m.s.f.DefaultMavenResourcesFiltering - skip non existing resourceDirectory E:\socappback\microservice\src\test\resources
2025-05-02 14:20:26,677 [Worker-2: Loading available Gradle versions] INFO  o.e.b.c.i.u.g.PublishedGradleVersions - Gradle version information cache is out-of-date. Trying to update.
2025-05-05 18:41:27,097 [Worker-2: Loading available Gradle versions] INFO  o.e.b.c.i.u.g.PublishedGradleVersions - Gradle version information cache is out-of-date. Trying to update.
2025-05-05 18:47:11,083 [Worker-5: Loading available Gradle versions] INFO  o.e.b.c.i.u.g.PublishedGradleVersions - Gradle version information cache is up-to-date. Trying to read.
2025-05-05 18:47:19,141 [Worker-5: Building] INFO  o.a.m.s.f.DefaultMavenResourcesFiltering - Copying 1 resource from src\main\resources to target\classes
2025-05-05 18:47:19,252 [Worker-5: Building] INFO  o.a.m.s.f.DefaultMavenResourcesFiltering - Copying 0 resource from src\main\resources to target\classes
2025-05-05 18:47:19,292 [Worker-5: Building] INFO  o.a.m.s.f.DefaultMavenResourcesFiltering - skip non existing resourceDirectory E:\socappback\backend\src\test\resources
2025-05-05 18:47:24,261 [Worker-4: Building] INFO  o.a.m.s.f.DefaultMavenResourcesFiltering - Copying 1 resource from src\main\resources to target\classes
2025-05-05 18:47:24,316 [Worker-4: Building] INFO  o.a.m.s.f.DefaultMavenResourcesFiltering - Copying 0 resource from src\main\resources to target\classes
2025-05-05 18:47:24,328 [Worker-4: Building] INFO  o.a.m.s.f.DefaultMavenResourcesFiltering - skip non existing resourceDirectory E:\socappback\circleup-backend\src\test\resources
2025-05-05 18:47:27,402 [Worker-4: Building] INFO  o.a.m.s.f.DefaultMavenResourcesFiltering - Copying 1 resource from src\main\resources to target\classes
2025-05-05 18:47:27,425 [Worker-4: Building] INFO  o.a.m.s.f.DefaultMavenResourcesFiltering - Copying 0 resource from src\main\resources to target\classes
2025-05-05 18:47:27,432 [Worker-4: Building] INFO  o.a.m.s.f.DefaultMavenResourcesFiltering - skip non existing resourceDirectory E:\socappback\microservice\src\test\resources
2025-05-06 15:13:07,069 [Worker-2: Loading available Gradle versions] INFO  o.e.b.c.i.u.g.PublishedGradleVersions - Gradle version information cache is up-to-date. Trying to read.
2025-05-09 21:04:32,559 [Worker-5: Loading available Gradle versions] INFO  o.e.b.c.i.u.g.PublishedGradleVersions - Gradle version information cache is out-of-date. Trying to update.
2025-05-09 21:26:08,696 [Worker-24: Building] INFO  o.a.m.s.f.DefaultMavenResourcesFiltering - Copying 1 resource from src\main\resources to target\classes
2025-05-09 21:26:08,712 [Worker-24: Building] INFO  o.a.m.s.f.DefaultMavenResourcesFiltering - Copying 0 resource from src\main\resources to target\classes
2025-05-09 21:26:08,718 [Worker-24: Building] INFO  o.a.m.s.f.DefaultMavenResourcesFiltering - skip non existing resourceDirectory E:\socappback\backend\src\test\resources
2025-05-09 21:26:10,690 [Worker-24: Building] INFO  o.a.m.s.f.DefaultMavenResourcesFiltering - Copying 1 resource from src\main\resources to target\classes
2025-05-09 21:26:10,707 [Worker-24: Building] INFO  o.a.m.s.f.DefaultMavenResourcesFiltering - Copying 0 resource from src\main\resources to target\classes
2025-05-09 21:26:10,712 [Worker-24: Building] INFO  o.a.m.s.f.DefaultMavenResourcesFiltering - skip non existing resourceDirectory E:\socappback\circleup-backend\src\test\resources
2025-05-09 21:26:12,634 [Worker-24: Building] INFO  o.a.m.s.f.DefaultMavenResourcesFiltering - Copying 1 resource from src\main\resources to target\classes
2025-05-09 21:26:12,655 [Worker-24: Building] INFO  o.a.m.s.f.DefaultMavenResourcesFiltering - Copying 0 resource from src\main\resources to target\classes
2025-05-09 21:26:12,661 [Worker-24: Building] INFO  o.a.m.s.f.DefaultMavenResourcesFiltering - skip non existing resourceDirectory E:\socappback\microservice\src\test\resources
2025-05-09 21:26:13,867 [Worker-26: Building] INFO  o.a.m.s.f.DefaultMavenResourcesFiltering - Copying 1 resource from src\main\resources to target\classes
2025-05-09 21:26:13,871 [Worker-26: Building] INFO  o.a.m.s.f.DefaultMavenResourcesFiltering - Copying 0 resource from src\main\resources to target\classes
2025-05-09 21:26:13,875 [Worker-26: Building] INFO  o.a.m.s.f.DefaultMavenResourcesFiltering - skip non existing resourceDirectory E:\socappback\backend\src\test\resources
2025-05-09 21:39:32,319 [Worker-32: Building] INFO  o.a.m.s.f.DefaultMavenResourcesFiltering - Copying 1 resource from src\main\resources to target\classes
2025-05-09 21:39:32,325 [Worker-32: Building] INFO  o.a.m.s.f.DefaultMavenResourcesFiltering - Copying 0 resource from src\main\resources to target\classes
2025-05-09 21:39:32,329 [Worker-32: Building] INFO  o.a.m.s.f.DefaultMavenResourcesFiltering - skip non existing resourceDirectory E:\socappback\backend\src\test\resources
2025-05-09 21:42:27,863 [Worker-37: Building] INFO  o.a.m.s.f.DefaultMavenResourcesFiltering - Copying 1 resource from src\main\resources to target\classes
2025-05-09 21:42:27,867 [Worker-37: Building] INFO  o.a.m.s.f.DefaultMavenResourcesFiltering - Copying 0 resource from src\main\resources to target\classes
2025-05-09 21:42:27,871 [Worker-37: Building] INFO  o.a.m.s.f.DefaultMavenResourcesFiltering - skip non existing resourceDirectory E:\socappback\backend\src\test\resources
2025-05-09 21:43:04,823 [Worker-37: Building] INFO  o.a.m.s.f.DefaultMavenResourcesFiltering - Copying 1 resource from src\main\resources to target\classes
2025-05-09 21:43:04,827 [Worker-37: Building] INFO  o.a.m.s.f.DefaultMavenResourcesFiltering - Copying 0 resource from src\main\resources to target\classes
2025-05-09 21:43:04,830 [Worker-37: Building] INFO  o.a.m.s.f.DefaultMavenResourcesFiltering - skip non existing resourceDirectory E:\socappback\backend\src\test\resources
2025-05-09 21:44:40,692 [Worker-42: Building] INFO  o.a.m.s.f.DefaultMavenResourcesFiltering - Copying 1 resource from src\main\resources to target\classes
2025-05-09 21:44:40,698 [Worker-42: Building] INFO  o.a.m.s.f.DefaultMavenResourcesFiltering - Copying 0 resource from src\main\resources to target\classes
2025-05-09 21:44:40,701 [Worker-42: Building] INFO  o.a.m.s.f.DefaultMavenResourcesFiltering - skip non existing resourceDirectory E:\socappback\backend\src\test\resources
2025-05-09 21:49:10,679 [Worker-42: Building] INFO  o.a.m.s.f.DefaultMavenResourcesFiltering - Copying 1 resource from src\main\resources to target\classes
2025-05-09 21:49:10,685 [Worker-42: Building] INFO  o.a.m.s.f.DefaultMavenResourcesFiltering - Copying 0 resource from src\main\resources to target\classes
2025-05-09 21:49:10,688 [Worker-42: Building] INFO  o.a.m.s.f.DefaultMavenResourcesFiltering - skip non existing resourceDirectory E:\socappback\backend\src\test\resources
2025-05-09 21:49:24,717 [Worker-45: Building] INFO  o.a.m.s.f.DefaultMavenResourcesFiltering - Copying 1 resource from src\main\resources to target\classes
2025-05-09 21:49:24,719 [Worker-45: Building] INFO  o.a.m.s.f.DefaultMavenResourcesFiltering - Copying 0 resource from src\main\resources to target\classes
2025-05-09 21:49:24,723 [Worker-45: Building] INFO  o.a.m.s.f.DefaultMavenResourcesFiltering - skip non existing resourceDirectory E:\socappback\backend\src\test\resources
2025-05-09 23:35:13,308 [Worker-70: Building] INFO  o.a.m.s.f.DefaultMavenResourcesFiltering - Copying 1 resource from src\main\resources to target\classes
2025-05-09 23:35:13,318 [Worker-70: Building] INFO  o.a.m.s.f.DefaultMavenResourcesFiltering - Copying 0 resource from src\main\resources to target\classes
2025-05-09 23:35:13,321 [Worker-70: Building] INFO  o.a.m.s.f.DefaultMavenResourcesFiltering - skip non existing resourceDirectory E:\socappback\backend\src\test\resources
2025-05-09 23:38:55,301 [Worker-75: Building] INFO  o.a.m.s.f.DefaultMavenResourcesFiltering - Copying 1 resource from src\main\resources to target\classes
2025-05-09 23:38:55,310 [Worker-75: Building] INFO  o.a.m.s.f.DefaultMavenResourcesFiltering - Copying 0 resource from src\main\resources to target\classes
2025-05-09 23:38:55,312 [Worker-75: Building] INFO  o.a.m.s.f.DefaultMavenResourcesFiltering - skip non existing resourceDirectory E:\socappback\backend\src\test\resources
2025-05-09 23:39:05,862 [Worker-73: Building] INFO  o.a.m.s.f.DefaultMavenResourcesFiltering - Copying 1 resource from src\main\resources to target\classes
2025-05-09 23:39:05,862 [Worker-73: Building] INFO  o.a.m.s.f.DefaultMavenResourcesFiltering - Copying 0 resource from src\main\resources to target\classes
2025-05-09 23:39:05,862 [Worker-73: Building] INFO  o.a.m.s.f.DefaultMavenResourcesFiltering - skip non existing resourceDirectory E:\socappback\backend\src\test\resources
2025-05-09 23:45:10,976 [Worker-79: Building] INFO  o.a.m.s.f.DefaultMavenResourcesFiltering - Copying 1 resource from src\main\resources to target\classes
2025-05-09 23:45:10,980 [Worker-79: Building] INFO  o.a.m.s.f.DefaultMavenResourcesFiltering - Copying 0 resource from src\main\resources to target\classes
2025-05-09 23:45:10,983 [Worker-79: Building] INFO  o.a.m.s.f.DefaultMavenResourcesFiltering - skip non existing resourceDirectory E:\socappback\backend\src\test\resources
2025-05-10 00:23:57,416 [Worker-85: Building] INFO  o.a.m.s.f.DefaultMavenResourcesFiltering - Copying 1 resource from src\main\resources to target\classes
2025-05-10 00:23:57,424 [Worker-85: Building] INFO  o.a.m.s.f.DefaultMavenResourcesFiltering - Copying 0 resource from src\main\resources to target\classes
2025-05-10 00:23:57,424 [Worker-85: Building] INFO  o.a.m.s.f.DefaultMavenResourcesFiltering - skip non existing resourceDirectory E:\socappback\backend\src\test\resources
2025-05-10 10:18:34,906 [Worker-3: Loading available Gradle versions] INFO  o.e.b.c.i.u.g.PublishedGradleVersions - Gradle version information cache is up-to-date. Trying to read.
2025-05-10 10:35:13,483 [Worker-27: Launching backend - BackendApplication] INFO  o.a.m.s.f.DefaultMavenResourcesFiltering - Copying 1 resource from src\main\resources to target\classes
2025-05-10 10:35:13,502 [Worker-27: Launching backend - BackendApplication] INFO  o.a.m.s.f.DefaultMavenResourcesFiltering - Copying 0 resource from src\main\resources to target\classes
2025-05-10 10:35:13,507 [Worker-27: Launching backend - BackendApplication] INFO  o.a.m.s.f.DefaultMavenResourcesFiltering - skip non existing resourceDirectory E:\socappback\backend\src\test\resources
2025-05-10 10:37:16,925 [Worker-29: Building] INFO  o.a.m.s.f.DefaultMavenResourcesFiltering - Copying 1 resource from src\main\resources to target\classes
2025-05-10 10:37:16,931 [Worker-29: Building] INFO  o.a.m.s.f.DefaultMavenResourcesFiltering - Copying 0 resource from src\main\resources to target\classes
2025-05-10 10:37:16,935 [Worker-29: Building] INFO  o.a.m.s.f.DefaultMavenResourcesFiltering - skip non existing resourceDirectory E:\socappback\backend\src\test\resources
2025-05-10 10:38:53,187 [Worker-28: Building] INFO  o.a.m.s.f.DefaultMavenResourcesFiltering - Copying 1 resource from src\main\resources to target\classes
2025-05-10 10:38:53,191 [Worker-28: Building] INFO  o.a.m.s.f.DefaultMavenResourcesFiltering - Copying 0 resource from src\main\resources to target\classes
2025-05-10 10:38:53,194 [Worker-28: Building] INFO  o.a.m.s.f.DefaultMavenResourcesFiltering - skip non existing resourceDirectory E:\socappback\backend\src\test\resources
2025-05-10 10:48:40,553 [Worker-31: Building] INFO  o.a.m.s.f.DefaultMavenResourcesFiltering - Copying 1 resource from src\main\resources to target\classes
2025-05-10 10:48:40,572 [Worker-31: Building] INFO  o.a.m.s.f.DefaultMavenResourcesFiltering - Copying 0 resource from src\main\resources to target\classes
2025-05-10 10:48:40,580 [Worker-31: Building] INFO  o.a.m.s.f.DefaultMavenResourcesFiltering - skip non existing resourceDirectory E:\socappback\backend\src\test\resources
2025-05-10 10:49:07,814 [Worker-32: Building] INFO  o.a.m.s.f.DefaultMavenResourcesFiltering - Copying 1 resource from src\main\resources to target\classes
2025-05-10 10:49:07,820 [Worker-32: Building] INFO  o.a.m.s.f.DefaultMavenResourcesFiltering - Copying 0 resource from src\main\resources to target\classes
2025-05-10 10:49:07,824 [Worker-32: Building] INFO  o.a.m.s.f.DefaultMavenResourcesFiltering - skip non existing resourceDirectory E:\socappback\backend\src\test\resources
2025-05-10 10:50:22,993 [Worker-32: Building] INFO  o.a.m.s.f.DefaultMavenResourcesFiltering - Copying 1 resource from src\main\resources to target\classes
2025-05-10 10:50:22,997 [Worker-32: Building] INFO  o.a.m.s.f.DefaultMavenResourcesFiltering - Copying 0 resource from src\main\resources to target\classes
2025-05-10 10:50:23,000 [Worker-32: Building] INFO  o.a.m.s.f.DefaultMavenResourcesFiltering - skip non existing resourceDirectory E:\socappback\backend\src\test\resources
2025-05-10 10:55:09,705 [Worker-0: Loading available Gradle versions] INFO  o.e.b.c.i.u.g.PublishedGradleVersions - Gradle version information cache is up-to-date. Trying to read.
2025-05-10 11:04:49,430 [Worker-29: Building] INFO  o.a.m.s.f.DefaultMavenResourcesFiltering - Copying 1 resource from src\main\resources to target\classes
2025-05-10 11:04:49,448 [Worker-29: Building] INFO  o.a.m.s.f.DefaultMavenResourcesFiltering - Copying 0 resource from src\main\resources to target\classes
2025-05-10 11:04:49,454 [Worker-29: Building] INFO  o.a.m.s.f.DefaultMavenResourcesFiltering - skip non existing resourceDirectory E:\socappback\backend\src\test\resources
2025-05-10 11:05:16,918 [Worker-4: Updating Maven Project] INFO  o.e.m.c.i.p.ProjectConfigurationManager - Update started
2025-05-10 11:05:17,593 [Worker-4: Updating Maven Project] INFO  o.e.m.c.i.l.LifecycleMappingFactory - Using org.maven.ide.eclipse.wtp.WarLifecycleMapping lifecycle mapping for MavenProject: com.example:backend:0.0.1-SNAPSHOT @ E:\socappback\backend\pom.xml.
2025-05-10 11:05:18,682 [Worker-4: Updating Maven Project] INFO  o.e.m.j.i.AbstractJavaProjectConfigurator - Adding source folder /backend/src/main/java
2025-05-10 11:05:18,685 [Worker-4: Updating Maven Project] INFO  o.e.m.j.i.AbstractJavaProjectConfigurator - Adding resource folder /backend/src/main/resources
2025-05-10 11:05:18,685 [Worker-4: Updating Maven Project] INFO  o.e.m.j.i.AbstractJavaProjectConfigurator - Adding resource folder /backend/src/main/resources
2025-05-10 11:05:18,686 [Worker-4: Updating Maven Project] INFO  o.e.m.j.i.AbstractJavaProjectConfigurator - Adding source folder /backend/src/test/java
2025-05-10 11:05:18,686 [Worker-4: Updating Maven Project] INFO  o.e.m.j.i.AbstractJavaProjectConfigurator - Adding resource folder /backend/src/test/resources
2025-05-10 11:05:19,464 [Worker-4: Updating Maven Project] INFO  o.e.m.w.i.f.ResourceFilteringBuildParticipant - Cleaning filtered folder for backend
2025-05-10 11:05:19,497 [Worker-4: Updating Maven Project] INFO  o.e.m.c.i.p.ProjectConfigurationManager - Update completed for 1 poms: local refresh takes 0.00 sec, refresh facades takes 1.00 sec, update config takes 0.00 sec 
2025-05-10 11:05:20,103 [Worker-28: Building] INFO  o.a.m.s.f.DefaultMavenResourcesFiltering - Copying 1 resource from src\main\resources to target\classes
2025-05-10 11:05:20,122 [Worker-28: Building] INFO  o.a.m.s.f.DefaultMavenResourcesFiltering - Copying 0 resource from src\main\resources to target\classes
2025-05-10 11:05:20,128 [Worker-28: Building] INFO  o.a.m.s.f.DefaultMavenResourcesFiltering - skip non existing resourceDirectory E:\socappback\backend\src\test\resources
2025-05-10 11:05:20,128 [Worker-28: Building] INFO  o.e.m.w.i.f.ResourceFilteringBuildParticipant - Changed resources require a complete clean of filtered resources of backend
2025-05-10 11:05:20,129 [Worker-28: Building] INFO  o.e.m.w.i.f.ResourceFilteringBuildParticipant - Executing resource filtering for backend
2025-05-10 14:36:40,650 [Worker-1: Loading available Gradle versions] INFO  o.e.b.c.i.u.g.PublishedGradleVersions - Gradle version information cache is up-to-date. Trying to read.
2025-05-10 18:13:37,637 [Worker-3: Loading available Gradle versions] INFO  o.e.b.c.i.u.g.PublishedGradleVersions - Gradle version information cache is up-to-date. Trying to read.
2025-05-10 18:31:01,523 [Worker-3: Loading available Gradle versions] INFO  o.e.b.c.i.u.g.PublishedGradleVersions - Gradle version information cache is up-to-date. Trying to read.
2025-05-11 03:05:09,792 [Worker-2: Loading available Gradle versions] INFO  o.e.b.c.i.u.g.PublishedGradleVersions - Gradle version information cache is out-of-date. Trying to update.
2025-05-11 03:07:07,558 [Worker-21: Building] INFO  o.e.m.c.i.l.LifecycleMappingFactory - Using org.maven.ide.eclipse.wtp.WarLifecycleMapping lifecycle mapping for MavenProject: com.example:backend:0.0.1-SNAPSHOT @ E:\socappback\backend\pom.xml.
2025-05-11 03:07:08,873 [Worker-21: Building] INFO  o.a.m.s.f.DefaultMavenResourcesFiltering - Copying 1 resource from src\main\resources to target\classes
2025-05-11 03:07:08,892 [Worker-21: Building] INFO  o.a.m.s.f.DefaultMavenResourcesFiltering - Copying 0 resource from src\main\resources to target\classes
2025-05-11 03:07:08,901 [Worker-21: Building] INFO  o.a.m.s.f.DefaultMavenResourcesFiltering - skip non existing resourceDirectory E:\socappback\backend\src\test\resources
2025-05-11 03:07:08,903 [Worker-21: Building] INFO  o.e.m.w.i.f.ResourceFilteringBuildParticipant - Changed resources require a complete clean of filtered resources of backend
2025-05-11 03:07:08,904 [Worker-21: Building] INFO  o.e.m.w.i.f.ResourceFilteringBuildParticipant - Executing resource filtering for backend
2025-05-11 03:07:10,227 [Worker-2: Building] INFO  o.a.m.s.f.DefaultMavenResourcesFiltering - Copying 1 resource from src\main\resources to target\classes
2025-05-11 03:07:10,246 [Worker-2: Building] INFO  o.a.m.s.f.DefaultMavenResourcesFiltering - Copying 0 resource from src\main\resources to target\classes
2025-05-11 03:07:10,251 [Worker-2: Building] INFO  o.a.m.s.f.DefaultMavenResourcesFiltering - skip non existing resourceDirectory E:\socappback\circleup-backend\src\test\resources
2025-05-11 03:07:11,995 [Worker-2: Building] INFO  o.a.m.s.f.DefaultMavenResourcesFiltering - Copying 1 resource from src\main\resources to target\classes
2025-05-11 03:07:12,010 [Worker-2: Building] INFO  o.a.m.s.f.DefaultMavenResourcesFiltering - Copying 0 resource from src\main\resources to target\classes
2025-05-11 03:07:12,016 [Worker-2: Building] INFO  o.a.m.s.f.DefaultMavenResourcesFiltering - skip non existing resourceDirectory E:\socappback\microservice\src\test\resources
2025-05-11 03:07:14,527 [Worker-16: Building] INFO  o.e.m.c.i.l.LifecycleMappingFactory - Using org.maven.ide.eclipse.wtp.WarLifecycleMapping lifecycle mapping for MavenProject: com.example:backend:0.0.1-SNAPSHOT @ E:\socappback\backend\pom.xml.
2025-05-11 03:07:15,178 [Worker-16: Building] INFO  o.a.m.s.f.DefaultMavenResourcesFiltering - Copying 0 resource from src\main\resources to target\classes
2025-05-11 03:07:15,179 [Worker-16: Building] INFO  o.a.m.s.f.DefaultMavenResourcesFiltering - Copying 0 resource from src\main\resources to target\classes
2025-05-11 03:07:15,184 [Worker-16: Building] INFO  o.a.m.s.f.DefaultMavenResourcesFiltering - skip non existing resourceDirectory E:\socappback\backend\src\test\resources
2025-05-11 03:07:15,185 [Worker-16: Building] INFO  o.e.m.w.i.f.ResourceFilteringBuildParticipant - Changed resources require a complete clean of filtered resources of backend
2025-05-11 03:07:15,185 [Worker-16: Building] INFO  o.e.m.w.i.f.ResourceFilteringBuildParticipant - Executing resource filtering for backend
2025-05-11 05:42:20,198 [Worker-2: Loading available Gradle versions] INFO  o.e.b.c.i.u.g.PublishedGradleVersions - Gradle version information cache is up-to-date. Trying to read.
2025-05-11 07:24:15,024 [Worker-5: Loading available Gradle versions] INFO  o.e.b.c.i.u.g.PublishedGradleVersions - Gradle version information cache is up-to-date. Trying to read.
2025-07-22 20:57:55,270 [Worker-2: Loading available Gradle versions] INFO  o.e.b.c.i.u.g.PublishedGradleVersions - Gradle version information cache is out-of-date. Trying to update.
2025-07-22 21:02:40,398 [Worker-21: Importing Maven projects] INFO  o.e.m.c.i.e.AbstractTransferListenerAdapter - Downloading https://repo.spring.io/snapshot/org/springframework/boot/spring-boot-starter-parent/4.0.0-SNAPSHOT/maven-metadata.xml
2025-07-22 21:02:40,419 [Worker-21: Importing Maven projects] INFO  o.e.m.c.i.e.AbstractTransferListenerAdapter - Downloaded https://repo.spring.io/snapshot/org/springframework/boot/spring-boot-starter-parent/4.0.0-SNAPSHOT/maven-metadata.xml
2025-07-22 21:02:40,751 [Worker-21: Importing Maven projects] INFO  o.e.m.c.i.e.AbstractTransferListenerAdapter - Downloading https://repo.spring.io/snapshot/org/springframework/boot/spring-boot-starter-parent/4.0.0-SNAPSHOT/spring-boot-starter-parent-4.0.0-20250722.131803-314.pom
2025-07-22 21:02:41,063 [Worker-21: Importing Maven projects] INFO  o.e.m.c.i.e.AbstractTransferListenerAdapter - Downloaded https://repo.spring.io/snapshot/org/springframework/boot/spring-boot-starter-parent/4.0.0-SNAPSHOT/spring-boot-starter-parent-4.0.0-20250722.131803-314.pom
2025-07-22 21:02:41,363 [Worker-21: Importing Maven projects] INFO  o.e.m.c.i.e.AbstractTransferListenerAdapter - Downloading https://repo.spring.io/snapshot/org/springframework/boot/spring-boot-dependencies/4.0.0-SNAPSHOT/maven-metadata.xml
2025-07-22 21:02:41,373 [Worker-21: Importing Maven projects] INFO  o.e.m.c.i.e.AbstractTransferListenerAdapter - Downloaded https://repo.spring.io/snapshot/org/springframework/boot/spring-boot-dependencies/4.0.0-SNAPSHOT/maven-metadata.xml
2025-07-22 21:02:41,672 [Worker-21: Importing Maven projects] INFO  o.e.m.c.i.e.AbstractTransferListenerAdapter - Downloading https://repo.spring.io/snapshot/org/springframework/boot/spring-boot-dependencies/4.0.0-SNAPSHOT/spring-boot-dependencies-4.0.0-20250722.131803-314.pom
2025-07-22 21:02:42,399 [Worker-21: Importing Maven projects] INFO  o.e.m.c.i.e.AbstractTransferListenerAdapter - Downloaded https://repo.spring.io/snapshot/org/springframework/boot/spring-boot-dependencies/4.0.0-SNAPSHOT/spring-boot-dependencies-4.0.0-20250722.131803-314.pom
2025-07-22 21:02:42,689 [Worker-21: Importing Maven projects] INFO  o.e.m.c.i.e.AbstractTransferListenerAdapter - Downloaded https://repo.spring.io/milestone/org/apache/activemq/activemq-bom/6.1.7/activemq-bom-6.1.7.pom
2025-07-22 21:02:42,915 [Worker-21: Importing Maven projects] INFO  o.e.m.c.i.e.AbstractTransferListenerAdapter - Downloading https://repo.maven.apache.org/maven2/org/apache/activemq/activemq-bom/6.1.7/activemq-bom-6.1.7.pom
2025-07-22 21:02:42,930 [Worker-21: Importing Maven projects] INFO  o.e.m.c.i.e.AbstractTransferListenerAdapter - Downloaded https://repo.maven.apache.org/maven2/org/apache/activemq/activemq-bom/6.1.7/activemq-bom-6.1.7.pom
2025-07-22 21:02:43,200 [Worker-21: Importing Maven projects] INFO  o.e.m.c.i.e.AbstractTransferListenerAdapter - Downloaded https://repo.spring.io/milestone/org/apache/activemq/artemis-bom/2.41.0/artemis-bom-2.41.0.pom
2025-07-22 21:02:43,244 [Worker-21: Importing Maven projects] INFO  o.e.m.c.i.e.AbstractTransferListenerAdapter - Downloading https://repo.maven.apache.org/maven2/org/apache/activemq/artemis-bom/2.41.0/artemis-bom-2.41.0.pom
2025-07-22 21:02:43,259 [Worker-21: Importing Maven projects] INFO  o.e.m.c.i.e.AbstractTransferListenerAdapter - Downloaded https://repo.maven.apache.org/maven2/org/apache/activemq/artemis-bom/2.41.0/artemis-bom-2.41.0.pom
2025-07-22 21:02:43,612 [Worker-21: Importing Maven projects] INFO  o.e.m.c.i.e.AbstractTransferListenerAdapter - Downloaded https://repo.spring.io/milestone/org/apache/activemq/artemis-project/2.41.0/artemis-project-2.41.0.pom
2025-07-22 21:02:43,655 [Worker-21: Importing Maven projects] INFO  o.e.m.c.i.e.AbstractTransferListenerAdapter - Downloading https://repo.maven.apache.org/maven2/org/apache/activemq/artemis-project/2.41.0/artemis-project-2.41.0.pom
2025-07-22 21:02:43,697 [Worker-21: Importing Maven projects] INFO  o.e.m.c.i.e.AbstractTransferListenerAdapter - Downloaded https://repo.maven.apache.org/maven2/org/apache/activemq/artemis-project/2.41.0/artemis-project-2.41.0.pom
2025-07-22 21:02:44,019 [Worker-21: Importing Maven projects] INFO  o.e.m.c.i.e.AbstractTransferListenerAdapter - Downloaded https://repo.spring.io/milestone/org/assertj/assertj-bom/3.27.3/assertj-bom-3.27.3.pom
2025-07-22 21:02:44,059 [Worker-21: Importing Maven projects] INFO  o.e.m.c.i.e.AbstractTransferListenerAdapter - Downloading https://repo.maven.apache.org/maven2/org/assertj/assertj-bom/3.27.3/assertj-bom-3.27.3.pom
2025-07-22 21:02:44,073 [Worker-21: Importing Maven projects] INFO  o.e.m.c.i.e.AbstractTransferListenerAdapter - Downloaded https://repo.maven.apache.org/maven2/org/assertj/assertj-bom/3.27.3/assertj-bom-3.27.3.pom
2025-07-22 21:02:44,413 [Worker-21: Importing Maven projects] INFO  o.e.m.c.i.e.AbstractTransferListenerAdapter - Downloaded https://repo.spring.io/milestone/io/zipkin/reporter2/zipkin-reporter-bom/3.5.1/zipkin-reporter-bom-3.5.1.pom
2025-07-22 21:02:44,464 [Worker-21: Importing Maven projects] INFO  o.e.m.c.i.e.AbstractTransferListenerAdapter - Downloading https://repo.maven.apache.org/maven2/io/zipkin/reporter2/zipkin-reporter-bom/3.5.1/zipkin-reporter-bom-3.5.1.pom
2025-07-22 21:02:44,480 [Worker-21: Importing Maven projects] INFO  o.e.m.c.i.e.AbstractTransferListenerAdapter - Downloaded https://repo.maven.apache.org/maven2/io/zipkin/reporter2/zipkin-reporter-bom/3.5.1/zipkin-reporter-bom-3.5.1.pom
2025-07-22 21:02:44,744 [Worker-21: Importing Maven projects] INFO  o.e.m.c.i.e.AbstractTransferListenerAdapter - Downloaded https://repo.spring.io/milestone/io/zipkin/brave/brave-bom/6.3.0/brave-bom-6.3.0.pom
2025-07-22 21:02:44,784 [Worker-21: Importing Maven projects] INFO  o.e.m.c.i.e.AbstractTransferListenerAdapter - Downloading https://repo.maven.apache.org/maven2/io/zipkin/brave/brave-bom/6.3.0/brave-bom-6.3.0.pom
2025-07-22 21:02:44,791 [Worker-21: Importing Maven projects] INFO  o.e.m.c.i.e.AbstractTransferListenerAdapter - Downloaded https://repo.maven.apache.org/maven2/io/zipkin/brave/brave-bom/6.3.0/brave-bom-6.3.0.pom
2025-07-22 21:02:45,050 [Worker-21: Importing Maven projects] INFO  o.e.m.c.i.e.AbstractTransferListenerAdapter - Downloaded https://repo.spring.io/milestone/org/apache/cassandra/java-driver-bom/4.19.0/java-driver-bom-4.19.0.pom
2025-07-22 21:02:45,096 [Worker-21: Importing Maven projects] INFO  o.e.m.c.i.e.AbstractTransferListenerAdapter - Downloading https://repo.maven.apache.org/maven2/org/apache/cassandra/java-driver-bom/4.19.0/java-driver-bom-4.19.0.pom
2025-07-22 21:02:45,106 [Worker-21: Importing Maven projects] INFO  o.e.m.c.i.e.AbstractTransferListenerAdapter - Downloaded https://repo.maven.apache.org/maven2/org/apache/cassandra/java-driver-bom/4.19.0/java-driver-bom-4.19.0.pom
2025-07-22 21:02:45,451 [Worker-21: Importing Maven projects] INFO  o.e.m.c.i.e.AbstractTransferListenerAdapter - Downloaded https://repo.spring.io/milestone/org/apache/groovy/groovy-bom/4.0.27/groovy-bom-4.0.27.pom
2025-07-22 21:02:45,496 [Worker-21: Importing Maven projects] INFO  o.e.m.c.i.e.AbstractTransferListenerAdapter - Downloading https://repo.maven.apache.org/maven2/org/apache/groovy/groovy-bom/4.0.27/groovy-bom-4.0.27.pom
2025-07-22 21:02:45,570 [Worker-21: Importing Maven projects] INFO  o.e.m.c.i.e.AbstractTransferListenerAdapter - Downloaded https://repo.maven.apache.org/maven2/org/apache/groovy/groovy-bom/4.0.27/groovy-bom-4.0.27.pom
2025-07-22 21:02:45,861 [Worker-21: Importing Maven projects] INFO  o.e.m.c.i.e.AbstractTransferListenerAdapter - Downloaded https://repo.spring.io/milestone/org/infinispan/infinispan-bom/15.2.5.Final/infinispan-bom-15.2.5.Final.pom
2025-07-22 21:02:45,909 [Worker-21: Importing Maven projects] INFO  o.e.m.c.i.e.AbstractTransferListenerAdapter - Downloading https://repo.maven.apache.org/maven2/org/infinispan/infinispan-bom/15.2.5.Final/infinispan-bom-15.2.5.Final.pom
2025-07-22 21:02:45,923 [Worker-21: Importing Maven projects] INFO  o.e.m.c.i.e.AbstractTransferListenerAdapter - Downloaded https://repo.maven.apache.org/maven2/org/infinispan/infinispan-bom/15.2.5.Final/infinispan-bom-15.2.5.Final.pom
2025-07-22 21:02:46,270 [Worker-21: Importing Maven projects] INFO  o.e.m.c.i.e.AbstractTransferListenerAdapter - Downloaded https://repo.spring.io/milestone/org/infinispan/infinispan-build-configuration-parent/15.2.5.Final/infinispan-build-configuration-parent-15.2.5.Final.pom
2025-07-22 21:02:46,314 [Worker-21: Importing Maven projects] INFO  o.e.m.c.i.e.AbstractTransferListenerAdapter - Downloading https://repo.maven.apache.org/maven2/org/infinispan/infinispan-build-configuration-parent/15.2.5.Final/infinispan-build-configuration-parent-15.2.5.Final.pom
2025-07-22 21:02:46,324 [Worker-21: Importing Maven projects] INFO  o.e.m.c.i.e.AbstractTransferListenerAdapter - Downloaded https://repo.maven.apache.org/maven2/org/infinispan/infinispan-build-configuration-parent/15.2.5.Final/infinispan-build-configuration-parent-15.2.5.Final.pom
2025-07-22 21:02:46,681 [Worker-21: Importing Maven projects] INFO  o.e.m.c.i.e.AbstractTransferListenerAdapter - Downloaded https://repo.spring.io/milestone/com/fasterxml/jackson/jackson-bom/2.19.1/jackson-bom-2.19.1.pom
2025-07-22 21:02:46,720 [Worker-21: Importing Maven projects] INFO  o.e.m.c.i.e.AbstractTransferListenerAdapter - Downloading https://repo.maven.apache.org/maven2/com/fasterxml/jackson/jackson-bom/2.19.1/jackson-bom-2.19.1.pom
2025-07-22 21:02:46,733 [Worker-21: Importing Maven projects] INFO  o.e.m.c.i.e.AbstractTransferListenerAdapter - Downloaded https://repo.maven.apache.org/maven2/com/fasterxml/jackson/jackson-bom/2.19.1/jackson-bom-2.19.1.pom
2025-07-22 21:02:47,088 [Worker-21: Importing Maven projects] INFO  o.e.m.c.i.e.AbstractTransferListenerAdapter - Downloaded https://repo.spring.io/milestone/com/fasterxml/jackson/jackson-parent/2.19.2/jackson-parent-2.19.2.pom
2025-07-22 21:02:47,137 [Worker-21: Importing Maven projects] INFO  o.e.m.c.i.e.AbstractTransferListenerAdapter - Downloading https://repo.maven.apache.org/maven2/com/fasterxml/jackson/jackson-parent/2.19.2/jackson-parent-2.19.2.pom
2025-07-22 21:02:47,151 [Worker-21: Importing Maven projects] INFO  o.e.m.c.i.e.AbstractTransferListenerAdapter - Downloaded https://repo.maven.apache.org/maven2/com/fasterxml/jackson/jackson-parent/2.19.2/jackson-parent-2.19.2.pom
2025-07-22 21:02:47,432 [Worker-21: Importing Maven projects] INFO  o.e.m.c.i.e.AbstractTransferListenerAdapter - Downloaded https://repo.spring.io/milestone/com/fasterxml/oss-parent/68/oss-parent-68.pom
2025-07-22 21:02:47,496 [Worker-21: Importing Maven projects] INFO  o.e.m.c.i.e.AbstractTransferListenerAdapter - Downloading https://repo.maven.apache.org/maven2/com/fasterxml/oss-parent/68/oss-parent-68.pom
2025-07-22 21:02:47,516 [Worker-21: Importing Maven projects] INFO  o.e.m.c.i.e.AbstractTransferListenerAdapter - Downloaded https://repo.maven.apache.org/maven2/com/fasterxml/oss-parent/68/oss-parent-68.pom
2025-07-22 21:02:47,805 [Worker-21: Importing Maven projects] INFO  o.e.m.c.i.e.AbstractTransferListenerAdapter - Downloaded https://repo.spring.io/milestone/org/glassfish/jersey/jersey-bom/4.0.0-M2/jersey-bom-4.0.0-M2.pom
2025-07-22 21:02:47,853 [Worker-21: Importing Maven projects] INFO  o.e.m.c.i.e.AbstractTransferListenerAdapter - Downloading https://repo.maven.apache.org/maven2/org/glassfish/jersey/jersey-bom/4.0.0-M2/jersey-bom-4.0.0-M2.pom
2025-07-22 21:02:47,866 [Worker-21: Importing Maven projects] INFO  o.e.m.c.i.e.AbstractTransferListenerAdapter - Downloaded https://repo.maven.apache.org/maven2/org/glassfish/jersey/jersey-bom/4.0.0-M2/jersey-bom-4.0.0-M2.pom
2025-07-22 21:02:48,215 [Worker-21: Importing Maven projects] INFO  o.e.m.c.i.e.AbstractTransferListenerAdapter - Downloaded https://repo.spring.io/milestone/org/eclipse/jetty/ee10/jetty-ee10-bom/12.0.23/jetty-ee10-bom-12.0.23.pom
2025-07-22 21:02:48,262 [Worker-21: Importing Maven projects] INFO  o.e.m.c.i.e.AbstractTransferListenerAdapter - Downloading https://repo.maven.apache.org/maven2/org/eclipse/jetty/ee10/jetty-ee10-bom/12.0.23/jetty-ee10-bom-12.0.23.pom
2025-07-22 21:02:48,277 [Worker-21: Importing Maven projects] INFO  o.e.m.c.i.e.AbstractTransferListenerAdapter - Downloaded https://repo.maven.apache.org/maven2/org/eclipse/jetty/ee10/jetty-ee10-bom/12.0.23/jetty-ee10-bom-12.0.23.pom
2025-07-22 21:02:48,624 [Worker-21: Importing Maven projects] INFO  o.e.m.c.i.e.AbstractTransferListenerAdapter - Downloaded https://repo.spring.io/milestone/org/eclipse/jetty/jetty-bom/12.0.23/jetty-bom-12.0.23.pom
2025-07-22 21:02:48,659 [Worker-21: Importing Maven projects] INFO  o.e.m.c.i.e.AbstractTransferListenerAdapter - Downloading https://repo.maven.apache.org/maven2/org/eclipse/jetty/jetty-bom/12.0.23/jetty-bom-12.0.23.pom
2025-07-22 21:02:48,671 [Worker-21: Importing Maven projects] INFO  o.e.m.c.i.e.AbstractTransferListenerAdapter - Downloaded https://repo.maven.apache.org/maven2/org/eclipse/jetty/jetty-bom/12.0.23/jetty-bom-12.0.23.pom
2025-07-22 21:02:48,933 [Worker-21: Importing Maven projects] INFO  o.e.m.c.i.e.AbstractTransferListenerAdapter - Downloaded https://repo.spring.io/milestone/org/jooq/jooq-bom/3.19.24/jooq-bom-3.19.24.pom
2025-07-22 21:02:48,983 [Worker-21: Importing Maven projects] INFO  o.e.m.c.i.e.AbstractTransferListenerAdapter - Downloading https://repo.maven.apache.org/maven2/org/jooq/jooq-bom/3.19.24/jooq-bom-3.19.24.pom
2025-07-22 21:02:48,991 [Worker-21: Importing Maven projects] INFO  o.e.m.c.i.e.AbstractTransferListenerAdapter - Downloaded https://repo.maven.apache.org/maven2/org/jooq/jooq-bom/3.19.24/jooq-bom-3.19.24.pom
2025-07-22 21:02:49,337 [Worker-21: Importing Maven projects] INFO  o.e.m.c.i.e.AbstractTransferListenerAdapter - Downloaded https://repo.spring.io/milestone/org/junit/junit-bom/5.13.3/junit-bom-5.13.3.pom
2025-07-22 21:02:49,378 [Worker-21: Importing Maven projects] INFO  o.e.m.c.i.e.AbstractTransferListenerAdapter - Downloading https://repo.maven.apache.org/maven2/org/junit/junit-bom/5.13.3/junit-bom-5.13.3.pom
2025-07-22 21:02:49,392 [Worker-21: Importing Maven projects] INFO  o.e.m.c.i.e.AbstractTransferListenerAdapter - Downloaded https://repo.maven.apache.org/maven2/org/junit/junit-bom/5.13.3/junit-bom-5.13.3.pom
2025-07-22 21:02:49,751 [Worker-21: Importing Maven projects] INFO  o.e.m.c.i.e.AbstractTransferListenerAdapter - Downloaded https://repo.spring.io/milestone/org/jetbrains/kotlin/kotlin-bom/2.2.0/kotlin-bom-2.2.0.pom
2025-07-22 21:02:49,801 [Worker-21: Importing Maven projects] INFO  o.e.m.c.i.e.AbstractTransferListenerAdapter - Downloading https://repo.maven.apache.org/maven2/org/jetbrains/kotlin/kotlin-bom/2.2.0/kotlin-bom-2.2.0.pom
2025-07-22 21:02:49,815 [Worker-21: Importing Maven projects] INFO  o.e.m.c.i.e.AbstractTransferListenerAdapter - Downloaded https://repo.maven.apache.org/maven2/org/jetbrains/kotlin/kotlin-bom/2.2.0/kotlin-bom-2.2.0.pom
2025-07-22 21:02:50,161 [Worker-21: Importing Maven projects] INFO  o.e.m.c.i.e.AbstractTransferListenerAdapter - Downloaded https://repo.spring.io/milestone/org/jetbrains/kotlinx/kotlinx-coroutines-bom/1.10.2/kotlinx-coroutines-bom-1.10.2.pom
2025-07-22 21:02:50,202 [Worker-21: Importing Maven projects] INFO  o.e.m.c.i.e.AbstractTransferListenerAdapter - Downloading https://repo.maven.apache.org/maven2/org/jetbrains/kotlinx/kotlinx-coroutines-bom/1.10.2/kotlinx-coroutines-bom-1.10.2.pom
2025-07-22 21:02:50,217 [Worker-21: Importing Maven projects] INFO  o.e.m.c.i.e.AbstractTransferListenerAdapter - Downloaded https://repo.maven.apache.org/maven2/org/jetbrains/kotlinx/kotlinx-coroutines-bom/1.10.2/kotlinx-coroutines-bom-1.10.2.pom
2025-07-22 21:02:50,570 [Worker-21: Importing Maven projects] INFO  o.e.m.c.i.e.AbstractTransferListenerAdapter - Downloaded https://repo.spring.io/milestone/org/jetbrains/kotlinx/kotlinx-serialization-bom/1.9.0/kotlinx-serialization-bom-1.9.0.pom
2025-07-22 21:02:50,613 [Worker-21: Importing Maven projects] INFO  o.e.m.c.i.e.AbstractTransferListenerAdapter - Downloading https://repo.maven.apache.org/maven2/org/jetbrains/kotlinx/kotlinx-serialization-bom/1.9.0/kotlinx-serialization-bom-1.9.0.pom
2025-07-22 21:02:50,627 [Worker-21: Importing Maven projects] INFO  o.e.m.c.i.e.AbstractTransferListenerAdapter - Downloaded https://repo.maven.apache.org/maven2/org/jetbrains/kotlinx/kotlinx-serialization-bom/1.9.0/kotlinx-serialization-bom-1.9.0.pom
2025-07-22 21:02:50,895 [Worker-21: Importing Maven projects] INFO  o.e.m.c.i.e.AbstractTransferListenerAdapter - Downloaded https://repo.spring.io/milestone/io/micrometer/micrometer-bom/1.16.0-M1/micrometer-bom-1.16.0-M1.pom
2025-07-22 21:02:50,944 [Worker-21: Importing Maven projects] INFO  o.e.m.c.i.e.AbstractTransferListenerAdapter - Downloading https://repo.maven.apache.org/maven2/io/micrometer/micrometer-bom/1.16.0-M1/micrometer-bom-1.16.0-M1.pom
2025-07-22 21:02:50,952 [Worker-21: Importing Maven projects] INFO  o.e.m.c.i.e.AbstractTransferListenerAdapter - Downloaded https://repo.maven.apache.org/maven2/io/micrometer/micrometer-bom/1.16.0-M1/micrometer-bom-1.16.0-M1.pom
2025-07-22 21:02:51,287 [Worker-21: Importing Maven projects] INFO  o.e.m.c.i.e.AbstractTransferListenerAdapter - Downloaded https://repo.spring.io/milestone/io/micrometer/micrometer-tracing-bom/1.6.0-M1/micrometer-tracing-bom-1.6.0-M1.pom
2025-07-22 21:02:51,330 [Worker-21: Importing Maven projects] INFO  o.e.m.c.i.e.AbstractTransferListenerAdapter - Downloading https://repo.maven.apache.org/maven2/io/micrometer/micrometer-tracing-bom/1.6.0-M1/micrometer-tracing-bom-1.6.0-M1.pom
2025-07-22 21:02:51,339 [Worker-21: Importing Maven projects] INFO  o.e.m.c.i.e.AbstractTransferListenerAdapter - Downloaded https://repo.maven.apache.org/maven2/io/micrometer/micrometer-tracing-bom/1.6.0-M1/micrometer-tracing-bom-1.6.0-M1.pom
2025-07-22 21:02:51,696 [Worker-21: Importing Maven projects] INFO  o.e.m.c.i.e.AbstractTransferListenerAdapter - Downloaded https://repo.spring.io/milestone/org/mockito/mockito-bom/5.18.0/mockito-bom-5.18.0.pom
2025-07-22 21:02:51,743 [Worker-21: Importing Maven projects] INFO  o.e.m.c.i.e.AbstractTransferListenerAdapter - Downloading https://repo.maven.apache.org/maven2/org/mockito/mockito-bom/5.18.0/mockito-bom-5.18.0.pom
2025-07-22 21:02:51,755 [Worker-21: Importing Maven projects] INFO  o.e.m.c.i.e.AbstractTransferListenerAdapter - Downloaded https://repo.maven.apache.org/maven2/org/mockito/mockito-bom/5.18.0/mockito-bom-5.18.0.pom
2025-07-22 21:02:52,107 [Worker-21: Importing Maven projects] INFO  o.e.m.c.i.e.AbstractTransferListenerAdapter - Downloaded https://repo.spring.io/milestone/org/mongodb/mongodb-driver-bom/5.5.1/mongodb-driver-bom-5.5.1.pom
2025-07-22 21:02:52,150 [Worker-21: Importing Maven projects] INFO  o.e.m.c.i.e.AbstractTransferListenerAdapter - Downloading https://repo.maven.apache.org/maven2/org/mongodb/mongodb-driver-bom/5.5.1/mongodb-driver-bom-5.5.1.pom
2025-07-22 21:02:52,161 [Worker-21: Importing Maven projects] INFO  o.e.m.c.i.e.AbstractTransferListenerAdapter - Downloaded https://repo.maven.apache.org/maven2/org/mongodb/mongodb-driver-bom/5.5.1/mongodb-driver-bom-5.5.1.pom
2025-07-22 21:02:52,515 [Worker-21: Importing Maven projects] INFO  o.e.m.c.i.e.AbstractTransferListenerAdapter - Downloaded https://repo.spring.io/milestone/io/netty/netty-bom/4.2.3.Final/netty-bom-4.2.3.Final.pom
2025-07-22 21:02:52,563 [Worker-21: Importing Maven projects] INFO  o.e.m.c.i.e.AbstractTransferListenerAdapter - Downloading https://repo.maven.apache.org/maven2/io/netty/netty-bom/4.2.3.Final/netty-bom-4.2.3.Final.pom
2025-07-22 21:02:52,574 [Worker-21: Importing Maven projects] INFO  o.e.m.c.i.e.AbstractTransferListenerAdapter - Downloaded https://repo.maven.apache.org/maven2/io/netty/netty-bom/4.2.3.Final/netty-bom-4.2.3.Final.pom
2025-07-22 21:02:52,925 [Worker-21: Importing Maven projects] INFO  o.e.m.c.i.e.AbstractTransferListenerAdapter - Downloaded https://repo.spring.io/milestone/io/opentelemetry/opentelemetry-bom/1.52.0/opentelemetry-bom-1.52.0.pom
2025-07-22 21:02:52,969 [Worker-21: Importing Maven projects] INFO  o.e.m.c.i.e.AbstractTransferListenerAdapter - Downloading https://repo.maven.apache.org/maven2/io/opentelemetry/opentelemetry-bom/1.52.0/opentelemetry-bom-1.52.0.pom
2025-07-22 21:02:52,983 [Worker-21: Importing Maven projects] INFO  o.e.m.c.i.e.AbstractTransferListenerAdapter - Downloaded https://repo.maven.apache.org/maven2/io/opentelemetry/opentelemetry-bom/1.52.0/opentelemetry-bom-1.52.0.pom
2025-07-22 21:02:53,322 [Worker-21: Importing Maven projects] INFO  o.e.m.c.i.e.AbstractTransferListenerAdapter - Downloaded https://repo.spring.io/milestone/io/prometheus/prometheus-metrics-bom/1.3.10/prometheus-metrics-bom-1.3.10.pom
2025-07-22 21:02:53,371 [Worker-21: Importing Maven projects] INFO  o.e.m.c.i.e.AbstractTransferListenerAdapter - Downloading https://repo.maven.apache.org/maven2/io/prometheus/prometheus-metrics-bom/1.3.10/prometheus-metrics-bom-1.3.10.pom
2025-07-22 21:02:53,384 [Worker-21: Importing Maven projects] INFO  o.e.m.c.i.e.AbstractTransferListenerAdapter - Downloaded https://repo.maven.apache.org/maven2/io/prometheus/prometheus-metrics-bom/1.3.10/prometheus-metrics-bom-1.3.10.pom
2025-07-22 21:02:53,647 [Worker-21: Importing Maven projects] INFO  o.e.m.c.i.e.AbstractTransferListenerAdapter - Downloaded https://repo.spring.io/milestone/io/prometheus/client_java_parent/1.3.10/client_java_parent-1.3.10.pom
2025-07-22 21:02:53,696 [Worker-21: Importing Maven projects] INFO  o.e.m.c.i.e.AbstractTransferListenerAdapter - Downloading https://repo.maven.apache.org/maven2/io/prometheus/client_java_parent/1.3.10/client_java_parent-1.3.10.pom
2025-07-22 21:02:53,709 [Worker-21: Importing Maven projects] INFO  o.e.m.c.i.e.AbstractTransferListenerAdapter - Downloaded https://repo.maven.apache.org/maven2/io/prometheus/client_java_parent/1.3.10/client_java_parent-1.3.10.pom
2025-07-22 21:02:54,370 [Worker-21: Importing Maven projects] INFO  o.e.m.c.i.e.AbstractTransferListenerAdapter - Downloaded https://repo.spring.io/milestone/org/apache/pulsar/pulsar-bom/4.0.5/pulsar-bom-4.0.5.pom
2025-07-22 21:02:54,412 [Worker-21: Importing Maven projects] INFO  o.e.m.c.i.e.AbstractTransferListenerAdapter - Downloading https://repo.maven.apache.org/maven2/org/apache/pulsar/pulsar-bom/4.0.5/pulsar-bom-4.0.5.pom
2025-07-22 21:02:54,427 [Worker-21: Importing Maven projects] INFO  o.e.m.c.i.e.AbstractTransferListenerAdapter - Downloaded https://repo.maven.apache.org/maven2/org/apache/pulsar/pulsar-bom/4.0.5/pulsar-bom-4.0.5.pom
2025-07-22 21:02:54,768 [Worker-21: Importing Maven projects] INFO  o.e.m.c.i.e.AbstractTransferListenerAdapter - Downloaded https://repo.spring.io/milestone/org/apache/pulsar/pulsar-client-reactive-bom/0.7.0/pulsar-client-reactive-bom-0.7.0.pom
2025-07-22 21:02:54,820 [Worker-21: Importing Maven projects] INFO  o.e.m.c.i.e.AbstractTransferListenerAdapter - Downloading https://repo.maven.apache.org/maven2/org/apache/pulsar/pulsar-client-reactive-bom/0.7.0/pulsar-client-reactive-bom-0.7.0.pom
2025-07-22 21:02:54,832 [Worker-21: Importing Maven projects] INFO  o.e.m.c.i.e.AbstractTransferListenerAdapter - Downloaded https://repo.maven.apache.org/maven2/org/apache/pulsar/pulsar-client-reactive-bom/0.7.0/pulsar-client-reactive-bom-0.7.0.pom
2025-07-22 21:02:55,187 [Worker-21: Importing Maven projects] INFO  o.e.m.c.i.e.AbstractTransferListenerAdapter - Downloading https://repo.spring.io/milestone/io/projectreactor/reactor-bom/2025.0.0-M5/reactor-bom-2025.0.0-M5.pom
2025-07-22 21:02:55,201 [Worker-21: Importing Maven projects] INFO  o.e.m.c.i.e.AbstractTransferListenerAdapter - Downloaded https://repo.spring.io/milestone/io/projectreactor/reactor-bom/2025.0.0-M5/reactor-bom-2025.0.0-M5.pom
2025-07-22 21:02:55,587 [Worker-21: Importing Maven projects] INFO  o.e.m.c.i.e.AbstractTransferListenerAdapter - Downloaded https://repo.spring.io/milestone/io/rest-assured/rest-assured-bom/5.5.5/rest-assured-bom-5.5.5.pom
2025-07-22 21:02:55,635 [Worker-21: Importing Maven projects] INFO  o.e.m.c.i.e.AbstractTransferListenerAdapter - Downloading https://repo.maven.apache.org/maven2/io/rest-assured/rest-assured-bom/5.5.5/rest-assured-bom-5.5.5.pom
2025-07-22 21:02:55,650 [Worker-21: Importing Maven projects] INFO  o.e.m.c.i.e.AbstractTransferListenerAdapter - Downloaded https://repo.maven.apache.org/maven2/io/rest-assured/rest-assured-bom/5.5.5/rest-assured-bom-5.5.5.pom
2025-07-22 21:02:55,999 [Worker-21: Importing Maven projects] INFO  o.e.m.c.i.e.AbstractTransferListenerAdapter - Downloaded https://repo.spring.io/milestone/org/seleniumhq/selenium/selenium-bom/4.34.0/selenium-bom-4.34.0.pom
2025-07-22 21:02:56,051 [Worker-21: Importing Maven projects] INFO  o.e.m.c.i.e.AbstractTransferListenerAdapter - Downloading https://repo.maven.apache.org/maven2/org/seleniumhq/selenium/selenium-bom/4.34.0/selenium-bom-4.34.0.pom
2025-07-22 21:02:56,062 [Worker-21: Importing Maven projects] INFO  o.e.m.c.i.e.AbstractTransferListenerAdapter - Downloaded https://repo.maven.apache.org/maven2/org/seleniumhq/selenium/selenium-bom/4.34.0/selenium-bom-4.34.0.pom
2025-07-22 21:02:56,417 [Worker-21: Importing Maven projects] INFO  o.e.m.c.i.e.AbstractTransferListenerAdapter - Downloading https://repo.spring.io/milestone/org/springframework/amqp/spring-amqp-bom/4.0.0-M3/spring-amqp-bom-4.0.0-M3.pom
2025-07-22 21:02:56,425 [Worker-21: Importing Maven projects] INFO  o.e.m.c.i.e.AbstractTransferListenerAdapter - Downloaded https://repo.spring.io/milestone/org/springframework/amqp/spring-amqp-bom/4.0.0-M3/spring-amqp-bom-4.0.0-M3.pom
2025-07-22 21:02:56,723 [Worker-21: Importing Maven projects] INFO  o.e.m.c.i.e.AbstractTransferListenerAdapter - Downloading https://repo.spring.io/snapshot/org/springframework/batch/spring-batch-bom/6.0.0-SNAPSHOT/maven-metadata.xml
2025-07-22 21:02:56,739 [Worker-21: Importing Maven projects] INFO  o.e.m.c.i.e.AbstractTransferListenerAdapter - Downloaded https://repo.spring.io/snapshot/org/springframework/batch/spring-batch-bom/6.0.0-SNAPSHOT/maven-metadata.xml
2025-07-22 21:02:57,023 [Worker-21: Importing Maven projects] INFO  o.e.m.c.i.e.AbstractTransferListenerAdapter - Downloading https://repo.spring.io/snapshot/org/springframework/batch/spring-batch-bom/6.0.0-SNAPSHOT/spring-batch-bom-6.0.0-20250722.101706-41.pom
2025-07-22 21:02:57,035 [Worker-21: Importing Maven projects] INFO  o.e.m.c.i.e.AbstractTransferListenerAdapter - Downloaded https://repo.spring.io/snapshot/org/springframework/batch/spring-batch-bom/6.0.0-SNAPSHOT/spring-batch-bom-6.0.0-20250722.101706-41.pom
2025-07-22 21:02:57,328 [Worker-21: Importing Maven projects] INFO  o.e.m.c.i.e.AbstractTransferListenerAdapter - Downloaded https://repo.spring.io/milestone/org/springframework/data/spring-data-bom/2025.1.0-M4/spring-data-bom-2025.1.0-M4.pom
2025-07-22 21:02:57,378 [Worker-21: Importing Maven projects] INFO  o.e.m.c.i.e.AbstractTransferListenerAdapter - Downloading https://repo.maven.apache.org/maven2/org/springframework/data/spring-data-bom/2025.1.0-M4/spring-data-bom-2025.1.0-M4.pom
2025-07-22 21:02:57,390 [Worker-21: Importing Maven projects] INFO  o.e.m.c.i.e.AbstractTransferListenerAdapter - Downloaded https://repo.maven.apache.org/maven2/org/springframework/data/spring-data-bom/2025.1.0-M4/spring-data-bom-2025.1.0-M4.pom
2025-07-22 21:02:57,654 [Worker-21: Importing Maven projects] INFO  o.e.m.c.i.e.AbstractTransferListenerAdapter - Downloading https://repo.spring.io/milestone/org/springframework/spring-framework-bom/7.0.0-M7/spring-framework-bom-7.0.0-M7.pom
2025-07-22 21:02:57,662 [Worker-21: Importing Maven projects] INFO  o.e.m.c.i.e.AbstractTransferListenerAdapter - Downloaded https://repo.spring.io/milestone/org/springframework/spring-framework-bom/7.0.0-M7/spring-framework-bom-7.0.0-M7.pom
2025-07-22 21:02:57,949 [Worker-21: Importing Maven projects] INFO  o.e.m.c.i.e.AbstractTransferListenerAdapter - Downloading https://repo.spring.io/snapshot/org/springframework/integration/spring-integration-bom/7.0.0-SNAPSHOT/maven-metadata.xml
2025-07-22 21:02:57,956 [Worker-21: Importing Maven projects] INFO  o.e.m.c.i.e.AbstractTransferListenerAdapter - Downloaded https://repo.spring.io/snapshot/org/springframework/integration/spring-integration-bom/7.0.0-SNAPSHOT/maven-metadata.xml
2025-07-22 21:02:58,260 [Worker-21: Importing Maven projects] INFO  o.e.m.c.i.e.AbstractTransferListenerAdapter - Downloading https://repo.spring.io/snapshot/org/springframework/integration/spring-integration-bom/7.0.0-SNAPSHOT/spring-integration-bom-7.0.0-20250722.144544-107.pom
2025-07-22 21:02:58,271 [Worker-21: Importing Maven projects] INFO  o.e.m.c.i.e.AbstractTransferListenerAdapter - Downloaded https://repo.spring.io/snapshot/org/springframework/integration/spring-integration-bom/7.0.0-SNAPSHOT/spring-integration-bom-7.0.0-20250722.144544-107.pom
2025-07-22 21:02:58,557 [Worker-21: Importing Maven projects] INFO  o.e.m.c.i.e.AbstractTransferListenerAdapter - Downloaded https://repo.spring.io/milestone/org/springframework/pulsar/spring-pulsar-bom/2.0.0-M1/spring-pulsar-bom-2.0.0-M1.pom
2025-07-22 21:02:58,609 [Worker-21: Importing Maven projects] INFO  o.e.m.c.i.e.AbstractTransferListenerAdapter - Downloading https://repo.maven.apache.org/maven2/org/springframework/pulsar/spring-pulsar-bom/2.0.0-M1/spring-pulsar-bom-2.0.0-M1.pom
2025-07-22 21:02:58,619 [Worker-21: Importing Maven projects] INFO  o.e.m.c.i.e.AbstractTransferListenerAdapter - Downloaded https://repo.maven.apache.org/maven2/org/springframework/pulsar/spring-pulsar-bom/2.0.0-M1/spring-pulsar-bom-2.0.0-M1.pom
2025-07-22 21:02:58,969 [Worker-21: Importing Maven projects] INFO  o.e.m.c.i.e.AbstractTransferListenerAdapter - Downloading https://repo.spring.io/milestone/org/springframework/restdocs/spring-restdocs-bom/4.0.0-M1/spring-restdocs-bom-4.0.0-M1.pom
2025-07-22 21:02:58,983 [Worker-21: Importing Maven projects] INFO  o.e.m.c.i.e.AbstractTransferListenerAdapter - Downloaded https://repo.spring.io/milestone/org/springframework/restdocs/spring-restdocs-bom/4.0.0-M1/spring-restdocs-bom-4.0.0-M1.pom
2025-07-22 21:02:59,273 [Worker-21: Importing Maven projects] INFO  o.e.m.c.i.e.AbstractTransferListenerAdapter - Downloaded https://repo.spring.io/milestone/org/springframework/security/spring-security-bom/7.0.0-M1/spring-security-bom-7.0.0-M1.pom
2025-07-22 21:02:59,314 [Worker-21: Importing Maven projects] INFO  o.e.m.c.i.e.AbstractTransferListenerAdapter - Downloading https://repo.maven.apache.org/maven2/org/springframework/security/spring-security-bom/7.0.0-M1/spring-security-bom-7.0.0-M1.pom
2025-07-22 21:02:59,325 [Worker-21: Importing Maven projects] INFO  o.e.m.c.i.e.AbstractTransferListenerAdapter - Downloaded https://repo.maven.apache.org/maven2/org/springframework/security/spring-security-bom/7.0.0-M1/spring-security-bom-7.0.0-M1.pom
2025-07-22 21:02:59,685 [Worker-21: Importing Maven projects] INFO  o.e.m.c.i.e.AbstractTransferListenerAdapter - Downloading https://repo.spring.io/snapshot/org/springframework/session/spring-session-bom/4.0.0-SNAPSHOT/maven-metadata.xml
2025-07-22 21:02:59,702 [Worker-21: Importing Maven projects] INFO  o.e.m.c.i.e.AbstractTransferListenerAdapter - Downloaded https://repo.spring.io/snapshot/org/springframework/session/spring-session-bom/4.0.0-SNAPSHOT/maven-metadata.xml
2025-07-22 21:02:59,992 [Worker-21: Importing Maven projects] INFO  o.e.m.c.i.e.AbstractTransferListenerAdapter - Downloading https://repo.spring.io/snapshot/org/springframework/session/spring-session-bom/4.0.0-SNAPSHOT/spring-session-bom-4.0.0-20250710.101638-9.pom
2025-07-22 21:03:00,011 [Worker-21: Importing Maven projects] INFO  o.e.m.c.i.e.AbstractTransferListenerAdapter - Downloaded https://repo.spring.io/snapshot/org/springframework/session/spring-session-bom/4.0.0-SNAPSHOT/spring-session-bom-4.0.0-20250710.101638-9.pom
2025-07-22 21:03:00,306 [Worker-21: Importing Maven projects] INFO  o.e.m.c.i.e.AbstractTransferListenerAdapter - Downloading https://repo.spring.io/milestone/org/springframework/ws/spring-ws-bom/5.0.0-M1/spring-ws-bom-5.0.0-M1.pom
2025-07-22 21:03:00,318 [Worker-21: Importing Maven projects] INFO  o.e.m.c.i.e.AbstractTransferListenerAdapter - Downloaded https://repo.spring.io/milestone/org/springframework/ws/spring-ws-bom/5.0.0-M1/spring-ws-bom-5.0.0-M1.pom
2025-07-22 21:03:00,604 [Worker-21: Importing Maven projects] INFO  o.e.m.c.i.e.AbstractTransferListenerAdapter - Downloaded https://repo.spring.io/milestone/org/testcontainers/testcontainers-bom/1.21.3/testcontainers-bom-1.21.3.pom
2025-07-22 21:03:00,644 [Worker-21: Importing Maven projects] INFO  o.e.m.c.i.e.AbstractTransferListenerAdapter - Downloading https://repo.maven.apache.org/maven2/org/testcontainers/testcontainers-bom/1.21.3/testcontainers-bom-1.21.3.pom
2025-07-22 21:03:00,651 [Worker-21: Importing Maven projects] INFO  o.e.m.c.i.e.AbstractTransferListenerAdapter - Downloaded https://repo.maven.apache.org/maven2/org/testcontainers/testcontainers-bom/1.21.3/testcontainers-bom-1.21.3.pom
2025-07-22 21:03:02,052 [Worker-21: Importing Maven projects] INFO  o.e.m.c.i.e.AbstractTransferListenerAdapter - Downloading https://repo.spring.io/snapshot/org/springframework/boot/spring-boot-maven-plugin/4.0.0-SNAPSHOT/maven-metadata.xml
2025-07-22 21:03:02,069 [Worker-21: Importing Maven projects] INFO  o.e.m.c.i.e.AbstractTransferListenerAdapter - Downloaded https://repo.spring.io/snapshot/org/springframework/boot/spring-boot-maven-plugin/4.0.0-SNAPSHOT/maven-metadata.xml
2025-07-22 21:03:02,352 [Worker-21: Importing Maven projects] INFO  o.e.m.c.i.e.AbstractTransferListenerAdapter - Downloading https://repo.spring.io/snapshot/org/springframework/boot/spring-boot-maven-plugin/4.0.0-SNAPSHOT/spring-boot-maven-plugin-4.0.0-20250722.131803-314.pom
2025-07-22 21:03:02,360 [Worker-21: Importing Maven projects] INFO  o.e.m.c.i.e.AbstractTransferListenerAdapter - Downloaded https://repo.spring.io/snapshot/org/springframework/boot/spring-boot-maven-plugin/4.0.0-SNAPSHOT/spring-boot-maven-plugin-4.0.0-20250722.131803-314.pom
2025-07-22 21:03:02,654 [Worker-21: Importing Maven projects] INFO  o.e.m.c.i.e.AbstractTransferListenerAdapter - Downloading https://repo.spring.io/snapshot/org/springframework/boot/spring-boot-maven-plugin/4.0.0-SNAPSHOT/spring-boot-maven-plugin-4.0.0-20250722.131803-314.jar
2025-07-22 21:03:03,295 [Worker-21: Importing Maven projects] INFO  o.e.m.c.i.e.AbstractTransferListenerAdapter - Downloaded https://repo.spring.io/snapshot/org/springframework/boot/spring-boot-maven-plugin/4.0.0-SNAPSHOT/spring-boot-maven-plugin-4.0.0-20250722.131803-314.jar
2025-07-22 21:03:03,678 [Worker-21: Importing Maven projects] INFO  o.e.m.c.i.e.AbstractTransferListenerAdapter - Downloaded https://repo.spring.io/milestone/org/apache/maven/plugins/maven-clean-plugin/3.5.0/maven-clean-plugin-3.5.0.jar
2025-07-22 21:03:03,725 [Worker-21: Importing Maven projects] INFO  o.e.m.c.i.e.AbstractTransferListenerAdapter - Downloading https://repo.maven.apache.org/maven2/org/apache/maven/plugins/maven-clean-plugin/3.5.0/maven-clean-plugin-3.5.0.jar
2025-07-22 21:03:03,739 [Worker-21: Importing Maven projects] INFO  o.e.m.c.i.e.AbstractTransferListenerAdapter - Downloaded https://repo.maven.apache.org/maven2/org/apache/maven/plugins/maven-clean-plugin/3.5.0/maven-clean-plugin-3.5.0.jar
2025-07-22 21:03:04,002 [Worker-21: Importing Maven projects] INFO  o.e.m.c.i.e.AbstractTransferListenerAdapter - Downloaded https://repo.spring.io/milestone/org/apache/maven/plugins/maven-compiler-plugin/3.14.0/maven-compiler-plugin-3.14.0.jar
2025-07-22 21:03:04,051 [Worker-21: Importing Maven projects] INFO  o.e.m.c.i.e.AbstractTransferListenerAdapter - Downloading https://repo.maven.apache.org/maven2/org/apache/maven/plugins/maven-compiler-plugin/3.14.0/maven-compiler-plugin-3.14.0.jar
2025-07-22 21:03:04,133 [Worker-21: Importing Maven projects] INFO  o.e.m.c.i.e.AbstractTransferListenerAdapter - Downloaded https://repo.maven.apache.org/maven2/org/apache/maven/plugins/maven-compiler-plugin/3.14.0/maven-compiler-plugin-3.14.0.jar
2025-07-22 21:03:04,495 [Worker-21: Importing Maven projects] INFO  o.e.m.c.i.e.AbstractTransferListenerAdapter - Downloaded https://repo.spring.io/milestone/org/apache/maven/plugins/maven-compiler-plugin/3.14.0/maven-compiler-plugin-3.14.0.pom
2025-07-22 21:03:04,528 [Worker-21: Importing Maven projects] INFO  o.e.m.c.i.e.AbstractTransferListenerAdapter - Downloading https://repo.maven.apache.org/maven2/org/apache/maven/plugins/maven-compiler-plugin/3.14.0/maven-compiler-plugin-3.14.0.pom
2025-07-22 21:03:04,538 [Worker-21: Importing Maven projects] INFO  o.e.m.c.i.e.AbstractTransferListenerAdapter - Downloaded https://repo.maven.apache.org/maven2/org/apache/maven/plugins/maven-compiler-plugin/3.14.0/maven-compiler-plugin-3.14.0.pom
2025-07-22 21:03:04,905 [Worker-21: Importing Maven projects] INFO  o.e.m.c.i.e.AbstractTransferListenerAdapter - Downloaded https://repo.spring.io/milestone/org/codehaus/plexus/plexus-java/1.4.0/plexus-java-1.4.0.pom
2025-07-22 21:03:04,951 [Worker-21: Importing Maven projects] INFO  o.e.m.c.i.e.AbstractTransferListenerAdapter - Downloading https://repo.maven.apache.org/maven2/org/codehaus/plexus/plexus-java/1.4.0/plexus-java-1.4.0.pom
2025-07-22 21:03:04,966 [Worker-21: Importing Maven projects] INFO  o.e.m.c.i.e.AbstractTransferListenerAdapter - Downloaded https://repo.maven.apache.org/maven2/org/codehaus/plexus/plexus-java/1.4.0/plexus-java-1.4.0.pom
2025-07-22 21:03:05,314 [Worker-21: Importing Maven projects] INFO  o.e.m.c.i.e.AbstractTransferListenerAdapter - Downloaded https://repo.spring.io/milestone/org/codehaus/plexus/plexus-languages/1.4.0/plexus-languages-1.4.0.pom
2025-07-22 21:03:05,360 [Worker-21: Importing Maven projects] INFO  o.e.m.c.i.e.AbstractTransferListenerAdapter - Downloading https://repo.maven.apache.org/maven2/org/codehaus/plexus/plexus-languages/1.4.0/plexus-languages-1.4.0.pom
2025-07-22 21:03:05,370 [Worker-21: Importing Maven projects] INFO  o.e.m.c.i.e.AbstractTransferListenerAdapter - Downloaded https://repo.maven.apache.org/maven2/org/codehaus/plexus/plexus-languages/1.4.0/plexus-languages-1.4.0.pom
2025-07-22 21:03:05,629 [Worker-21: Importing Maven projects] INFO  o.e.m.c.i.e.AbstractTransferListenerAdapter - Downloaded https://repo.spring.io/milestone/org/codehaus/plexus/plexus/20/plexus-20.pom
2025-07-22 21:03:05,666 [Worker-21: Importing Maven projects] INFO  o.e.m.c.i.e.AbstractTransferListenerAdapter - Downloading https://repo.maven.apache.org/maven2/org/codehaus/plexus/plexus/20/plexus-20.pom
2025-07-22 21:03:05,693 [Worker-21: Importing Maven projects] INFO  o.e.m.c.i.e.AbstractTransferListenerAdapter - Downloaded https://repo.maven.apache.org/maven2/org/codehaus/plexus/plexus/20/plexus-20.pom
2025-07-22 21:03:06,033 [Worker-21: Importing Maven projects] INFO  o.e.m.c.i.e.AbstractTransferListenerAdapter - Downloaded https://repo.spring.io/milestone/com/thoughtworks/qdox/qdox/2.2.0/qdox-2.2.0.pom
2025-07-22 21:03:06,074 [Worker-21: Importing Maven projects] INFO  o.e.m.c.i.e.AbstractTransferListenerAdapter - Downloading https://repo.maven.apache.org/maven2/com/thoughtworks/qdox/qdox/2.2.0/qdox-2.2.0.pom
2025-07-22 21:03:06,089 [Worker-21: Importing Maven projects] INFO  o.e.m.c.i.e.AbstractTransferListenerAdapter - Downloaded https://repo.maven.apache.org/maven2/com/thoughtworks/qdox/qdox/2.2.0/qdox-2.2.0.pom
2025-07-22 21:03:06,441 [Worker-21: Importing Maven projects] INFO  o.e.m.c.i.e.AbstractTransferListenerAdapter - Downloaded https://repo.spring.io/milestone/org/codehaus/plexus/plexus-java/1.4.0/plexus-java-1.4.0.jar
2025-07-22 21:03:06,748 [BasicRepositoryConnector-repo.spring.io-0-0] INFO  o.e.m.c.i.e.AbstractTransferListenerAdapter - Downloaded https://repo.spring.io/milestone/com/thoughtworks/qdox/qdox/2.2.0/qdox-2.2.0.jar
2025-07-22 21:03:06,800 [Worker-21: Importing Maven projects] INFO  o.e.m.c.i.e.AbstractTransferListenerAdapter - Downloading https://repo.maven.apache.org/maven2/org/codehaus/plexus/plexus-java/1.4.0/plexus-java-1.4.0.jar
2025-07-22 21:03:06,825 [Worker-21: Importing Maven projects] INFO  o.e.m.c.i.e.AbstractTransferListenerAdapter - Downloaded https://repo.maven.apache.org/maven2/org/codehaus/plexus/plexus-java/1.4.0/plexus-java-1.4.0.jar
2025-07-22 21:03:06,859 [BasicRepositoryConnector-repo.maven.apache.org-1-0] INFO  o.e.m.c.i.e.AbstractTransferListenerAdapter - Downloading https://repo.maven.apache.org/maven2/com/thoughtworks/qdox/qdox/2.2.0/qdox-2.2.0.jar
2025-07-22 21:03:07,003 [BasicRepositoryConnector-repo.maven.apache.org-1-0] INFO  o.e.m.c.i.e.AbstractTransferListenerAdapter - Downloaded https://repo.maven.apache.org/maven2/com/thoughtworks/qdox/qdox/2.2.0/qdox-2.2.0.jar
2025-07-22 21:03:07,103 [Worker-21: Importing Maven projects] INFO  o.e.m.c.i.l.LifecycleMappingFactory - Using org.eclipse.m2e.jdt.JarLifecycleMapping lifecycle mapping for MavenProject: com.example:demo:0.0.1-SNAPSHOT @ D:\demo\pom.xml.
2025-07-22 21:03:07,372 [Worker-21: Importing Maven projects] INFO  o.e.m.c.i.e.AbstractTransferListenerAdapter - Downloading https://repo.spring.io/snapshot/org/springframework/boot/spring-boot-starter-data-jpa/4.0.0-SNAPSHOT/maven-metadata.xml
2025-07-22 21:03:07,385 [Worker-21: Importing Maven projects] INFO  o.e.m.c.i.e.AbstractTransferListenerAdapter - Downloaded https://repo.spring.io/snapshot/org/springframework/boot/spring-boot-starter-data-jpa/4.0.0-SNAPSHOT/maven-metadata.xml
2025-07-22 21:03:07,681 [Worker-21: Importing Maven projects] INFO  o.e.m.c.i.e.AbstractTransferListenerAdapter - Downloading https://repo.spring.io/snapshot/org/springframework/boot/spring-boot-starter-data-jpa/4.0.0-SNAPSHOT/spring-boot-starter-data-jpa-4.0.0-20250722.131803-314.pom
2025-07-22 21:03:07,693 [Worker-21: Importing Maven projects] INFO  o.e.m.c.i.e.AbstractTransferListenerAdapter - Downloaded https://repo.spring.io/snapshot/org/springframework/boot/spring-boot-starter-data-jpa/4.0.0-SNAPSHOT/spring-boot-starter-data-jpa-4.0.0-20250722.131803-314.pom
2025-07-22 21:03:07,979 [Worker-21: Importing Maven projects] INFO  o.e.m.c.i.e.AbstractTransferListenerAdapter - Downloading https://repo.spring.io/snapshot/org/springframework/boot/spring-boot-data-jpa/4.0.0-SNAPSHOT/maven-metadata.xml
2025-07-22 21:03:07,993 [Worker-21: Importing Maven projects] INFO  o.e.m.c.i.e.AbstractTransferListenerAdapter - Downloaded https://repo.spring.io/snapshot/org/springframework/boot/spring-boot-data-jpa/4.0.0-SNAPSHOT/maven-metadata.xml
2025-07-22 21:03:08,284 [Worker-21: Importing Maven projects] INFO  o.e.m.c.i.e.AbstractTransferListenerAdapter - Downloading https://repo.spring.io/snapshot/org/springframework/boot/spring-boot-data-jpa/4.0.0-SNAPSHOT/spring-boot-data-jpa-4.0.0-20250722.131803-121.pom
2025-07-22 21:03:08,299 [Worker-21: Importing Maven projects] INFO  o.e.m.c.i.e.AbstractTransferListenerAdapter - Downloaded https://repo.spring.io/snapshot/org/springframework/boot/spring-boot-data-jpa/4.0.0-SNAPSHOT/spring-boot-data-jpa-4.0.0-20250722.131803-121.pom
2025-07-22 21:03:08,698 [Worker-21: Importing Maven projects] INFO  o.e.m.c.i.e.AbstractTransferListenerAdapter - Downloading https://repo.spring.io/snapshot/org/springframework/boot/spring-boot-data-commons/4.0.0-SNAPSHOT/maven-metadata.xml
2025-07-22 21:03:08,712 [Worker-21: Importing Maven projects] INFO  o.e.m.c.i.e.AbstractTransferListenerAdapter - Downloaded https://repo.spring.io/snapshot/org/springframework/boot/spring-boot-data-commons/4.0.0-SNAPSHOT/maven-metadata.xml
2025-07-22 21:03:08,971 [Worker-21: Importing Maven projects] INFO  o.e.m.c.i.e.AbstractTransferListenerAdapter - Downloading https://repo.spring.io/snapshot/org/springframework/boot/spring-boot-data-commons/4.0.0-SNAPSHOT/spring-boot-data-commons-4.0.0-20250722.131803-56.pom
2025-07-22 21:03:08,985 [Worker-21: Importing Maven projects] INFO  o.e.m.c.i.e.AbstractTransferListenerAdapter - Downloaded https://repo.spring.io/snapshot/org/springframework/boot/spring-boot-data-commons/4.0.0-SNAPSHOT/spring-boot-data-commons-4.0.0-20250722.131803-56.pom
2025-07-22 21:03:09,312 [Worker-21: Importing Maven projects] INFO  o.e.m.c.i.e.AbstractTransferListenerAdapter - Downloading https://repo.spring.io/snapshot/org/springframework/boot/spring-boot-webmvc/4.0.0-SNAPSHOT/maven-metadata.xml
2025-07-22 21:03:09,319 [Worker-21: Importing Maven projects] INFO  o.e.m.c.i.e.AbstractTransferListenerAdapter - Downloaded https://repo.spring.io/snapshot/org/springframework/boot/spring-boot-webmvc/4.0.0-SNAPSHOT/maven-metadata.xml
2025-07-22 21:03:09,618 [Worker-21: Importing Maven projects] INFO  o.e.m.c.i.e.AbstractTransferListenerAdapter - Downloading https://repo.spring.io/snapshot/org/springframework/boot/spring-boot-webmvc/4.0.0-SNAPSHOT/spring-boot-webmvc-4.0.0-20250722.131803-101.pom
2025-07-22 21:03:09,625 [Worker-21: Importing Maven projects] INFO  o.e.m.c.i.e.AbstractTransferListenerAdapter - Downloaded https://repo.spring.io/snapshot/org/springframework/boot/spring-boot-webmvc/4.0.0-SNAPSHOT/spring-boot-webmvc-4.0.0-20250722.131803-101.pom
2025-07-22 21:03:09,900 [Worker-21: Importing Maven projects] INFO  o.e.m.c.i.e.AbstractTransferListenerAdapter - Downloading https://repo.spring.io/snapshot/org/springframework/boot/spring-boot-servlet/4.0.0-SNAPSHOT/maven-metadata.xml
2025-07-22 21:03:09,917 [Worker-21: Importing Maven projects] INFO  o.e.m.c.i.e.AbstractTransferListenerAdapter - Downloaded https://repo.spring.io/snapshot/org/springframework/boot/spring-boot-servlet/4.0.0-SNAPSHOT/maven-metadata.xml
2025-07-22 21:03:10,243 [Worker-21: Importing Maven projects] INFO  o.e.m.c.i.e.AbstractTransferListenerAdapter - Downloading https://repo.spring.io/snapshot/org/springframework/boot/spring-boot-servlet/4.0.0-SNAPSHOT/spring-boot-servlet-4.0.0-20250722.131803-56.pom
2025-07-22 21:03:10,254 [Worker-21: Importing Maven projects] INFO  o.e.m.c.i.e.AbstractTransferListenerAdapter - Downloaded https://repo.spring.io/snapshot/org/springframework/boot/spring-boot-servlet/4.0.0-SNAPSHOT/spring-boot-servlet-4.0.0-20250722.131803-56.pom
2025-07-22 21:03:10,536 [Worker-21: Importing Maven projects] INFO  o.e.m.c.i.e.AbstractTransferListenerAdapter - Downloading https://repo.spring.io/snapshot/org/springframework/boot/spring-boot/4.0.0-SNAPSHOT/maven-metadata.xml
2025-07-22 21:03:10,550 [Worker-21: Importing Maven projects] INFO  o.e.m.c.i.e.AbstractTransferListenerAdapter - Downloaded https://repo.spring.io/snapshot/org/springframework/boot/spring-boot/4.0.0-SNAPSHOT/maven-metadata.xml
2025-07-22 21:03:10,846 [Worker-21: Importing Maven projects] INFO  o.e.m.c.i.e.AbstractTransferListenerAdapter - Downloading https://repo.spring.io/snapshot/org/springframework/boot/spring-boot/4.0.0-SNAPSHOT/spring-boot-4.0.0-20250722.131803-314.pom
2025-07-22 21:03:10,865 [Worker-21: Importing Maven projects] INFO  o.e.m.c.i.e.AbstractTransferListenerAdapter - Downloaded https://repo.spring.io/snapshot/org/springframework/boot/spring-boot/4.0.0-SNAPSHOT/spring-boot-4.0.0-20250722.131803-314.pom
2025-07-22 21:03:11,154 [Worker-21: Importing Maven projects] INFO  o.e.m.c.i.e.AbstractTransferListenerAdapter - Downloading https://repo.spring.io/milestone/org/springframework/spring-core/7.0.0-M7/spring-core-7.0.0-M7.pom
2025-07-22 21:03:11,167 [Worker-21: Importing Maven projects] INFO  o.e.m.c.i.e.AbstractTransferListenerAdapter - Downloaded https://repo.spring.io/milestone/org/springframework/spring-core/7.0.0-M7/spring-core-7.0.0-M7.pom
2025-07-22 21:03:11,458 [Worker-21: Importing Maven projects] INFO  o.e.m.c.i.e.AbstractTransferListenerAdapter - Downloaded https://repo.spring.io/milestone/commons-logging/commons-logging/1.3.5/commons-logging-1.3.5.pom
2025-07-22 21:03:11,499 [Worker-21: Importing Maven projects] INFO  o.e.m.c.i.e.AbstractTransferListenerAdapter - Downloading https://repo.maven.apache.org/maven2/commons-logging/commons-logging/1.3.5/commons-logging-1.3.5.pom
2025-07-22 21:03:11,514 [Worker-21: Importing Maven projects] INFO  o.e.m.c.i.e.AbstractTransferListenerAdapter - Downloaded https://repo.maven.apache.org/maven2/commons-logging/commons-logging/1.3.5/commons-logging-1.3.5.pom
2025-07-22 21:03:11,872 [Worker-21: Importing Maven projects] INFO  o.e.m.c.i.e.AbstractTransferListenerAdapter - Downloaded https://repo.spring.io/milestone/org/apache/commons/commons-parent/81/commons-parent-81.pom
2025-07-22 21:03:11,912 [Worker-21: Importing Maven projects] INFO  o.e.m.c.i.e.AbstractTransferListenerAdapter - Downloading https://repo.maven.apache.org/maven2/org/apache/commons/commons-parent/81/commons-parent-81.pom
2025-07-22 21:03:11,957 [Worker-21: Importing Maven projects] INFO  o.e.m.c.i.e.AbstractTransferListenerAdapter - Downloaded https://repo.maven.apache.org/maven2/org/apache/commons/commons-parent/81/commons-parent-81.pom
2025-07-22 21:03:12,278 [Worker-21: Importing Maven projects] INFO  o.e.m.c.i.e.AbstractTransferListenerAdapter - Downloaded https://repo.spring.io/milestone/org/jspecify/jspecify/1.0.0/jspecify-1.0.0.pom
2025-07-22 21:03:12,321 [Worker-21: Importing Maven projects] INFO  o.e.m.c.i.e.AbstractTransferListenerAdapter - Downloading https://repo.maven.apache.org/maven2/org/jspecify/jspecify/1.0.0/jspecify-1.0.0.pom
2025-07-22 21:03:12,332 [Worker-21: Importing Maven projects] INFO  o.e.m.c.i.e.AbstractTransferListenerAdapter - Downloaded https://repo.maven.apache.org/maven2/org/jspecify/jspecify/1.0.0/jspecify-1.0.0.pom
2025-07-22 21:03:12,689 [Worker-21: Importing Maven projects] INFO  o.e.m.c.i.e.AbstractTransferListenerAdapter - Downloading https://repo.spring.io/milestone/org/springframework/spring-context/7.0.0-M7/spring-context-7.0.0-M7.pom
2025-07-22 21:03:12,703 [Worker-21: Importing Maven projects] INFO  o.e.m.c.i.e.AbstractTransferListenerAdapter - Downloaded https://repo.spring.io/milestone/org/springframework/spring-context/7.0.0-M7/spring-context-7.0.0-M7.pom
2025-07-22 21:03:13,002 [Worker-21: Importing Maven projects] INFO  o.e.m.c.i.e.AbstractTransferListenerAdapter - Downloading https://repo.spring.io/milestone/org/springframework/spring-aop/7.0.0-M7/spring-aop-7.0.0-M7.pom
2025-07-22 21:03:13,010 [Worker-21: Importing Maven projects] INFO  o.e.m.c.i.e.AbstractTransferListenerAdapter - Downloaded https://repo.spring.io/milestone/org/springframework/spring-aop/7.0.0-M7/spring-aop-7.0.0-M7.pom
2025-07-22 21:03:13,302 [Worker-21: Importing Maven projects] INFO  o.e.m.c.i.e.AbstractTransferListenerAdapter - Downloading https://repo.spring.io/milestone/org/springframework/spring-beans/7.0.0-M7/spring-beans-7.0.0-M7.pom
2025-07-22 21:03:13,311 [Worker-21: Importing Maven projects] INFO  o.e.m.c.i.e.AbstractTransferListenerAdapter - Downloaded https://repo.spring.io/milestone/org/springframework/spring-beans/7.0.0-M7/spring-beans-7.0.0-M7.pom
2025-07-22 21:03:13,609 [Worker-21: Importing Maven projects] INFO  o.e.m.c.i.e.AbstractTransferListenerAdapter - Downloading https://repo.spring.io/milestone/org/springframework/spring-expression/7.0.0-M7/spring-expression-7.0.0-M7.pom
2025-07-22 21:03:13,622 [Worker-21: Importing Maven projects] INFO  o.e.m.c.i.e.AbstractTransferListenerAdapter - Downloaded https://repo.spring.io/milestone/org/springframework/spring-expression/7.0.0-M7/spring-expression-7.0.0-M7.pom
2025-07-22 21:03:13,883 [Worker-21: Importing Maven projects] INFO  o.e.m.c.i.e.AbstractTransferListenerAdapter - Downloaded https://repo.spring.io/milestone/io/micrometer/micrometer-observation/1.16.0-M1/micrometer-observation-1.16.0-M1.pom
2025-07-22 21:03:13,921 [Worker-21: Importing Maven projects] INFO  o.e.m.c.i.e.AbstractTransferListenerAdapter - Downloading https://repo.maven.apache.org/maven2/io/micrometer/micrometer-observation/1.16.0-M1/micrometer-observation-1.16.0-M1.pom
2025-07-22 21:03:13,929 [Worker-21: Importing Maven projects] INFO  o.e.m.c.i.e.AbstractTransferListenerAdapter - Downloaded https://repo.maven.apache.org/maven2/io/micrometer/micrometer-observation/1.16.0-M1/micrometer-observation-1.16.0-M1.pom
2025-07-22 21:03:14,223 [Worker-21: Importing Maven projects] INFO  o.e.m.c.i.e.AbstractTransferListenerAdapter - Downloaded https://repo.spring.io/milestone/io/micrometer/micrometer-commons/1.16.0-M1/micrometer-commons-1.16.0-M1.pom
2025-07-22 21:03:14,266 [Worker-21: Importing Maven projects] INFO  o.e.m.c.i.e.AbstractTransferListenerAdapter - Downloading https://repo.maven.apache.org/maven2/io/micrometer/micrometer-commons/1.16.0-M1/micrometer-commons-1.16.0-M1.pom
2025-07-22 21:03:14,277 [Worker-21: Importing Maven projects] INFO  o.e.m.c.i.e.AbstractTransferListenerAdapter - Downloaded https://repo.maven.apache.org/maven2/io/micrometer/micrometer-commons/1.16.0-M1/micrometer-commons-1.16.0-M1.pom
2025-07-22 21:03:14,633 [Worker-21: Importing Maven projects] INFO  o.e.m.c.i.e.AbstractTransferListenerAdapter - Downloading https://repo.spring.io/milestone/org/springframework/spring-web/7.0.0-M7/spring-web-7.0.0-M7.pom
2025-07-22 21:03:14,648 [Worker-21: Importing Maven projects] INFO  o.e.m.c.i.e.AbstractTransferListenerAdapter - Downloaded https://repo.spring.io/milestone/org/springframework/spring-web/7.0.0-M7/spring-web-7.0.0-M7.pom
2025-07-22 21:03:14,948 [Worker-21: Importing Maven projects] INFO  o.e.m.c.i.e.AbstractTransferListenerAdapter - Downloading https://repo.spring.io/milestone/org/springframework/spring-webmvc/7.0.0-M7/spring-webmvc-7.0.0-M7.pom
2025-07-22 21:03:14,957 [Worker-21: Importing Maven projects] INFO  o.e.m.c.i.e.AbstractTransferListenerAdapter - Downloaded https://repo.spring.io/milestone/org/springframework/spring-webmvc/7.0.0-M7/spring-webmvc-7.0.0-M7.pom
2025-07-22 21:03:15,252 [Worker-21: Importing Maven projects] INFO  o.e.m.c.i.e.AbstractTransferListenerAdapter - Downloading https://repo.spring.io/snapshot/org/springframework/boot/spring-boot-http-converter/4.0.0-SNAPSHOT/maven-metadata.xml
2025-07-22 21:03:15,268 [Worker-21: Importing Maven projects] INFO  o.e.m.c.i.e.AbstractTransferListenerAdapter - Downloaded https://repo.spring.io/snapshot/org/springframework/boot/spring-boot-http-converter/4.0.0-SNAPSHOT/maven-metadata.xml
2025-07-22 21:03:15,577 [Worker-21: Importing Maven projects] INFO  o.e.m.c.i.e.AbstractTransferListenerAdapter - Downloading https://repo.spring.io/snapshot/org/springframework/boot/spring-boot-http-converter/4.0.0-SNAPSHOT/spring-boot-http-converter-4.0.0-20250722.131803-66.pom
2025-07-22 21:03:15,595 [Worker-21: Importing Maven projects] INFO  o.e.m.c.i.e.AbstractTransferListenerAdapter - Downloaded https://repo.spring.io/snapshot/org/springframework/boot/spring-boot-http-converter/4.0.0-SNAPSHOT/spring-boot-http-converter-4.0.0-20250722.131803-66.pom
2025-07-22 21:03:15,875 [Worker-21: Importing Maven projects] INFO  o.e.m.c.i.e.AbstractTransferListenerAdapter - Downloaded https://repo.spring.io/milestone/org/springframework/data/spring-data-commons/4.0.0-M4/spring-data-commons-4.0.0-M4.pom
2025-07-22 21:03:15,930 [Worker-21: Importing Maven projects] INFO  o.e.m.c.i.e.AbstractTransferListenerAdapter - Downloading https://repo.maven.apache.org/maven2/org/springframework/data/spring-data-commons/4.0.0-M4/spring-data-commons-4.0.0-M4.pom
2025-07-22 21:03:15,943 [Worker-21: Importing Maven projects] INFO  o.e.m.c.i.e.AbstractTransferListenerAdapter - Downloaded https://repo.maven.apache.org/maven2/org/springframework/data/spring-data-commons/4.0.0-M4/spring-data-commons-4.0.0-M4.pom
2025-07-22 21:03:16,379 [Worker-21: Importing Maven projects] INFO  o.e.m.c.i.e.AbstractTransferListenerAdapter - Downloaded https://repo.spring.io/milestone/org/springframework/data/build/spring-data-parent/4.0.0-M4/spring-data-parent-4.0.0-M4.pom
2025-07-22 21:03:16,439 [Worker-21: Importing Maven projects] INFO  o.e.m.c.i.e.AbstractTransferListenerAdapter - Downloading https://repo.maven.apache.org/maven2/org/springframework/data/build/spring-data-parent/4.0.0-M4/spring-data-parent-4.0.0-M4.pom
2025-07-22 21:03:16,456 [Worker-21: Importing Maven projects] INFO  o.e.m.c.i.e.AbstractTransferListenerAdapter - Downloaded https://repo.maven.apache.org/maven2/org/springframework/data/build/spring-data-parent/4.0.0-M4/spring-data-parent-4.0.0-M4.pom
2025-07-22 21:03:16,788 [Worker-21: Importing Maven projects] INFO  o.e.m.c.i.e.AbstractTransferListenerAdapter - Downloaded https://repo.spring.io/milestone/org/springframework/data/build/spring-data-build/4.0.0-M4/spring-data-build-4.0.0-M4.pom
2025-07-22 21:03:16,833 [Worker-21: Importing Maven projects] INFO  o.e.m.c.i.e.AbstractTransferListenerAdapter - Downloading https://repo.maven.apache.org/maven2/org/springframework/data/build/spring-data-build/4.0.0-M4/spring-data-build-4.0.0-M4.pom
2025-07-22 21:03:16,842 [Worker-21: Importing Maven projects] INFO  o.e.m.c.i.e.AbstractTransferListenerAdapter - Downloaded https://repo.maven.apache.org/maven2/org/springframework/data/build/spring-data-build/4.0.0-M4/spring-data-build-4.0.0-M4.pom
2025-07-22 21:03:17,107 [Worker-21: Importing Maven projects] INFO  o.e.m.c.i.e.AbstractTransferListenerAdapter - Downloaded https://repo.spring.io/milestone/tools/jackson/jackson-bom/3.0.0-rc5/jackson-bom-3.0.0-rc5.pom
2025-07-22 21:03:17,151 [Worker-21: Importing Maven projects] INFO  o.e.m.c.i.e.AbstractTransferListenerAdapter - Downloading https://repo.maven.apache.org/maven2/tools/jackson/jackson-bom/3.0.0-rc5/jackson-bom-3.0.0-rc5.pom
2025-07-22 21:03:17,159 [Worker-21: Importing Maven projects] INFO  o.e.m.c.i.e.AbstractTransferListenerAdapter - Downloaded https://repo.maven.apache.org/maven2/tools/jackson/jackson-bom/3.0.0-rc5/jackson-bom-3.0.0-rc5.pom
2025-07-22 21:03:17,505 [Worker-21: Importing Maven projects] INFO  o.e.m.c.i.e.AbstractTransferListenerAdapter - Downloaded https://repo.spring.io/milestone/com/fasterxml/oss-parent/66/oss-parent-66.pom
2025-07-22 21:03:17,540 [Worker-21: Importing Maven projects] INFO  o.e.m.c.i.e.AbstractTransferListenerAdapter - Downloading https://repo.maven.apache.org/maven2/com/fasterxml/oss-parent/66/oss-parent-66.pom
2025-07-22 21:03:17,555 [Worker-21: Importing Maven projects] INFO  o.e.m.c.i.e.AbstractTransferListenerAdapter - Downloaded https://repo.maven.apache.org/maven2/com/fasterxml/oss-parent/66/oss-parent-66.pom
2025-07-22 21:03:17,911 [Worker-21: Importing Maven projects] INFO  o.e.m.c.i.e.AbstractTransferListenerAdapter - Downloaded https://repo.spring.io/milestone/org/junit/junit-bom/5.13.1/junit-bom-5.13.1.pom
2025-07-22 21:03:17,952 [Worker-21: Importing Maven projects] INFO  o.e.m.c.i.e.AbstractTransferListenerAdapter - Downloading https://repo.maven.apache.org/maven2/org/junit/junit-bom/5.13.1/junit-bom-5.13.1.pom
2025-07-22 21:03:17,964 [Worker-21: Importing Maven projects] INFO  o.e.m.c.i.e.AbstractTransferListenerAdapter - Downloaded https://repo.maven.apache.org/maven2/org/junit/junit-bom/5.13.1/junit-bom-5.13.1.pom
2025-07-22 21:03:18,328 [Worker-21: Importing Maven projects] INFO  o.e.m.c.i.e.AbstractTransferListenerAdapter - Downloading https://repo.spring.io/snapshot/org/springframework/boot/spring-boot-hibernate/4.0.0-SNAPSHOT/maven-metadata.xml
2025-07-22 21:03:18,346 [Worker-21: Importing Maven projects] INFO  o.e.m.c.i.e.AbstractTransferListenerAdapter - Downloaded https://repo.spring.io/snapshot/org/springframework/boot/spring-boot-hibernate/4.0.0-SNAPSHOT/maven-metadata.xml
2025-07-22 21:03:18,634 [Worker-21: Importing Maven projects] INFO  o.e.m.c.i.e.AbstractTransferListenerAdapter - Downloading https://repo.spring.io/snapshot/org/springframework/boot/spring-boot-hibernate/4.0.0-SNAPSHOT/spring-boot-hibernate-4.0.0-20250722.131803-56.pom
2025-07-22 21:03:18,644 [Worker-21: Importing Maven projects] INFO  o.e.m.c.i.e.AbstractTransferListenerAdapter - Downloaded https://repo.spring.io/snapshot/org/springframework/boot/spring-boot-hibernate/4.0.0-SNAPSHOT/spring-boot-hibernate-4.0.0-20250722.131803-56.pom
2025-07-22 21:03:18,934 [Worker-21: Importing Maven projects] INFO  o.e.m.c.i.e.AbstractTransferListenerAdapter - Downloading https://repo.spring.io/snapshot/org/springframework/boot/spring-boot-jpa/4.0.0-SNAPSHOT/maven-metadata.xml
2025-07-22 21:03:18,947 [Worker-21: Importing Maven projects] INFO  o.e.m.c.i.e.AbstractTransferListenerAdapter - Downloaded https://repo.spring.io/snapshot/org/springframework/boot/spring-boot-jpa/4.0.0-SNAPSHOT/maven-metadata.xml
2025-07-22 21:03:19,215 [Worker-21: Importing Maven projects] INFO  o.e.m.c.i.e.AbstractTransferListenerAdapter - Downloading https://repo.spring.io/snapshot/org/springframework/boot/spring-boot-jpa/4.0.0-SNAPSHOT/spring-boot-jpa-4.0.0-20250722.131803-121.pom
2025-07-22 21:03:19,225 [Worker-21: Importing Maven projects] INFO  o.e.m.c.i.e.AbstractTransferListenerAdapter - Downloaded https://repo.spring.io/snapshot/org/springframework/boot/spring-boot-jpa/4.0.0-SNAPSHOT/spring-boot-jpa-4.0.0-20250722.131803-121.pom
2025-07-22 21:03:19,657 [Worker-21: Importing Maven projects] INFO  o.e.m.c.i.e.AbstractTransferListenerAdapter - Downloading https://repo.spring.io/snapshot/org/springframework/boot/spring-boot-jdbc/4.0.0-SNAPSHOT/maven-metadata.xml
2025-07-22 21:03:19,666 [Worker-21: Importing Maven projects] INFO  o.e.m.c.i.e.AbstractTransferListenerAdapter - Downloaded https://repo.spring.io/snapshot/org/springframework/boot/spring-boot-jdbc/4.0.0-SNAPSHOT/maven-metadata.xml
2025-07-22 21:03:19,957 [Worker-21: Importing Maven projects] INFO  o.e.m.c.i.e.AbstractTransferListenerAdapter - Downloading https://repo.spring.io/snapshot/org/springframework/boot/spring-boot-jdbc/4.0.0-SNAPSHOT/spring-boot-jdbc-4.0.0-20250722.131803-135.pom
2025-07-22 21:03:19,973 [Worker-21: Importing Maven projects] INFO  o.e.m.c.i.e.AbstractTransferListenerAdapter - Downloaded https://repo.spring.io/snapshot/org/springframework/boot/spring-boot-jdbc/4.0.0-SNAPSHOT/spring-boot-jdbc-4.0.0-20250722.131803-135.pom
2025-07-22 21:03:20,268 [Worker-21: Importing Maven projects] INFO  o.e.m.c.i.e.AbstractTransferListenerAdapter - Downloading https://repo.spring.io/snapshot/org/springframework/boot/spring-boot-sql/4.0.0-SNAPSHOT/maven-metadata.xml
2025-07-22 21:03:20,281 [Worker-21: Importing Maven projects] INFO  o.e.m.c.i.e.AbstractTransferListenerAdapter - Downloaded https://repo.spring.io/snapshot/org/springframework/boot/spring-boot-sql/4.0.0-SNAPSHOT/maven-metadata.xml
2025-07-22 21:03:20,549 [Worker-21: Importing Maven projects] INFO  o.e.m.c.i.e.AbstractTransferListenerAdapter - Downloading https://repo.spring.io/snapshot/org/springframework/boot/spring-boot-sql/4.0.0-SNAPSHOT/spring-boot-sql-4.0.0-20250722.131803-84.pom
2025-07-22 21:03:20,556 [Worker-21: Importing Maven projects] INFO  o.e.m.c.i.e.AbstractTransferListenerAdapter - Downloaded https://repo.spring.io/snapshot/org/springframework/boot/spring-boot-sql/4.0.0-SNAPSHOT/spring-boot-sql-4.0.0-20250722.131803-84.pom
2025-07-22 21:03:20,822 [Worker-21: Importing Maven projects] INFO  o.e.m.c.i.e.AbstractTransferListenerAdapter - Downloading https://repo.spring.io/milestone/org/springframework/spring-jdbc/7.0.0-M7/spring-jdbc-7.0.0-M7.pom
2025-07-22 21:03:20,839 [Worker-21: Importing Maven projects] INFO  o.e.m.c.i.e.AbstractTransferListenerAdapter - Downloaded https://repo.spring.io/milestone/org/springframework/spring-jdbc/7.0.0-M7/spring-jdbc-7.0.0-M7.pom
2025-07-22 21:03:21,195 [Worker-21: Importing Maven projects] INFO  o.e.m.c.i.e.AbstractTransferListenerAdapter - Downloading https://repo.spring.io/milestone/org/springframework/spring-tx/7.0.0-M7/spring-tx-7.0.0-M7.pom
2025-07-22 21:03:21,209 [Worker-21: Importing Maven projects] INFO  o.e.m.c.i.e.AbstractTransferListenerAdapter - Downloaded https://repo.spring.io/milestone/org/springframework/spring-tx/7.0.0-M7/spring-tx-7.0.0-M7.pom
2025-07-22 21:03:21,479 [Worker-21: Importing Maven projects] INFO  o.e.m.c.i.e.AbstractTransferListenerAdapter - Downloading https://repo.spring.io/snapshot/org/springframework/boot/spring-boot-tx/4.0.0-SNAPSHOT/maven-metadata.xml
2025-07-22 21:03:21,494 [Worker-21: Importing Maven projects] INFO  o.e.m.c.i.e.AbstractTransferListenerAdapter - Downloaded https://repo.spring.io/snapshot/org/springframework/boot/spring-boot-tx/4.0.0-SNAPSHOT/maven-metadata.xml
2025-07-22 21:03:21,802 [Worker-21: Importing Maven projects] INFO  o.e.m.c.i.e.AbstractTransferListenerAdapter - Downloading https://repo.spring.io/snapshot/org/springframework/boot/spring-boot-tx/4.0.0-SNAPSHOT/spring-boot-tx-4.0.0-20250722.131803-135.pom
2025-07-22 21:03:21,812 [Worker-21: Importing Maven projects] INFO  o.e.m.c.i.e.AbstractTransferListenerAdapter - Downloaded https://repo.spring.io/snapshot/org/springframework/boot/spring-boot-tx/4.0.0-SNAPSHOT/spring-boot-tx-4.0.0-20250722.131803-135.pom
2025-07-22 21:03:22,108 [Worker-21: Importing Maven projects] INFO  o.e.m.c.i.e.AbstractTransferListenerAdapter - Downloaded https://repo.spring.io/milestone/jakarta/persistence/jakarta.persistence-api/3.2.0/jakarta.persistence-api-3.2.0.pom
2025-07-22 21:03:22,150 [Worker-21: Importing Maven projects] INFO  o.e.m.c.i.e.AbstractTransferListenerAdapter - Downloading https://repo.maven.apache.org/maven2/jakarta/persistence/jakarta.persistence-api/3.2.0/jakarta.persistence-api-3.2.0.pom
2025-07-22 21:03:22,160 [Worker-21: Importing Maven projects] INFO  o.e.m.c.i.e.AbstractTransferListenerAdapter - Downloaded https://repo.maven.apache.org/maven2/jakarta/persistence/jakarta.persistence-api/3.2.0/jakarta.persistence-api-3.2.0.pom
2025-07-22 21:03:22,518 [Worker-21: Importing Maven projects] INFO  o.e.m.c.i.e.AbstractTransferListenerAdapter - Downloading https://repo.spring.io/milestone/org/springframework/spring-orm/7.0.0-M7/spring-orm-7.0.0-M7.pom
2025-07-22 21:03:22,536 [Worker-21: Importing Maven projects] INFO  o.e.m.c.i.e.AbstractTransferListenerAdapter - Downloaded https://repo.spring.io/milestone/org/springframework/spring-orm/7.0.0-M7/spring-orm-7.0.0-M7.pom
2025-07-22 21:03:22,824 [Worker-21: Importing Maven projects] INFO  o.e.m.c.i.e.AbstractTransferListenerAdapter - Downloaded https://repo.spring.io/milestone/org/hibernate/orm/hibernate-core/7.0.6.Final/hibernate-core-7.0.6.Final.pom
2025-07-22 21:03:22,871 [Worker-21: Importing Maven projects] INFO  o.e.m.c.i.e.AbstractTransferListenerAdapter - Downloading https://repo.maven.apache.org/maven2/org/hibernate/orm/hibernate-core/7.0.6.Final/hibernate-core-7.0.6.Final.pom
2025-07-22 21:03:22,881 [Worker-21: Importing Maven projects] INFO  o.e.m.c.i.e.AbstractTransferListenerAdapter - Downloaded https://repo.maven.apache.org/maven2/org/hibernate/orm/hibernate-core/7.0.6.Final/hibernate-core-7.0.6.Final.pom
2025-07-22 21:03:23,232 [Worker-21: Importing Maven projects] INFO  o.e.m.c.i.e.AbstractTransferListenerAdapter - Downloaded https://repo.spring.io/milestone/org/hibernate/models/hibernate-models/1.0.0/hibernate-models-1.0.0.pom
2025-07-22 21:03:23,278 [Worker-21: Importing Maven projects] INFO  o.e.m.c.i.e.AbstractTransferListenerAdapter - Downloading https://repo.maven.apache.org/maven2/org/hibernate/models/hibernate-models/1.0.0/hibernate-models-1.0.0.pom
2025-07-22 21:03:23,287 [Worker-21: Importing Maven projects] INFO  o.e.m.c.i.e.AbstractTransferListenerAdapter - Downloaded https://repo.maven.apache.org/maven2/org/hibernate/models/hibernate-models/1.0.0/hibernate-models-1.0.0.pom
2025-07-22 21:03:23,644 [Worker-21: Importing Maven projects] INFO  o.e.m.c.i.e.AbstractTransferListenerAdapter - Downloaded https://repo.spring.io/milestone/net/bytebuddy/byte-buddy/1.17.6/byte-buddy-1.17.6.pom
2025-07-22 21:03:23,698 [Worker-21: Importing Maven projects] INFO  o.e.m.c.i.e.AbstractTransferListenerAdapter - Downloading https://repo.maven.apache.org/maven2/net/bytebuddy/byte-buddy/1.17.6/byte-buddy-1.17.6.pom
2025-07-22 21:03:23,709 [Worker-21: Importing Maven projects] INFO  o.e.m.c.i.e.AbstractTransferListenerAdapter - Downloaded https://repo.maven.apache.org/maven2/net/bytebuddy/byte-buddy/1.17.6/byte-buddy-1.17.6.pom
2025-07-22 21:03:24,053 [Worker-21: Importing Maven projects] INFO  o.e.m.c.i.e.AbstractTransferListenerAdapter - Downloaded https://repo.spring.io/milestone/net/bytebuddy/byte-buddy-parent/1.17.6/byte-buddy-parent-1.17.6.pom
2025-07-22 21:03:24,099 [Worker-21: Importing Maven projects] INFO  o.e.m.c.i.e.AbstractTransferListenerAdapter - Downloading https://repo.maven.apache.org/maven2/net/bytebuddy/byte-buddy-parent/1.17.6/byte-buddy-parent-1.17.6.pom
2025-07-22 21:03:24,124 [Worker-21: Importing Maven projects] INFO  o.e.m.c.i.e.AbstractTransferListenerAdapter - Downloaded https://repo.maven.apache.org/maven2/net/bytebuddy/byte-buddy-parent/1.17.6/byte-buddy-parent-1.17.6.pom
2025-07-22 21:03:24,465 [Worker-21: Importing Maven projects] INFO  o.e.m.c.i.e.AbstractTransferListenerAdapter - Downloaded https://repo.spring.io/milestone/org/antlr/antlr4-runtime/4.13.2/antlr4-runtime-4.13.2.pom
2025-07-22 21:03:24,505 [Worker-21: Importing Maven projects] INFO  o.e.m.c.i.e.AbstractTransferListenerAdapter - Downloading https://repo.maven.apache.org/maven2/org/antlr/antlr4-runtime/4.13.2/antlr4-runtime-4.13.2.pom
2025-07-22 21:03:24,519 [Worker-21: Importing Maven projects] INFO  o.e.m.c.i.e.AbstractTransferListenerAdapter - Downloaded https://repo.maven.apache.org/maven2/org/antlr/antlr4-runtime/4.13.2/antlr4-runtime-4.13.2.pom
2025-07-22 21:03:24,871 [Worker-21: Importing Maven projects] INFO  o.e.m.c.i.e.AbstractTransferListenerAdapter - Downloaded https://repo.spring.io/milestone/org/antlr/antlr4-master/4.13.2/antlr4-master-4.13.2.pom
2025-07-22 21:03:24,907 [Worker-21: Importing Maven projects] INFO  o.e.m.c.i.e.AbstractTransferListenerAdapter - Downloading https://repo.maven.apache.org/maven2/org/antlr/antlr4-master/4.13.2/antlr4-master-4.13.2.pom
2025-07-22 21:03:24,920 [Worker-21: Importing Maven projects] INFO  o.e.m.c.i.e.AbstractTransferListenerAdapter - Downloaded https://repo.maven.apache.org/maven2/org/antlr/antlr4-master/4.13.2/antlr4-master-4.13.2.pom
2025-07-22 21:03:25,281 [Worker-21: Importing Maven projects] INFO  o.e.m.c.i.e.AbstractTransferListenerAdapter - Downloaded https://repo.spring.io/milestone/org/springframework/data/spring-data-jpa/4.0.0-M4/spring-data-jpa-4.0.0-M4.pom
2025-07-22 21:03:25,327 [Worker-21: Importing Maven projects] INFO  o.e.m.c.i.e.AbstractTransferListenerAdapter - Downloading https://repo.maven.apache.org/maven2/org/springframework/data/spring-data-jpa/4.0.0-M4/spring-data-jpa-4.0.0-M4.pom
2025-07-22 21:03:25,340 [Worker-21: Importing Maven projects] INFO  o.e.m.c.i.e.AbstractTransferListenerAdapter - Downloaded https://repo.maven.apache.org/maven2/org/springframework/data/spring-data-jpa/4.0.0-M4/spring-data-jpa-4.0.0-M4.pom
2025-07-22 21:03:25,696 [Worker-21: Importing Maven projects] INFO  o.e.m.c.i.e.AbstractTransferListenerAdapter - Downloaded https://repo.spring.io/milestone/org/springframework/data/spring-data-jpa-parent/4.0.0-M4/spring-data-jpa-parent-4.0.0-M4.pom
2025-07-22 21:03:25,734 [Worker-21: Importing Maven projects] INFO  o.e.m.c.i.e.AbstractTransferListenerAdapter - Downloading https://repo.maven.apache.org/maven2/org/springframework/data/spring-data-jpa-parent/4.0.0-M4/spring-data-jpa-parent-4.0.0-M4.pom
2025-07-22 21:03:25,756 [Worker-21: Importing Maven projects] INFO  o.e.m.c.i.e.AbstractTransferListenerAdapter - Downloaded https://repo.maven.apache.org/maven2/org/springframework/data/spring-data-jpa-parent/4.0.0-M4/spring-data-jpa-parent-4.0.0-M4.pom
2025-07-22 21:03:26,100 [Worker-21: Importing Maven projects] INFO  o.e.m.c.i.e.AbstractTransferListenerAdapter - Downloaded https://repo.spring.io/milestone/jakarta/annotation/jakarta.annotation-api/3.0.0/jakarta.annotation-api-3.0.0.pom
2025-07-22 21:03:26,142 [Worker-21: Importing Maven projects] INFO  o.e.m.c.i.e.AbstractTransferListenerAdapter - Downloading https://repo.maven.apache.org/maven2/jakarta/annotation/jakarta.annotation-api/3.0.0/jakarta.annotation-api-3.0.0.pom
2025-07-22 21:03:26,152 [Worker-21: Importing Maven projects] INFO  o.e.m.c.i.e.AbstractTransferListenerAdapter - Downloaded https://repo.maven.apache.org/maven2/jakarta/annotation/jakarta.annotation-api/3.0.0/jakarta.annotation-api-3.0.0.pom
2025-07-22 21:03:26,517 [Worker-21: Importing Maven projects] INFO  o.e.m.c.i.e.AbstractTransferListenerAdapter - Downloading https://repo.spring.io/milestone/org/springframework/spring-aspects/7.0.0-M7/spring-aspects-7.0.0-M7.pom
2025-07-22 21:03:26,524 [Worker-21: Importing Maven projects] INFO  o.e.m.c.i.e.AbstractTransferListenerAdapter - Downloaded https://repo.spring.io/milestone/org/springframework/spring-aspects/7.0.0-M7/spring-aspects-7.0.0-M7.pom
2025-07-22 21:03:26,819 [Worker-21: Importing Maven projects] INFO  o.e.m.c.i.e.AbstractTransferListenerAdapter - Downloaded https://repo.spring.io/milestone/org/aspectj/aspectjweaver/1.9.24/aspectjweaver-1.9.24.pom
2025-07-22 21:03:26,862 [Worker-21: Importing Maven projects] INFO  o.e.m.c.i.e.AbstractTransferListenerAdapter - Downloading https://repo.maven.apache.org/maven2/org/aspectj/aspectjweaver/1.9.24/aspectjweaver-1.9.24.pom
2025-07-22 21:03:26,872 [Worker-21: Importing Maven projects] INFO  o.e.m.c.i.e.AbstractTransferListenerAdapter - Downloaded https://repo.maven.apache.org/maven2/org/aspectj/aspectjweaver/1.9.24/aspectjweaver-1.9.24.pom
2025-07-22 21:03:27,233 [Worker-21: Importing Maven projects] INFO  o.e.m.c.i.e.AbstractTransferListenerAdapter - Downloading https://repo.spring.io/snapshot/org/springframework/boot/spring-boot-starter/4.0.0-SNAPSHOT/maven-metadata.xml
2025-07-22 21:03:27,243 [Worker-21: Importing Maven projects] INFO  o.e.m.c.i.e.AbstractTransferListenerAdapter - Downloaded https://repo.spring.io/snapshot/org/springframework/boot/spring-boot-starter/4.0.0-SNAPSHOT/maven-metadata.xml
2025-07-22 21:03:27,537 [Worker-21: Importing Maven projects] INFO  o.e.m.c.i.e.AbstractTransferListenerAdapter - Downloading https://repo.spring.io/snapshot/org/springframework/boot/spring-boot-starter/4.0.0-SNAPSHOT/spring-boot-starter-4.0.0-20250722.131803-314.pom
2025-07-22 21:03:27,551 [Worker-21: Importing Maven projects] INFO  o.e.m.c.i.e.AbstractTransferListenerAdapter - Downloaded https://repo.spring.io/snapshot/org/springframework/boot/spring-boot-starter/4.0.0-SNAPSHOT/spring-boot-starter-4.0.0-20250722.131803-314.pom
2025-07-22 21:03:27,843 [Worker-21: Importing Maven projects] INFO  o.e.m.c.i.e.AbstractTransferListenerAdapter - Downloading https://repo.spring.io/snapshot/org/springframework/boot/spring-boot-autoconfigure/4.0.0-SNAPSHOT/maven-metadata.xml
2025-07-22 21:03:27,856 [Worker-21: Importing Maven projects] INFO  o.e.m.c.i.e.AbstractTransferListenerAdapter - Downloaded https://repo.spring.io/snapshot/org/springframework/boot/spring-boot-autoconfigure/4.0.0-SNAPSHOT/maven-metadata.xml
2025-07-22 21:03:28,158 [Worker-21: Importing Maven projects] INFO  o.e.m.c.i.e.AbstractTransferListenerAdapter - Downloading https://repo.spring.io/snapshot/org/springframework/boot/spring-boot-autoconfigure/4.0.0-SNAPSHOT/spring-boot-autoconfigure-4.0.0-20250722.131803-314.pom
2025-07-22 21:03:28,167 [Worker-21: Importing Maven projects] INFO  o.e.m.c.i.e.AbstractTransferListenerAdapter - Downloaded https://repo.spring.io/snapshot/org/springframework/boot/spring-boot-autoconfigure/4.0.0-SNAPSHOT/spring-boot-autoconfigure-4.0.0-20250722.131803-314.pom
2025-07-22 21:03:28,461 [Worker-21: Importing Maven projects] INFO  o.e.m.c.i.e.AbstractTransferListenerAdapter - Downloading https://repo.spring.io/snapshot/org/springframework/boot/spring-boot-starter-logging/4.0.0-SNAPSHOT/maven-metadata.xml
2025-07-22 21:03:28,479 [Worker-21: Importing Maven projects] INFO  o.e.m.c.i.e.AbstractTransferListenerAdapter - Downloaded https://repo.spring.io/snapshot/org/springframework/boot/spring-boot-starter-logging/4.0.0-SNAPSHOT/maven-metadata.xml
2025-07-22 21:03:28,771 [Worker-21: Importing Maven projects] INFO  o.e.m.c.i.e.AbstractTransferListenerAdapter - Downloading https://repo.spring.io/snapshot/org/springframework/boot/spring-boot-starter-logging/4.0.0-SNAPSHOT/spring-boot-starter-logging-4.0.0-20250722.131803-314.pom
2025-07-22 21:03:28,785 [Worker-21: Importing Maven projects] INFO  o.e.m.c.i.e.AbstractTransferListenerAdapter - Downloaded https://repo.spring.io/snapshot/org/springframework/boot/spring-boot-starter-logging/4.0.0-SNAPSHOT/spring-boot-starter-logging-4.0.0-20250722.131803-314.pom
2025-07-22 21:03:29,173 [Worker-21: Importing Maven projects] INFO  o.e.m.c.i.e.AbstractTransferListenerAdapter - Downloaded https://repo.spring.io/milestone/org/yaml/snakeyaml/2.4/snakeyaml-2.4.pom
2025-07-22 21:03:29,211 [Worker-21: Importing Maven projects] INFO  o.e.m.c.i.e.AbstractTransferListenerAdapter - Downloading https://repo.maven.apache.org/maven2/org/yaml/snakeyaml/2.4/snakeyaml-2.4.pom
2025-07-22 21:03:29,229 [Worker-21: Importing Maven projects] INFO  o.e.m.c.i.e.AbstractTransferListenerAdapter - Downloaded https://repo.maven.apache.org/maven2/org/yaml/snakeyaml/2.4/snakeyaml-2.4.pom
2025-07-22 21:03:29,590 [Worker-21: Importing Maven projects] INFO  o.e.m.c.i.e.AbstractTransferListenerAdapter - Downloading https://repo.spring.io/snapshot/org/springframework/boot/spring-boot-starter-jdbc/4.0.0-SNAPSHOT/maven-metadata.xml
2025-07-22 21:03:29,599 [Worker-21: Importing Maven projects] INFO  o.e.m.c.i.e.AbstractTransferListenerAdapter - Downloaded https://repo.spring.io/snapshot/org/springframework/boot/spring-boot-starter-jdbc/4.0.0-SNAPSHOT/maven-metadata.xml
2025-07-22 21:03:29,891 [Worker-21: Importing Maven projects] INFO  o.e.m.c.i.e.AbstractTransferListenerAdapter - Downloading https://repo.spring.io/snapshot/org/springframework/boot/spring-boot-starter-jdbc/4.0.0-SNAPSHOT/spring-boot-starter-jdbc-4.0.0-20250722.131803-314.pom
2025-07-22 21:03:29,903 [Worker-21: Importing Maven projects] INFO  o.e.m.c.i.e.AbstractTransferListenerAdapter - Downloaded https://repo.spring.io/snapshot/org/springframework/boot/spring-boot-starter-jdbc/4.0.0-SNAPSHOT/spring-boot-starter-jdbc-4.0.0-20250722.131803-314.pom
2025-07-22 21:03:30,165 [Worker-21: Importing Maven projects] INFO  o.e.m.c.i.e.AbstractTransferListenerAdapter - Downloaded https://repo.spring.io/milestone/com/zaxxer/HikariCP/6.3.0/HikariCP-6.3.0.pom
2025-07-22 21:03:30,209 [Worker-21: Importing Maven projects] INFO  o.e.m.c.i.e.AbstractTransferListenerAdapter - Downloading https://repo.maven.apache.org/maven2/com/zaxxer/HikariCP/6.3.0/HikariCP-6.3.0.pom
2025-07-22 21:03:30,221 [Worker-21: Importing Maven projects] INFO  o.e.m.c.i.e.AbstractTransferListenerAdapter - Downloaded https://repo.maven.apache.org/maven2/com/zaxxer/HikariCP/6.3.0/HikariCP-6.3.0.pom
2025-07-22 21:03:30,511 [Worker-21: Importing Maven projects] INFO  o.e.m.c.i.e.AbstractTransferListenerAdapter - Downloading https://repo.spring.io/snapshot/org/springframework/boot/spring-boot-starter-mail/4.0.0-SNAPSHOT/maven-metadata.xml
2025-07-22 21:03:30,520 [Worker-21: Importing Maven projects] INFO  o.e.m.c.i.e.AbstractTransferListenerAdapter - Downloaded https://repo.spring.io/snapshot/org/springframework/boot/spring-boot-starter-mail/4.0.0-SNAPSHOT/maven-metadata.xml
2025-07-22 21:03:30,778 [Worker-21: Importing Maven projects] INFO  o.e.m.c.i.e.AbstractTransferListenerAdapter - Downloading https://repo.spring.io/snapshot/org/springframework/boot/spring-boot-starter-mail/4.0.0-SNAPSHOT/spring-boot-starter-mail-4.0.0-20250722.131803-314.pom
2025-07-22 21:03:30,793 [Worker-21: Importing Maven projects] INFO  o.e.m.c.i.e.AbstractTransferListenerAdapter - Downloaded https://repo.spring.io/snapshot/org/springframework/boot/spring-boot-starter-mail/4.0.0-SNAPSHOT/spring-boot-starter-mail-4.0.0-20250722.131803-314.pom
2025-07-22 21:03:31,120 [Worker-21: Importing Maven projects] INFO  o.e.m.c.i.e.AbstractTransferListenerAdapter - Downloading https://repo.spring.io/snapshot/org/springframework/boot/spring-boot-mail/4.0.0-SNAPSHOT/maven-metadata.xml
2025-07-22 21:03:31,132 [Worker-21: Importing Maven projects] INFO  o.e.m.c.i.e.AbstractTransferListenerAdapter - Downloaded https://repo.spring.io/snapshot/org/springframework/boot/spring-boot-mail/4.0.0-SNAPSHOT/maven-metadata.xml
2025-07-22 21:03:31,425 [Worker-21: Importing Maven projects] INFO  o.e.m.c.i.e.AbstractTransferListenerAdapter - Downloading https://repo.spring.io/snapshot/org/springframework/boot/spring-boot-mail/4.0.0-SNAPSHOT/spring-boot-mail-4.0.0-20250722.131803-139.pom
2025-07-22 21:03:31,431 [Worker-21: Importing Maven projects] INFO  o.e.m.c.i.e.AbstractTransferListenerAdapter - Downloaded https://repo.spring.io/snapshot/org/springframework/boot/spring-boot-mail/4.0.0-SNAPSHOT/spring-boot-mail-4.0.0-20250722.131803-139.pom
2025-07-22 21:03:31,734 [Worker-21: Importing Maven projects] INFO  o.e.m.c.i.e.AbstractTransferListenerAdapter - Downloading https://repo.spring.io/milestone/org/springframework/spring-context-support/7.0.0-M7/spring-context-support-7.0.0-M7.pom
2025-07-22 21:03:31,746 [Worker-21: Importing Maven projects] INFO  o.e.m.c.i.e.AbstractTransferListenerAdapter - Downloaded https://repo.spring.io/milestone/org/springframework/spring-context-support/7.0.0-M7/spring-context-support-7.0.0-M7.pom
2025-07-22 21:03:32,040 [Worker-21: Importing Maven projects] INFO  o.e.m.c.i.e.AbstractTransferListenerAdapter - Downloading https://repo.spring.io/snapshot/org/springframework/boot/spring-boot-starter-security/4.0.0-SNAPSHOT/maven-metadata.xml
2025-07-22 21:03:32,061 [Worker-21: Importing Maven projects] INFO  o.e.m.c.i.e.AbstractTransferListenerAdapter - Downloaded https://repo.spring.io/snapshot/org/springframework/boot/spring-boot-starter-security/4.0.0-SNAPSHOT/maven-metadata.xml
2025-07-22 21:03:32,354 [Worker-21: Importing Maven projects] INFO  o.e.m.c.i.e.AbstractTransferListenerAdapter - Downloading https://repo.spring.io/snapshot/org/springframework/boot/spring-boot-starter-security/4.0.0-SNAPSHOT/spring-boot-starter-security-4.0.0-20250722.131803-314.pom
2025-07-22 21:03:32,366 [Worker-21: Importing Maven projects] INFO  o.e.m.c.i.e.AbstractTransferListenerAdapter - Downloaded https://repo.spring.io/snapshot/org/springframework/boot/spring-boot-starter-security/4.0.0-SNAPSHOT/spring-boot-starter-security-4.0.0-20250722.131803-314.pom
2025-07-22 21:03:32,668 [Worker-21: Importing Maven projects] INFO  o.e.m.c.i.e.AbstractTransferListenerAdapter - Downloading https://repo.spring.io/snapshot/org/springframework/boot/spring-boot-security/4.0.0-SNAPSHOT/maven-metadata.xml
2025-07-22 21:03:32,681 [Worker-21: Importing Maven projects] INFO  o.e.m.c.i.e.AbstractTransferListenerAdapter - Downloaded https://repo.spring.io/snapshot/org/springframework/boot/spring-boot-security/4.0.0-SNAPSHOT/maven-metadata.xml
2025-07-22 21:03:32,969 [Worker-21: Importing Maven projects] INFO  o.e.m.c.i.e.AbstractTransferListenerAdapter - Downloading https://repo.spring.io/snapshot/org/springframework/boot/spring-boot-security/4.0.0-SNAPSHOT/spring-boot-security-4.0.0-20250722.131803-91.pom
2025-07-22 21:03:32,978 [Worker-21: Importing Maven projects] INFO  o.e.m.c.i.e.AbstractTransferListenerAdapter - Downloaded https://repo.spring.io/snapshot/org/springframework/boot/spring-boot-security/4.0.0-SNAPSHOT/spring-boot-security-4.0.0-20250722.131803-91.pom
2025-07-22 21:03:33,273 [Worker-21: Importing Maven projects] INFO  o.e.m.c.i.e.AbstractTransferListenerAdapter - Downloaded https://repo.spring.io/milestone/org/springframework/security/spring-security-config/7.0.0-M1/spring-security-config-7.0.0-M1.pom
2025-07-22 21:03:33,318 [Worker-21: Importing Maven projects] INFO  o.e.m.c.i.e.AbstractTransferListenerAdapter - Downloading https://repo.maven.apache.org/maven2/org/springframework/security/spring-security-config/7.0.0-M1/spring-security-config-7.0.0-M1.pom
2025-07-22 21:03:33,330 [Worker-21: Importing Maven projects] INFO  o.e.m.c.i.e.AbstractTransferListenerAdapter - Downloaded https://repo.maven.apache.org/maven2/org/springframework/security/spring-security-config/7.0.0-M1/spring-security-config-7.0.0-M1.pom
2025-07-22 21:03:33,592 [Worker-21: Importing Maven projects] INFO  o.e.m.c.i.e.AbstractTransferListenerAdapter - Downloaded https://repo.spring.io/milestone/org/springframework/security/spring-security-core/7.0.0-M1/spring-security-core-7.0.0-M1.pom
2025-07-22 21:03:33,640 [Worker-21: Importing Maven projects] INFO  o.e.m.c.i.e.AbstractTransferListenerAdapter - Downloading https://repo.maven.apache.org/maven2/org/springframework/security/spring-security-core/7.0.0-M1/spring-security-core-7.0.0-M1.pom
2025-07-22 21:03:33,656 [Worker-21: Importing Maven projects] INFO  o.e.m.c.i.e.AbstractTransferListenerAdapter - Downloaded https://repo.maven.apache.org/maven2/org/springframework/security/spring-security-core/7.0.0-M1/spring-security-core-7.0.0-M1.pom
2025-07-22 21:03:33,985 [Worker-21: Importing Maven projects] INFO  o.e.m.c.i.e.AbstractTransferListenerAdapter - Downloaded https://repo.spring.io/milestone/org/springframework/security/spring-security-crypto/7.0.0-M1/spring-security-crypto-7.0.0-M1.pom
2025-07-22 21:03:34,031 [Worker-21: Importing Maven projects] INFO  o.e.m.c.i.e.AbstractTransferListenerAdapter - Downloading https://repo.maven.apache.org/maven2/org/springframework/security/spring-security-crypto/7.0.0-M1/spring-security-crypto-7.0.0-M1.pom
2025-07-22 21:03:34,044 [Worker-21: Importing Maven projects] INFO  o.e.m.c.i.e.AbstractTransferListenerAdapter - Downloaded https://repo.maven.apache.org/maven2/org/springframework/security/spring-security-crypto/7.0.0-M1/spring-security-crypto-7.0.0-M1.pom
2025-07-22 21:03:34,306 [Worker-21: Importing Maven projects] INFO  o.e.m.c.i.e.AbstractTransferListenerAdapter - Downloaded https://repo.spring.io/milestone/org/springframework/security/spring-security-web/7.0.0-M1/spring-security-web-7.0.0-M1.pom
2025-07-22 21:03:34,350 [Worker-21: Importing Maven projects] INFO  o.e.m.c.i.e.AbstractTransferListenerAdapter - Downloading https://repo.maven.apache.org/maven2/org/springframework/security/spring-security-web/7.0.0-M1/spring-security-web-7.0.0-M1.pom
2025-07-22 21:03:34,362 [Worker-21: Importing Maven projects] INFO  o.e.m.c.i.e.AbstractTransferListenerAdapter - Downloaded https://repo.maven.apache.org/maven2/org/springframework/security/spring-security-web/7.0.0-M1/spring-security-web-7.0.0-M1.pom
2025-07-22 21:03:34,709 [Worker-21: Importing Maven projects] INFO  o.e.m.c.i.e.AbstractTransferListenerAdapter - Downloading https://repo.spring.io/snapshot/org/springframework/boot/spring-boot-devtools/4.0.0-SNAPSHOT/maven-metadata.xml
2025-07-22 21:03:34,718 [Worker-21: Importing Maven projects] INFO  o.e.m.c.i.e.AbstractTransferListenerAdapter - Downloaded https://repo.spring.io/snapshot/org/springframework/boot/spring-boot-devtools/4.0.0-SNAPSHOT/maven-metadata.xml
2025-07-22 21:03:35,016 [Worker-21: Importing Maven projects] INFO  o.e.m.c.i.e.AbstractTransferListenerAdapter - Downloading https://repo.spring.io/snapshot/org/springframework/boot/spring-boot-devtools/4.0.0-SNAPSHOT/spring-boot-devtools-4.0.0-20250722.131803-314.pom
2025-07-22 21:03:35,028 [Worker-21: Importing Maven projects] INFO  o.e.m.c.i.e.AbstractTransferListenerAdapter - Downloaded https://repo.spring.io/snapshot/org/springframework/boot/spring-boot-devtools/4.0.0-SNAPSHOT/spring-boot-devtools-4.0.0-20250722.131803-314.pom
2025-07-22 21:03:35,316 [Worker-21: Importing Maven projects] INFO  o.e.m.c.i.e.AbstractTransferListenerAdapter - Downloaded https://repo.spring.io/milestone/com/mysql/mysql-connector-j/9.3.0/mysql-connector-j-9.3.0.pom
2025-07-22 21:03:35,360 [Worker-21: Importing Maven projects] INFO  o.e.m.c.i.e.AbstractTransferListenerAdapter - Downloading https://repo.maven.apache.org/maven2/com/mysql/mysql-connector-j/9.3.0/mysql-connector-j-9.3.0.pom
2025-07-22 21:03:35,369 [Worker-21: Importing Maven projects] INFO  o.e.m.c.i.e.AbstractTransferListenerAdapter - Downloaded https://repo.maven.apache.org/maven2/com/mysql/mysql-connector-j/9.3.0/mysql-connector-j-9.3.0.pom
2025-07-22 21:03:35,728 [Worker-21: Importing Maven projects] INFO  o.e.m.c.i.e.AbstractTransferListenerAdapter - Downloading https://repo.spring.io/snapshot/org/springframework/boot/spring-boot-starter-test/4.0.0-SNAPSHOT/maven-metadata.xml
2025-07-22 21:03:35,741 [Worker-21: Importing Maven projects] INFO  o.e.m.c.i.e.AbstractTransferListenerAdapter - Downloaded https://repo.spring.io/snapshot/org/springframework/boot/spring-boot-starter-test/4.0.0-SNAPSHOT/maven-metadata.xml
2025-07-22 21:03:36,041 [Worker-21: Importing Maven projects] INFO  o.e.m.c.i.e.AbstractTransferListenerAdapter - Downloading https://repo.spring.io/snapshot/org/springframework/boot/spring-boot-starter-test/4.0.0-SNAPSHOT/spring-boot-starter-test-4.0.0-20250722.131803-314.pom
2025-07-22 21:03:36,053 [Worker-21: Importing Maven projects] INFO  o.e.m.c.i.e.AbstractTransferListenerAdapter - Downloaded https://repo.spring.io/snapshot/org/springframework/boot/spring-boot-starter-test/4.0.0-SNAPSHOT/spring-boot-starter-test-4.0.0-20250722.131803-314.pom
2025-07-22 21:03:36,332 [Worker-21: Importing Maven projects] INFO  o.e.m.c.i.e.AbstractTransferListenerAdapter - Downloading https://repo.spring.io/snapshot/org/springframework/boot/spring-boot-test/4.0.0-SNAPSHOT/maven-metadata.xml
2025-07-22 21:03:36,342 [Worker-21: Importing Maven projects] INFO  o.e.m.c.i.e.AbstractTransferListenerAdapter - Downloaded https://repo.spring.io/snapshot/org/springframework/boot/spring-boot-test/4.0.0-SNAPSHOT/maven-metadata.xml
2025-07-22 21:03:36,601 [Worker-21: Importing Maven projects] INFO  o.e.m.c.i.e.AbstractTransferListenerAdapter - Downloading https://repo.spring.io/snapshot/org/springframework/boot/spring-boot-test/4.0.0-SNAPSHOT/spring-boot-test-4.0.0-20250722.131803-314.pom
2025-07-22 21:03:36,608 [Worker-21: Importing Maven projects] INFO  o.e.m.c.i.e.AbstractTransferListenerAdapter - Downloaded https://repo.spring.io/snapshot/org/springframework/boot/spring-boot-test/4.0.0-SNAPSHOT/spring-boot-test-4.0.0-20250722.131803-314.pom
2025-07-22 21:03:36,874 [Worker-21: Importing Maven projects] INFO  o.e.m.c.i.e.AbstractTransferListenerAdapter - Downloading https://repo.spring.io/milestone/org/springframework/spring-test/7.0.0-M7/spring-test-7.0.0-M7.pom
2025-07-22 21:03:36,894 [Worker-21: Importing Maven projects] INFO  o.e.m.c.i.e.AbstractTransferListenerAdapter - Downloaded https://repo.spring.io/milestone/org/springframework/spring-test/7.0.0-M7/spring-test-7.0.0-M7.pom
2025-07-22 21:03:37,160 [Worker-21: Importing Maven projects] INFO  o.e.m.c.i.e.AbstractTransferListenerAdapter - Downloading https://repo.spring.io/snapshot/org/springframework/boot/spring-boot-http-client/4.0.0-SNAPSHOT/maven-metadata.xml
2025-07-22 21:03:37,174 [Worker-21: Importing Maven projects] INFO  o.e.m.c.i.e.AbstractTransferListenerAdapter - Downloaded https://repo.spring.io/snapshot/org/springframework/boot/spring-boot-http-client/4.0.0-SNAPSHOT/maven-metadata.xml
2025-07-22 21:03:37,437 [Worker-21: Importing Maven projects] INFO  o.e.m.c.i.e.AbstractTransferListenerAdapter - Downloading https://repo.spring.io/snapshot/org/springframework/boot/spring-boot-http-client/4.0.0-SNAPSHOT/spring-boot-http-client-4.0.0-20250722.131803-66.pom
2025-07-22 21:03:37,456 [Worker-21: Importing Maven projects] INFO  o.e.m.c.i.e.AbstractTransferListenerAdapter - Downloaded https://repo.spring.io/snapshot/org/springframework/boot/spring-boot-http-client/4.0.0-SNAPSHOT/spring-boot-http-client-4.0.0-20250722.131803-66.pom
2025-07-22 21:03:37,777 [Worker-21: Importing Maven projects] INFO  o.e.m.c.i.e.AbstractTransferListenerAdapter - Downloading https://repo.spring.io/snapshot/org/springframework/boot/spring-boot-http-codec/4.0.0-SNAPSHOT/maven-metadata.xml
2025-07-22 21:03:37,798 [Worker-21: Importing Maven projects] INFO  o.e.m.c.i.e.AbstractTransferListenerAdapter - Downloaded https://repo.spring.io/snapshot/org/springframework/boot/spring-boot-http-codec/4.0.0-SNAPSHOT/maven-metadata.xml
2025-07-22 21:03:38,084 [Worker-21: Importing Maven projects] INFO  o.e.m.c.i.e.AbstractTransferListenerAdapter - Downloading https://repo.spring.io/snapshot/org/springframework/boot/spring-boot-http-codec/4.0.0-SNAPSHOT/spring-boot-http-codec-4.0.0-20250722.131803-87.pom
2025-07-22 21:03:38,104 [Worker-21: Importing Maven projects] INFO  o.e.m.c.i.e.AbstractTransferListenerAdapter - Downloaded https://repo.spring.io/snapshot/org/springframework/boot/spring-boot-http-codec/4.0.0-SNAPSHOT/spring-boot-http-codec-4.0.0-20250722.131803-87.pom
2025-07-22 21:03:38,385 [Worker-21: Importing Maven projects] INFO  o.e.m.c.i.e.AbstractTransferListenerAdapter - Downloading https://repo.spring.io/snapshot/org/springframework/boot/spring-boot-restclient/4.0.0-SNAPSHOT/maven-metadata.xml
2025-07-22 21:03:38,397 [Worker-21: Importing Maven projects] INFO  o.e.m.c.i.e.AbstractTransferListenerAdapter - Downloaded https://repo.spring.io/snapshot/org/springframework/boot/spring-boot-restclient/4.0.0-SNAPSHOT/maven-metadata.xml
2025-07-22 21:03:38,703 [Worker-21: Importing Maven projects] INFO  o.e.m.c.i.e.AbstractTransferListenerAdapter - Downloading https://repo.spring.io/snapshot/org/springframework/boot/spring-boot-restclient/4.0.0-SNAPSHOT/spring-boot-restclient-4.0.0-20250722.131803-56.pom
2025-07-22 21:03:38,713 [Worker-21: Importing Maven projects] INFO  o.e.m.c.i.e.AbstractTransferListenerAdapter - Downloaded https://repo.spring.io/snapshot/org/springframework/boot/spring-boot-restclient/4.0.0-SNAPSHOT/spring-boot-restclient-4.0.0-20250722.131803-56.pom
2025-07-22 21:03:39,005 [Worker-21: Importing Maven projects] INFO  o.e.m.c.i.e.AbstractTransferListenerAdapter - Downloading https://repo.spring.io/snapshot/org/springframework/boot/spring-boot-restclient-test/4.0.0-SNAPSHOT/maven-metadata.xml
2025-07-22 21:03:39,016 [Worker-21: Importing Maven projects] INFO  o.e.m.c.i.e.AbstractTransferListenerAdapter - Downloaded https://repo.spring.io/snapshot/org/springframework/boot/spring-boot-restclient-test/4.0.0-SNAPSHOT/maven-metadata.xml
2025-07-22 21:03:39,310 [Worker-21: Importing Maven projects] INFO  o.e.m.c.i.e.AbstractTransferListenerAdapter - Downloading https://repo.spring.io/snapshot/org/springframework/boot/spring-boot-restclient-test/4.0.0-SNAPSHOT/spring-boot-restclient-test-4.0.0-20250722.131803-56.pom
2025-07-22 21:03:39,324 [Worker-21: Importing Maven projects] INFO  o.e.m.c.i.e.AbstractTransferListenerAdapter - Downloaded https://repo.spring.io/snapshot/org/springframework/boot/spring-boot-restclient-test/4.0.0-SNAPSHOT/spring-boot-restclient-test-4.0.0-20250722.131803-56.pom
2025-07-22 21:03:39,597 [Worker-21: Importing Maven projects] INFO  o.e.m.c.i.e.AbstractTransferListenerAdapter - Downloading https://repo.spring.io/snapshot/org/springframework/boot/spring-boot-test-autoconfigure/4.0.0-SNAPSHOT/maven-metadata.xml
2025-07-22 21:03:39,619 [Worker-21: Importing Maven projects] INFO  o.e.m.c.i.e.AbstractTransferListenerAdapter - Downloaded https://repo.spring.io/snapshot/org/springframework/boot/spring-boot-test-autoconfigure/4.0.0-SNAPSHOT/maven-metadata.xml
2025-07-22 21:03:39,925 [Worker-21: Importing Maven projects] INFO  o.e.m.c.i.e.AbstractTransferListenerAdapter - Downloading https://repo.spring.io/snapshot/org/springframework/boot/spring-boot-test-autoconfigure/4.0.0-SNAPSHOT/spring-boot-test-autoconfigure-4.0.0-20250722.131803-314.pom
2025-07-22 21:03:39,938 [Worker-21: Importing Maven projects] INFO  o.e.m.c.i.e.AbstractTransferListenerAdapter - Downloaded https://repo.spring.io/snapshot/org/springframework/boot/spring-boot-test-autoconfigure/4.0.0-SNAPSHOT/spring-boot-test-autoconfigure-4.0.0-20250722.131803-314.pom
2025-07-22 21:03:40,335 [Worker-21: Importing Maven projects] INFO  o.e.m.c.i.e.AbstractTransferListenerAdapter - Downloading https://repo.spring.io/snapshot/org/springframework/boot/spring-boot-web-server-test/4.0.0-SNAPSHOT/maven-metadata.xml
2025-07-22 21:03:40,355 [Worker-21: Importing Maven projects] INFO  o.e.m.c.i.e.AbstractTransferListenerAdapter - Downloaded https://repo.spring.io/snapshot/org/springframework/boot/spring-boot-web-server-test/4.0.0-SNAPSHOT/maven-metadata.xml
2025-07-22 21:03:40,750 [Worker-21: Importing Maven projects] INFO  o.e.m.c.i.e.AbstractTransferListenerAdapter - Downloading https://repo.spring.io/snapshot/org/springframework/boot/spring-boot-web-server-test/4.0.0-SNAPSHOT/spring-boot-web-server-test-4.0.0-20250722.131803-69.pom
2025-07-22 21:03:40,763 [Worker-21: Importing Maven projects] INFO  o.e.m.c.i.e.AbstractTransferListenerAdapter - Downloaded https://repo.spring.io/snapshot/org/springframework/boot/spring-boot-web-server-test/4.0.0-SNAPSHOT/spring-boot-web-server-test-4.0.0-20250722.131803-69.pom
2025-07-22 21:03:41,056 [Worker-21: Importing Maven projects] INFO  o.e.m.c.i.e.AbstractTransferListenerAdapter - Downloading https://repo.spring.io/snapshot/org/springframework/boot/spring-boot-webclient/4.0.0-SNAPSHOT/maven-metadata.xml
2025-07-22 21:03:41,064 [Worker-21: Importing Maven projects] INFO  o.e.m.c.i.e.AbstractTransferListenerAdapter - Downloaded https://repo.spring.io/snapshot/org/springframework/boot/spring-boot-webclient/4.0.0-SNAPSHOT/maven-metadata.xml
2025-07-22 21:03:41,366 [Worker-21: Importing Maven projects] INFO  o.e.m.c.i.e.AbstractTransferListenerAdapter - Downloading https://repo.spring.io/snapshot/org/springframework/boot/spring-boot-webclient/4.0.0-SNAPSHOT/spring-boot-webclient-4.0.0-20250722.131803-56.pom
2025-07-22 21:03:41,379 [Worker-21: Importing Maven projects] INFO  o.e.m.c.i.e.AbstractTransferListenerAdapter - Downloaded https://repo.spring.io/snapshot/org/springframework/boot/spring-boot-webclient/4.0.0-SNAPSHOT/spring-boot-webclient-4.0.0-20250722.131803-56.pom
2025-07-22 21:03:41,662 [Worker-21: Importing Maven projects] INFO  o.e.m.c.i.e.AbstractTransferListenerAdapter - Downloaded https://repo.spring.io/milestone/org/assertj/assertj-core/3.27.3/assertj-core-3.27.3.pom
2025-07-22 21:03:41,705 [Worker-21: Importing Maven projects] INFO  o.e.m.c.i.e.AbstractTransferListenerAdapter - Downloading https://repo.maven.apache.org/maven2/org/assertj/assertj-core/3.27.3/assertj-core-3.27.3.pom
2025-07-22 21:03:41,713 [Worker-21: Importing Maven projects] INFO  o.e.m.c.i.e.AbstractTransferListenerAdapter - Downloaded https://repo.maven.apache.org/maven2/org/assertj/assertj-core/3.27.3/assertj-core-3.27.3.pom
2025-07-22 21:03:42,075 [Worker-21: Importing Maven projects] INFO  o.e.m.c.i.e.AbstractTransferListenerAdapter - Downloaded https://repo.spring.io/milestone/org/awaitility/awaitility/4.3.0/awaitility-4.3.0.pom
2025-07-22 21:03:42,119 [Worker-21: Importing Maven projects] INFO  o.e.m.c.i.e.AbstractTransferListenerAdapter - Downloading https://repo.maven.apache.org/maven2/org/awaitility/awaitility/4.3.0/awaitility-4.3.0.pom
2025-07-22 21:03:42,130 [Worker-21: Importing Maven projects] INFO  o.e.m.c.i.e.AbstractTransferListenerAdapter - Downloaded https://repo.maven.apache.org/maven2/org/awaitility/awaitility/4.3.0/awaitility-4.3.0.pom
2025-07-22 21:03:42,483 [Worker-21: Importing Maven projects] INFO  o.e.m.c.i.e.AbstractTransferListenerAdapter - Downloaded https://repo.spring.io/milestone/org/awaitility/awaitility-parent/4.3.0/awaitility-parent-4.3.0.pom
2025-07-22 21:03:42,529 [Worker-21: Importing Maven projects] INFO  o.e.m.c.i.e.AbstractTransferListenerAdapter - Downloading https://repo.maven.apache.org/maven2/org/awaitility/awaitility-parent/4.3.0/awaitility-parent-4.3.0.pom
2025-07-22 21:03:42,542 [Worker-21: Importing Maven projects] INFO  o.e.m.c.i.e.AbstractTransferListenerAdapter - Downloaded https://repo.maven.apache.org/maven2/org/awaitility/awaitility-parent/4.3.0/awaitility-parent-4.3.0.pom
2025-07-22 21:03:42,894 [Worker-21: Importing Maven projects] INFO  o.e.m.c.i.e.AbstractTransferListenerAdapter - Downloaded https://repo.spring.io/milestone/org/hamcrest/hamcrest/3.0/hamcrest-3.0.pom
2025-07-22 21:03:42,939 [Worker-21: Importing Maven projects] INFO  o.e.m.c.i.e.AbstractTransferListenerAdapter - Downloading https://repo.maven.apache.org/maven2/org/hamcrest/hamcrest/3.0/hamcrest-3.0.pom
2025-07-22 21:03:42,953 [Worker-21: Importing Maven projects] INFO  o.e.m.c.i.e.AbstractTransferListenerAdapter - Downloaded https://repo.maven.apache.org/maven2/org/hamcrest/hamcrest/3.0/hamcrest-3.0.pom
2025-07-22 21:03:43,216 [Worker-21: Importing Maven projects] INFO  o.e.m.c.i.e.AbstractTransferListenerAdapter - Downloaded https://repo.spring.io/milestone/org/junit/jupiter/junit-jupiter/5.13.3/junit-jupiter-5.13.3.pom
2025-07-22 21:03:43,250 [Worker-21: Importing Maven projects] INFO  o.e.m.c.i.e.AbstractTransferListenerAdapter - Downloading https://repo.maven.apache.org/maven2/org/junit/jupiter/junit-jupiter/5.13.3/junit-jupiter-5.13.3.pom
2025-07-22 21:03:43,261 [Worker-21: Importing Maven projects] INFO  o.e.m.c.i.e.AbstractTransferListenerAdapter - Downloaded https://repo.maven.apache.org/maven2/org/junit/jupiter/junit-jupiter/5.13.3/junit-jupiter-5.13.3.pom
2025-07-22 21:03:43,610 [Worker-21: Importing Maven projects] INFO  o.e.m.c.i.e.AbstractTransferListenerAdapter - Downloaded https://repo.spring.io/milestone/org/junit/jupiter/junit-jupiter-api/5.13.3/junit-jupiter-api-5.13.3.pom
2025-07-22 21:03:43,652 [Worker-21: Importing Maven projects] INFO  o.e.m.c.i.e.AbstractTransferListenerAdapter - Downloading https://repo.maven.apache.org/maven2/org/junit/jupiter/junit-jupiter-api/5.13.3/junit-jupiter-api-5.13.3.pom
2025-07-22 21:03:43,666 [Worker-21: Importing Maven projects] INFO  o.e.m.c.i.e.AbstractTransferListenerAdapter - Downloaded https://repo.maven.apache.org/maven2/org/junit/jupiter/junit-jupiter-api/5.13.3/junit-jupiter-api-5.13.3.pom
2025-07-22 21:03:43,924 [Worker-21: Importing Maven projects] INFO  o.e.m.c.i.e.AbstractTransferListenerAdapter - Downloaded https://repo.spring.io/milestone/org/junit/platform/junit-platform-commons/1.13.3/junit-platform-commons-1.13.3.pom
2025-07-22 21:03:43,962 [Worker-21: Importing Maven projects] INFO  o.e.m.c.i.e.AbstractTransferListenerAdapter - Downloading https://repo.maven.apache.org/maven2/org/junit/platform/junit-platform-commons/1.13.3/junit-platform-commons-1.13.3.pom
2025-07-22 21:03:43,976 [Worker-21: Importing Maven projects] INFO  o.e.m.c.i.e.AbstractTransferListenerAdapter - Downloaded https://repo.maven.apache.org/maven2/org/junit/platform/junit-platform-commons/1.13.3/junit-platform-commons-1.13.3.pom
2025-07-22 21:03:44,325 [Worker-21: Importing Maven projects] INFO  o.e.m.c.i.e.AbstractTransferListenerAdapter - Downloaded https://repo.spring.io/milestone/org/junit/jupiter/junit-jupiter-params/5.13.3/junit-jupiter-params-5.13.3.pom
2025-07-22 21:03:44,367 [Worker-21: Importing Maven projects] INFO  o.e.m.c.i.e.AbstractTransferListenerAdapter - Downloading https://repo.maven.apache.org/maven2/org/junit/jupiter/junit-jupiter-params/5.13.3/junit-jupiter-params-5.13.3.pom
2025-07-22 21:03:44,375 [Worker-21: Importing Maven projects] INFO  o.e.m.c.i.e.AbstractTransferListenerAdapter - Downloaded https://repo.maven.apache.org/maven2/org/junit/jupiter/junit-jupiter-params/5.13.3/junit-jupiter-params-5.13.3.pom
2025-07-22 21:03:44,735 [Worker-21: Importing Maven projects] INFO  o.e.m.c.i.e.AbstractTransferListenerAdapter - Downloaded https://repo.spring.io/milestone/org/junit/jupiter/junit-jupiter-engine/5.13.3/junit-jupiter-engine-5.13.3.pom
2025-07-22 21:03:44,774 [Worker-21: Importing Maven projects] INFO  o.e.m.c.i.e.AbstractTransferListenerAdapter - Downloading https://repo.maven.apache.org/maven2/org/junit/jupiter/junit-jupiter-engine/5.13.3/junit-jupiter-engine-5.13.3.pom
2025-07-22 21:03:44,787 [Worker-21: Importing Maven projects] INFO  o.e.m.c.i.e.AbstractTransferListenerAdapter - Downloaded https://repo.maven.apache.org/maven2/org/junit/jupiter/junit-jupiter-engine/5.13.3/junit-jupiter-engine-5.13.3.pom
2025-07-22 21:03:45,145 [Worker-21: Importing Maven projects] INFO  o.e.m.c.i.e.AbstractTransferListenerAdapter - Downloaded https://repo.spring.io/milestone/org/junit/platform/junit-platform-engine/1.13.3/junit-platform-engine-1.13.3.pom
2025-07-22 21:03:45,190 [Worker-21: Importing Maven projects] INFO  o.e.m.c.i.e.AbstractTransferListenerAdapter - Downloading https://repo.maven.apache.org/maven2/org/junit/platform/junit-platform-engine/1.13.3/junit-platform-engine-1.13.3.pom
2025-07-22 21:03:45,203 [Worker-21: Importing Maven projects] INFO  o.e.m.c.i.e.AbstractTransferListenerAdapter - Downloaded https://repo.maven.apache.org/maven2/org/junit/platform/junit-platform-engine/1.13.3/junit-platform-engine-1.13.3.pom
2025-07-22 21:03:45,555 [Worker-21: Importing Maven projects] INFO  o.e.m.c.i.e.AbstractTransferListenerAdapter - Downloaded https://repo.spring.io/milestone/org/mockito/mockito-core/5.18.0/mockito-core-5.18.0.pom
2025-07-22 21:03:45,597 [Worker-21: Importing Maven projects] INFO  o.e.m.c.i.e.AbstractTransferListenerAdapter - Downloading https://repo.maven.apache.org/maven2/org/mockito/mockito-core/5.18.0/mockito-core-5.18.0.pom
2025-07-22 21:03:45,610 [Worker-21: Importing Maven projects] INFO  o.e.m.c.i.e.AbstractTransferListenerAdapter - Downloaded https://repo.maven.apache.org/maven2/org/mockito/mockito-core/5.18.0/mockito-core-5.18.0.pom
2025-07-22 21:03:45,964 [Worker-21: Importing Maven projects] INFO  o.e.m.c.i.e.AbstractTransferListenerAdapter - Downloaded https://repo.spring.io/milestone/net/bytebuddy/byte-buddy-agent/1.17.6/byte-buddy-agent-1.17.6.pom
2025-07-22 21:03:46,005 [Worker-21: Importing Maven projects] INFO  o.e.m.c.i.e.AbstractTransferListenerAdapter - Downloading https://repo.maven.apache.org/maven2/net/bytebuddy/byte-buddy-agent/1.17.6/byte-buddy-agent-1.17.6.pom
2025-07-22 21:03:46,018 [Worker-21: Importing Maven projects] INFO  o.e.m.c.i.e.AbstractTransferListenerAdapter - Downloaded https://repo.maven.apache.org/maven2/net/bytebuddy/byte-buddy-agent/1.17.6/byte-buddy-agent-1.17.6.pom
2025-07-22 21:03:46,280 [Worker-21: Importing Maven projects] INFO  o.e.m.c.i.e.AbstractTransferListenerAdapter - Downloaded https://repo.spring.io/milestone/org/mockito/mockito-junit-jupiter/5.18.0/mockito-junit-jupiter-5.18.0.pom
2025-07-22 21:03:46,323 [Worker-21: Importing Maven projects] INFO  o.e.m.c.i.e.AbstractTransferListenerAdapter - Downloading https://repo.maven.apache.org/maven2/org/mockito/mockito-junit-jupiter/5.18.0/mockito-junit-jupiter-5.18.0.pom
2025-07-22 21:03:46,334 [Worker-21: Importing Maven projects] INFO  o.e.m.c.i.e.AbstractTransferListenerAdapter - Downloaded https://repo.maven.apache.org/maven2/org/mockito/mockito-junit-jupiter/5.18.0/mockito-junit-jupiter-5.18.0.pom
2025-07-22 21:03:46,683 [Worker-21: Importing Maven projects] INFO  o.e.m.c.i.e.AbstractTransferListenerAdapter - Downloaded https://repo.spring.io/milestone/org/xmlunit/xmlunit-core/2.10.3/xmlunit-core-2.10.3.pom
2025-07-22 21:03:46,772 [Worker-21: Importing Maven projects] INFO  o.e.m.c.i.e.AbstractTransferListenerAdapter - Downloading https://repo.maven.apache.org/maven2/org/xmlunit/xmlunit-core/2.10.3/xmlunit-core-2.10.3.pom
2025-07-22 21:03:46,787 [Worker-21: Importing Maven projects] INFO  o.e.m.c.i.e.AbstractTransferListenerAdapter - Downloaded https://repo.maven.apache.org/maven2/org/xmlunit/xmlunit-core/2.10.3/xmlunit-core-2.10.3.pom
2025-07-22 21:03:47,091 [Worker-21: Importing Maven projects] INFO  o.e.m.c.i.e.AbstractTransferListenerAdapter - Downloaded https://repo.spring.io/milestone/org/xmlunit/xmlunit-parent/2.10.3/xmlunit-parent-2.10.3.pom
2025-07-22 21:03:47,177 [Worker-21: Importing Maven projects] INFO  o.e.m.c.i.e.AbstractTransferListenerAdapter - Downloading https://repo.maven.apache.org/maven2/org/xmlunit/xmlunit-parent/2.10.3/xmlunit-parent-2.10.3.pom
2025-07-22 21:03:47,188 [Worker-21: Importing Maven projects] INFO  o.e.m.c.i.e.AbstractTransferListenerAdapter - Downloaded https://repo.maven.apache.org/maven2/org/xmlunit/xmlunit-parent/2.10.3/xmlunit-parent-2.10.3.pom
2025-07-22 21:03:47,500 [Worker-21: Importing Maven projects] INFO  o.e.m.c.i.e.AbstractTransferListenerAdapter - Downloaded https://repo.spring.io/milestone/org/springframework/security/spring-security-test/7.0.0-M1/spring-security-test-7.0.0-M1.pom
2025-07-22 21:03:47,543 [Worker-21: Importing Maven projects] INFO  o.e.m.c.i.e.AbstractTransferListenerAdapter - Downloading https://repo.maven.apache.org/maven2/org/springframework/security/spring-security-test/7.0.0-M1/spring-security-test-7.0.0-M1.pom
2025-07-22 21:03:47,551 [Worker-21: Importing Maven projects] INFO  o.e.m.c.i.e.AbstractTransferListenerAdapter - Downloaded https://repo.maven.apache.org/maven2/org/springframework/security/spring-security-test/7.0.0-M1/spring-security-test-7.0.0-M1.pom
2025-07-22 21:03:47,911 [Worker-21: Importing Maven projects] INFO  o.e.m.c.i.e.AbstractTransferListenerAdapter - Downloading https://repo.spring.io/snapshot/org/springframework/boot/spring-boot-starter-data-jpa/4.0.0-SNAPSHOT/spring-boot-starter-data-jpa-4.0.0-20250722.131803-314.jar
2025-07-22 21:03:47,928 [Worker-21: Importing Maven projects] INFO  o.e.m.c.i.e.AbstractTransferListenerAdapter - Downloaded https://repo.spring.io/snapshot/org/springframework/boot/spring-boot-starter-data-jpa/4.0.0-SNAPSHOT/spring-boot-starter-data-jpa-4.0.0-20250722.131803-314.jar
2025-07-22 21:03:48,219 [BasicRepositoryConnector-repo.spring.io-2-0] INFO  o.e.m.c.i.e.AbstractTransferListenerAdapter - Downloading https://repo.spring.io/snapshot/org/springframework/boot/spring-boot-data-jpa/4.0.0-SNAPSHOT/spring-boot-data-jpa-4.0.0-20250722.131803-121.jar
2025-07-22 21:03:48,234 [BasicRepositoryConnector-repo.spring.io-2-0] INFO  o.e.m.c.i.e.AbstractTransferListenerAdapter - Downloaded https://repo.spring.io/snapshot/org/springframework/boot/spring-boot-data-jpa/4.0.0-SNAPSHOT/spring-boot-data-jpa-4.0.0-20250722.131803-121.jar
2025-07-22 21:03:48,530 [BasicRepositoryConnector-repo.spring.io-2-0] INFO  o.e.m.c.i.e.AbstractTransferListenerAdapter - Downloading https://repo.spring.io/snapshot/org/springframework/boot/spring-boot-hibernate/4.0.0-SNAPSHOT/spring-boot-hibernate-4.0.0-20250722.131803-56.jar
2025-07-22 21:03:48,544 [BasicRepositoryConnector-repo.spring.io-2-0] INFO  o.e.m.c.i.e.AbstractTransferListenerAdapter - Downloaded https://repo.spring.io/snapshot/org/springframework/boot/spring-boot-hibernate/4.0.0-SNAPSHOT/spring-boot-hibernate-4.0.0-20250722.131803-56.jar
2025-07-22 21:03:48,831 [BasicRepositoryConnector-repo.spring.io-2-4] INFO  o.e.m.c.i.e.AbstractTransferListenerAdapter - Downloading https://repo.spring.io/snapshot/org/springframework/boot/spring-boot-http-converter/4.0.0-SNAPSHOT/spring-boot-http-converter-4.0.0-20250722.131803-66.jar
2025-07-22 21:03:48,833 [BasicRepositoryConnector-repo.spring.io-2-0] INFO  o.e.m.c.i.e.AbstractTransferListenerAdapter - Downloading https://repo.spring.io/snapshot/org/springframework/boot/spring-boot-jpa/4.0.0-SNAPSHOT/spring-boot-jpa-4.0.0-20250722.131803-121.jar
2025-07-22 21:03:48,833 [BasicRepositoryConnector-repo.spring.io-2-1] INFO  o.e.m.c.i.e.AbstractTransferListenerAdapter - Downloading https://repo.spring.io/snapshot/org/springframework/boot/spring-boot-data-commons/4.0.0-SNAPSHOT/spring-boot-data-commons-4.0.0-20250722.131803-56.jar
2025-07-22 21:03:48,839 [BasicRepositoryConnector-repo.spring.io-2-0] INFO  o.e.m.c.i.e.AbstractTransferListenerAdapter - Downloaded https://repo.spring.io/snapshot/org/springframework/boot/spring-boot-jpa/4.0.0-SNAPSHOT/spring-boot-jpa-4.0.0-20250722.131803-121.jar
2025-07-22 21:03:49,141 [BasicRepositoryConnector-repo.spring.io-2-2] INFO  o.e.m.c.i.e.AbstractTransferListenerAdapter - Downloading https://repo.spring.io/snapshot/org/springframework/boot/spring-boot-webmvc/4.0.0-SNAPSHOT/spring-boot-webmvc-4.0.0-20250722.131803-101.jar
2025-07-22 21:03:49,141 [BasicRepositoryConnector-repo.spring.io-2-0] INFO  o.e.m.c.i.e.AbstractTransferListenerAdapter - Downloading https://repo.spring.io/snapshot/org/springframework/boot/spring-boot-starter/4.0.0-SNAPSHOT/spring-boot-starter-4.0.0-20250722.131803-314.jar
2025-07-22 21:03:49,142 [BasicRepositoryConnector-repo.spring.io-2-3] INFO  o.e.m.c.i.e.AbstractTransferListenerAdapter - Downloading https://repo.spring.io/snapshot/org/springframework/boot/spring-boot-servlet/4.0.0-SNAPSHOT/spring-boot-servlet-4.0.0-20250722.131803-56.jar
2025-07-22 21:03:49,152 [BasicRepositoryConnector-repo.spring.io-2-1] INFO  o.e.m.c.i.e.AbstractTransferListenerAdapter - Downloaded https://repo.spring.io/snapshot/org/springframework/boot/spring-boot-data-commons/4.0.0-SNAPSHOT/spring-boot-data-commons-4.0.0-20250722.131803-56.jar
2025-07-22 21:03:49,155 [BasicRepositoryConnector-repo.spring.io-2-4] INFO  o.e.m.c.i.e.AbstractTransferListenerAdapter - Downloaded https://repo.spring.io/snapshot/org/springframework/boot/spring-boot-http-converter/4.0.0-SNAPSHOT/spring-boot-http-converter-4.0.0-20250722.131803-66.jar
2025-07-22 21:03:49,156 [BasicRepositoryConnector-repo.spring.io-2-0] INFO  o.e.m.c.i.e.AbstractTransferListenerAdapter - Downloaded https://repo.spring.io/snapshot/org/springframework/boot/spring-boot-starter/4.0.0-SNAPSHOT/spring-boot-starter-4.0.0-20250722.131803-314.jar
2025-07-22 21:03:49,388 [BasicRepositoryConnector-repo.spring.io-2-4] INFO  o.e.m.c.i.e.AbstractTransferListenerAdapter - Downloading https://repo.spring.io/snapshot/org/springframework/boot/spring-boot-starter-jdbc/4.0.0-SNAPSHOT/spring-boot-starter-jdbc-4.0.0-20250722.131803-314.jar
2025-07-22 21:03:49,400 [BasicRepositoryConnector-repo.spring.io-2-4] INFO  o.e.m.c.i.e.AbstractTransferListenerAdapter - Downloaded https://repo.spring.io/snapshot/org/springframework/boot/spring-boot-starter-jdbc/4.0.0-SNAPSHOT/spring-boot-starter-jdbc-4.0.0-20250722.131803-314.jar
2025-07-22 21:03:49,417 [BasicRepositoryConnector-repo.spring.io-2-1] INFO  o.e.m.c.i.e.AbstractTransferListenerAdapter - Downloading https://repo.spring.io/snapshot/org/springframework/boot/spring-boot-starter-logging/4.0.0-SNAPSHOT/spring-boot-starter-logging-4.0.0-20250722.131803-314.jar
2025-07-22 21:03:49,419 [BasicRepositoryConnector-repo.spring.io-2-0] INFO  o.e.m.c.i.e.AbstractTransferListenerAdapter - Downloading https://repo.spring.io/snapshot/org/springframework/boot/spring-boot-jdbc/4.0.0-SNAPSHOT/spring-boot-jdbc-4.0.0-20250722.131803-135.jar
2025-07-22 21:03:49,428 [BasicRepositoryConnector-repo.spring.io-2-1] INFO  o.e.m.c.i.e.AbstractTransferListenerAdapter - Downloaded https://repo.spring.io/snapshot/org/springframework/boot/spring-boot-starter-logging/4.0.0-SNAPSHOT/spring-boot-starter-logging-4.0.0-20250722.131803-314.jar
2025-07-22 21:03:49,653 [BasicRepositoryConnector-repo.spring.io-2-4] INFO  o.e.m.c.i.e.AbstractTransferListenerAdapter - Downloading https://repo.spring.io/snapshot/org/springframework/boot/spring-boot-sql/4.0.0-SNAPSHOT/spring-boot-sql-4.0.0-20250722.131803-84.jar
2025-07-22 21:03:49,660 [BasicRepositoryConnector-repo.spring.io-2-3] INFO  o.e.m.c.i.e.AbstractTransferListenerAdapter - Downloaded https://repo.spring.io/snapshot/org/springframework/boot/spring-boot-servlet/4.0.0-SNAPSHOT/spring-boot-servlet-4.0.0-20250722.131803-56.jar
2025-07-22 21:03:49,688 [BasicRepositoryConnector-repo.spring.io-2-1] INFO  o.e.m.c.i.e.AbstractTransferListenerAdapter - Downloading https://repo.spring.io/snapshot/org/springframework/boot/spring-boot-tx/4.0.0-SNAPSHOT/spring-boot-tx-4.0.0-20250722.131803-135.jar
2025-07-22 21:03:49,696 [BasicRepositoryConnector-repo.spring.io-2-1] INFO  o.e.m.c.i.e.AbstractTransferListenerAdapter - Downloaded https://repo.spring.io/snapshot/org/springframework/boot/spring-boot-tx/4.0.0-SNAPSHOT/spring-boot-tx-4.0.0-20250722.131803-135.jar
2025-07-22 21:03:49,973 [BasicRepositoryConnector-repo.spring.io-2-3] INFO  o.e.m.c.i.e.AbstractTransferListenerAdapter - Downloading https://repo.spring.io/snapshot/org/springframework/boot/spring-boot-starter-mail/4.0.0-SNAPSHOT/spring-boot-starter-mail-4.0.0-20250722.131803-314.jar
2025-07-22 21:03:49,973 [BasicRepositoryConnector-repo.spring.io-2-1] INFO  o.e.m.c.i.e.AbstractTransferListenerAdapter - Downloading https://repo.spring.io/snapshot/org/springframework/boot/spring-boot-mail/4.0.0-SNAPSHOT/spring-boot-mail-4.0.0-20250722.131803-139.jar
2025-07-22 21:03:49,978 [BasicRepositoryConnector-repo.spring.io-2-4] INFO  o.e.m.c.i.e.AbstractTransferListenerAdapter - Downloaded https://repo.spring.io/snapshot/org/springframework/boot/spring-boot-sql/4.0.0-SNAPSHOT/spring-boot-sql-4.0.0-20250722.131803-84.jar
2025-07-22 21:03:49,979 [BasicRepositoryConnector-repo.spring.io-2-2] INFO  o.e.m.c.i.e.AbstractTransferListenerAdapter - Downloaded https://repo.spring.io/snapshot/org/springframework/boot/spring-boot-webmvc/4.0.0-SNAPSHOT/spring-boot-webmvc-4.0.0-20250722.131803-101.jar
2025-07-22 21:03:49,983 [BasicRepositoryConnector-repo.spring.io-2-3] INFO  o.e.m.c.i.e.AbstractTransferListenerAdapter - Downloaded https://repo.spring.io/snapshot/org/springframework/boot/spring-boot-starter-mail/4.0.0-SNAPSHOT/spring-boot-starter-mail-4.0.0-20250722.131803-314.jar
2025-07-22 21:03:49,983 [BasicRepositoryConnector-repo.spring.io-2-0] INFO  o.e.m.c.i.e.AbstractTransferListenerAdapter - Downloaded https://repo.spring.io/snapshot/org/springframework/boot/spring-boot-jdbc/4.0.0-SNAPSHOT/spring-boot-jdbc-4.0.0-20250722.131803-135.jar
2025-07-22 21:03:49,985 [BasicRepositoryConnector-repo.spring.io-2-1] INFO  o.e.m.c.i.e.AbstractTransferListenerAdapter - Downloaded https://repo.spring.io/snapshot/org/springframework/boot/spring-boot-mail/4.0.0-SNAPSHOT/spring-boot-mail-4.0.0-20250722.131803-139.jar
2025-07-22 21:03:50,271 [BasicRepositoryConnector-repo.spring.io-2-2] INFO  o.e.m.c.i.e.AbstractTransferListenerAdapter - Downloading https://repo.spring.io/snapshot/org/springframework/boot/spring-boot-security/4.0.0-SNAPSHOT/spring-boot-security-4.0.0-20250722.131803-91.jar
2025-07-22 21:03:50,271 [BasicRepositoryConnector-repo.spring.io-2-4] INFO  o.e.m.c.i.e.AbstractTransferListenerAdapter - Downloading https://repo.spring.io/snapshot/org/springframework/boot/spring-boot-starter-security/4.0.0-SNAPSHOT/spring-boot-starter-security-4.0.0-20250722.131803-314.jar
2025-07-22 21:03:50,288 [BasicRepositoryConnector-repo.spring.io-2-4] INFO  o.e.m.c.i.e.AbstractTransferListenerAdapter - Downloaded https://repo.spring.io/snapshot/org/springframework/boot/spring-boot-starter-security/4.0.0-SNAPSHOT/spring-boot-starter-security-4.0.0-20250722.131803-314.jar
2025-07-22 21:03:50,289 [BasicRepositoryConnector-repo.spring.io-2-2] INFO  o.e.m.c.i.e.AbstractTransferListenerAdapter - Downloaded https://repo.spring.io/snapshot/org/springframework/boot/spring-boot-security/4.0.0-SNAPSHOT/spring-boot-security-4.0.0-20250722.131803-91.jar
2025-07-22 21:03:50,576 [BasicRepositoryConnector-repo.spring.io-2-4] INFO  o.e.m.c.i.e.AbstractTransferListenerAdapter - Downloading https://repo.spring.io/snapshot/org/springframework/boot/spring-boot-starter-test/4.0.0-SNAPSHOT/spring-boot-starter-test-4.0.0-20250722.131803-314.jar
2025-07-22 21:03:50,578 [BasicRepositoryConnector-repo.spring.io-2-2] INFO  o.e.m.c.i.e.AbstractTransferListenerAdapter - Downloading https://repo.spring.io/snapshot/org/springframework/boot/spring-boot-test/4.0.0-SNAPSHOT/spring-boot-test-4.0.0-20250722.131803-314.jar
2025-07-22 21:03:50,592 [BasicRepositoryConnector-repo.spring.io-2-4] INFO  o.e.m.c.i.e.AbstractTransferListenerAdapter - Downloaded https://repo.spring.io/snapshot/org/springframework/boot/spring-boot-starter-test/4.0.0-SNAPSHOT/spring-boot-starter-test-4.0.0-20250722.131803-314.jar
2025-07-22 21:03:50,831 [BasicRepositoryConnector-repo.spring.io-2-2] INFO  o.e.m.c.i.e.AbstractTransferListenerAdapter - Downloaded https://repo.spring.io/snapshot/org/springframework/boot/spring-boot-test/4.0.0-SNAPSHOT/spring-boot-test-4.0.0-20250722.131803-314.jar
2025-07-22 21:03:50,853 [BasicRepositoryConnector-repo.spring.io-2-4] INFO  o.e.m.c.i.e.AbstractTransferListenerAdapter - Downloading https://repo.spring.io/snapshot/org/springframework/boot/spring-boot-http-client/4.0.0-SNAPSHOT/spring-boot-http-client-4.0.0-20250722.131803-66.jar
2025-07-22 21:03:50,868 [BasicRepositoryConnector-repo.spring.io-2-4] INFO  o.e.m.c.i.e.AbstractTransferListenerAdapter - Downloaded https://repo.spring.io/snapshot/org/springframework/boot/spring-boot-http-client/4.0.0-SNAPSHOT/spring-boot-http-client-4.0.0-20250722.131803-66.jar
2025-07-22 21:03:51,189 [BasicRepositoryConnector-repo.spring.io-2-4] INFO  o.e.m.c.i.e.AbstractTransferListenerAdapter - Downloading https://repo.spring.io/snapshot/org/springframework/boot/spring-boot-restclient/4.0.0-SNAPSHOT/spring-boot-restclient-4.0.0-20250722.131803-56.jar
2025-07-22 21:03:51,192 [BasicRepositoryConnector-repo.spring.io-2-2] INFO  o.e.m.c.i.e.AbstractTransferListenerAdapter - Downloading https://repo.spring.io/snapshot/org/springframework/boot/spring-boot-http-codec/4.0.0-SNAPSHOT/spring-boot-http-codec-4.0.0-20250722.131803-87.jar
2025-07-22 21:03:51,208 [BasicRepositoryConnector-repo.spring.io-2-2] INFO  o.e.m.c.i.e.AbstractTransferListenerAdapter - Downloaded https://repo.spring.io/snapshot/org/springframework/boot/spring-boot-http-codec/4.0.0-SNAPSHOT/spring-boot-http-codec-4.0.0-20250722.131803-87.jar
2025-07-22 21:03:51,208 [BasicRepositoryConnector-repo.spring.io-2-4] INFO  o.e.m.c.i.e.AbstractTransferListenerAdapter - Downloaded https://repo.spring.io/snapshot/org/springframework/boot/spring-boot-restclient/4.0.0-SNAPSHOT/spring-boot-restclient-4.0.0-20250722.131803-56.jar
2025-07-22 21:03:51,257 [BasicRepositoryConnector-repo.spring.io-2-1] INFO  o.e.m.c.i.e.AbstractTransferListenerAdapter - Downloading https://repo.spring.io/snapshot/org/springframework/boot/spring-boot-autoconfigure/4.0.0-SNAPSHOT/spring-boot-autoconfigure-4.0.0-20250722.131803-314.jar
2025-07-22 21:03:51,289 [BasicRepositoryConnector-repo.spring.io-2-0] INFO  o.e.m.c.i.e.AbstractTransferListenerAdapter - Downloading https://repo.spring.io/snapshot/org/springframework/boot/spring-boot/4.0.0-SNAPSHOT/spring-boot-4.0.0-20250722.131803-314.jar
2025-07-22 21:03:51,312 [BasicRepositoryConnector-repo.spring.io-2-3] INFO  o.e.m.c.i.e.AbstractTransferListenerAdapter - Downloading https://repo.spring.io/snapshot/org/springframework/boot/spring-boot-devtools/4.0.0-SNAPSHOT/spring-boot-devtools-4.0.0-20250722.131803-314.jar
2025-07-22 21:03:51,495 [BasicRepositoryConnector-repo.spring.io-2-2] INFO  o.e.m.c.i.e.AbstractTransferListenerAdapter - Downloading https://repo.spring.io/snapshot/org/springframework/boot/spring-boot-restclient-test/4.0.0-SNAPSHOT/spring-boot-restclient-test-4.0.0-20250722.131803-56.jar
2025-07-22 21:03:51,507 [BasicRepositoryConnector-repo.spring.io-2-2] INFO  o.e.m.c.i.e.AbstractTransferListenerAdapter - Downloaded https://repo.spring.io/snapshot/org/springframework/boot/spring-boot-restclient-test/4.0.0-SNAPSHOT/spring-boot-restclient-test-4.0.0-20250722.131803-56.jar
2025-07-22 21:03:51,763 [BasicRepositoryConnector-repo.spring.io-2-2] INFO  o.e.m.c.i.e.AbstractTransferListenerAdapter - Downloading https://repo.spring.io/snapshot/org/springframework/boot/spring-boot-web-server-test/4.0.0-SNAPSHOT/spring-boot-web-server-test-4.0.0-20250722.131803-69.jar
2025-07-22 21:03:51,780 [BasicRepositoryConnector-repo.spring.io-2-2] INFO  o.e.m.c.i.e.AbstractTransferListenerAdapter - Downloaded https://repo.spring.io/snapshot/org/springframework/boot/spring-boot-web-server-test/4.0.0-SNAPSHOT/spring-boot-web-server-test-4.0.0-20250722.131803-69.jar
2025-07-22 21:03:52,041 [BasicRepositoryConnector-repo.spring.io-2-2] INFO  o.e.m.c.i.e.AbstractTransferListenerAdapter - Downloading https://repo.spring.io/snapshot/org/springframework/boot/spring-boot-webclient/4.0.0-SNAPSHOT/spring-boot-webclient-4.0.0-20250722.131803-56.jar
2025-07-22 21:03:52,054 [BasicRepositoryConnector-repo.spring.io-2-2] INFO  o.e.m.c.i.e.AbstractTransferListenerAdapter - Downloaded https://repo.spring.io/snapshot/org/springframework/boot/spring-boot-webclient/4.0.0-SNAPSHOT/spring-boot-webclient-4.0.0-20250722.131803-56.jar
2025-07-22 21:03:52,320 [BasicRepositoryConnector-repo.spring.io-2-4] INFO  o.e.m.c.i.e.AbstractTransferListenerAdapter - Downloading https://repo.spring.io/snapshot/org/springframework/boot/spring-boot-test-autoconfigure/4.0.0-SNAPSHOT/spring-boot-test-autoconfigure-4.0.0-20250722.131803-314.jar
2025-07-22 21:03:52,596 [BasicRepositoryConnector-repo.spring.io-2-3] INFO  o.e.m.c.i.e.AbstractTransferListenerAdapter - Downloaded https://repo.spring.io/snapshot/org/springframework/boot/spring-boot-devtools/4.0.0-SNAPSHOT/spring-boot-devtools-4.0.0-20250722.131803-314.jar
2025-07-22 21:03:53,558 [BasicRepositoryConnector-repo.spring.io-2-4] INFO  o.e.m.c.i.e.AbstractTransferListenerAdapter - Downloaded https://repo.spring.io/snapshot/org/springframework/boot/spring-boot-test-autoconfigure/4.0.0-SNAPSHOT/spring-boot-test-autoconfigure-4.0.0-20250722.131803-314.jar
2025-07-22 21:03:53,562 [BasicRepositoryConnector-repo.spring.io-2-1] INFO  o.e.m.c.i.e.AbstractTransferListenerAdapter - Downloaded https://repo.spring.io/snapshot/org/springframework/boot/spring-boot-autoconfigure/4.0.0-SNAPSHOT/spring-boot-autoconfigure-4.0.0-20250722.131803-314.jar
2025-07-22 21:03:53,563 [BasicRepositoryConnector-repo.spring.io-2-0] INFO  o.e.m.c.i.e.AbstractTransferListenerAdapter - Downloaded https://repo.spring.io/snapshot/org/springframework/boot/spring-boot/4.0.0-SNAPSHOT/spring-boot-4.0.0-20250722.131803-314.jar
2025-07-22 21:03:54,569 [Worker-21: Importing Maven projects] INFO  o.e.m.c.i.e.AbstractTransferListenerAdapter - Downloading https://repo.spring.io/milestone/org/springframework/spring-webmvc/7.0.0-M7/spring-webmvc-7.0.0-M7.jar
2025-07-22 21:03:55,497 [Worker-21: Importing Maven projects] INFO  o.e.m.c.i.e.AbstractTransferListenerAdapter - Downloaded https://repo.spring.io/milestone/org/springframework/spring-webmvc/7.0.0-M7/spring-webmvc-7.0.0-M7.jar
2025-07-22 21:03:55,793 [BasicRepositoryConnector-repo.spring.io-3-3] INFO  o.e.m.c.i.e.AbstractTransferListenerAdapter - Downloaded https://repo.spring.io/milestone/org/hibernate/models/hibernate-models/1.0.0/hibernate-models-1.0.0.jar
2025-07-22 21:03:55,793 [BasicRepositoryConnector-repo.spring.io-3-1] INFO  o.e.m.c.i.e.AbstractTransferListenerAdapter - Downloaded https://repo.spring.io/milestone/jakarta/persistence/jakarta.persistence-api/3.2.0/jakarta.persistence-api-3.2.0.jar
2025-07-22 21:03:55,794 [BasicRepositoryConnector-repo.spring.io-3-2] INFO  o.e.m.c.i.e.AbstractTransferListenerAdapter - Downloaded https://repo.spring.io/milestone/org/hibernate/orm/hibernate-core/7.0.6.Final/hibernate-core-7.0.6.Final.jar
2025-07-22 21:03:55,794 [BasicRepositoryConnector-repo.spring.io-3-0] INFO  o.e.m.c.i.e.AbstractTransferListenerAdapter - Downloaded https://repo.spring.io/milestone/org/springframework/data/spring-data-commons/4.0.0-M4/spring-data-commons-4.0.0-M4.jar
2025-07-22 21:03:55,794 [BasicRepositoryConnector-repo.spring.io-3-4] INFO  o.e.m.c.i.e.AbstractTransferListenerAdapter - Downloading https://repo.spring.io/milestone/org/springframework/spring-orm/7.0.0-M7/spring-orm-7.0.0-M7.jar
2025-07-22 21:03:56,102 [BasicRepositoryConnector-repo.spring.io-3-1] INFO  o.e.m.c.i.e.AbstractTransferListenerAdapter - Downloaded https://repo.spring.io/milestone/org/springframework/data/spring-data-jpa/4.0.0-M4/spring-data-jpa-4.0.0-M4.jar
2025-07-22 21:03:56,104 [BasicRepositoryConnector-repo.spring.io-3-2] INFO  o.e.m.c.i.e.AbstractTransferListenerAdapter - Downloaded https://repo.spring.io/milestone/org/antlr/antlr4-runtime/4.13.2/antlr4-runtime-4.13.2.jar
2025-07-22 21:03:56,111 [BasicRepositoryConnector-repo.spring.io-3-0] INFO  o.e.m.c.i.e.AbstractTransferListenerAdapter - Downloading https://repo.spring.io/milestone/org/springframework/spring-aspects/7.0.0-M7/spring-aspects-7.0.0-M7.jar
2025-07-22 21:03:56,408 [BasicRepositoryConnector-repo.spring.io-3-1] INFO  o.e.m.c.i.e.AbstractTransferListenerAdapter - Downloaded https://repo.spring.io/milestone/org/aspectj/aspectjweaver/1.9.24/aspectjweaver-1.9.24.jar
2025-07-22 21:03:56,410 [BasicRepositoryConnector-repo.spring.io-3-2] INFO  o.e.m.c.i.e.AbstractTransferListenerAdapter - Downloaded https://repo.spring.io/milestone/jakarta/annotation/jakarta.annotation-api/3.0.0/jakarta.annotation-api-3.0.0.jar
2025-07-22 21:03:56,430 [BasicRepositoryConnector-repo.spring.io-3-3] INFO  o.e.m.c.i.e.AbstractTransferListenerAdapter - Downloading https://repo.spring.io/milestone/org/springframework/spring-tx/7.0.0-M7/spring-tx-7.0.0-M7.jar
2025-07-22 21:03:56,717 [BasicRepositoryConnector-repo.spring.io-3-1] INFO  o.e.m.c.i.e.AbstractTransferListenerAdapter - Downloaded https://repo.spring.io/milestone/org/yaml/snakeyaml/2.4/snakeyaml-2.4.jar
2025-07-22 21:03:56,723 [BasicRepositoryConnector-repo.spring.io-3-0] INFO  o.e.m.c.i.e.AbstractTransferListenerAdapter - Downloaded https://repo.spring.io/milestone/org/springframework/spring-aspects/7.0.0-M7/spring-aspects-7.0.0-M7.jar
2025-07-22 21:03:56,736 [BasicRepositoryConnector-repo.spring.io-3-4] INFO  o.e.m.c.i.e.AbstractTransferListenerAdapter - Downloaded https://repo.spring.io/milestone/org/springframework/spring-orm/7.0.0-M7/spring-orm-7.0.0-M7.jar
2025-07-22 21:03:57,021 [BasicRepositoryConnector-repo.spring.io-3-1] INFO  o.e.m.c.i.e.AbstractTransferListenerAdapter - Downloaded https://repo.spring.io/milestone/com/zaxxer/HikariCP/6.3.0/HikariCP-6.3.0.jar
2025-07-22 21:03:57,023 [BasicRepositoryConnector-repo.spring.io-3-0] INFO  o.e.m.c.i.e.AbstractTransferListenerAdapter - Downloading https://repo.spring.io/milestone/org/springframework/spring-context-support/7.0.0-M7/spring-context-support-7.0.0-M7.jar
2025-07-22 21:03:57,026 [BasicRepositoryConnector-repo.spring.io-3-4] INFO  o.e.m.c.i.e.AbstractTransferListenerAdapter - Downloaded https://repo.spring.io/milestone/org/springframework/security/spring-security-config/7.0.0-M1/spring-security-config-7.0.0-M1.jar
2025-07-22 21:03:57,052 [BasicRepositoryConnector-repo.spring.io-3-2] INFO  o.e.m.c.i.e.AbstractTransferListenerAdapter - Downloading https://repo.spring.io/milestone/org/springframework/spring-jdbc/7.0.0-M7/spring-jdbc-7.0.0-M7.jar
2025-07-22 21:03:57,340 [BasicRepositoryConnector-repo.spring.io-3-0] INFO  o.e.m.c.i.e.AbstractTransferListenerAdapter - Downloaded https://repo.spring.io/milestone/org/springframework/spring-context-support/7.0.0-M7/spring-context-support-7.0.0-M7.jar
2025-07-22 21:03:57,346 [BasicRepositoryConnector-repo.spring.io-3-3] INFO  o.e.m.c.i.e.AbstractTransferListenerAdapter - Downloaded https://repo.spring.io/milestone/org/springframework/spring-tx/7.0.0-M7/spring-tx-7.0.0-M7.jar
2025-07-22 21:03:57,636 [BasicRepositoryConnector-repo.spring.io-3-3] INFO  o.e.m.c.i.e.AbstractTransferListenerAdapter - Downloaded https://repo.spring.io/milestone/com/mysql/mysql-connector-j/9.3.0/mysql-connector-j-9.3.0.jar
2025-07-22 21:03:57,642 [BasicRepositoryConnector-repo.spring.io-3-1] INFO  o.e.m.c.i.e.AbstractTransferListenerAdapter - Downloading https://repo.spring.io/milestone/org/springframework/spring-aop/7.0.0-M7/spring-aop-7.0.0-M7.jar
2025-07-22 21:03:57,647 [BasicRepositoryConnector-repo.spring.io-3-4] INFO  o.e.m.c.i.e.AbstractTransferListenerAdapter - Downloading https://repo.spring.io/milestone/org/springframework/spring-beans/7.0.0-M7/spring-beans-7.0.0-M7.jar
2025-07-22 21:03:57,946 [BasicRepositoryConnector-repo.spring.io-3-3] INFO  o.e.m.c.i.e.AbstractTransferListenerAdapter - Downloaded https://repo.spring.io/milestone/org/assertj/assertj-core/3.27.3/assertj-core-3.27.3.jar
2025-07-22 21:03:57,957 [BasicRepositoryConnector-repo.spring.io-3-0] INFO  o.e.m.c.i.e.AbstractTransferListenerAdapter - Downloading https://repo.spring.io/milestone/org/springframework/spring-context/7.0.0-M7/spring-context-7.0.0-M7.jar
2025-07-22 21:03:58,259 [BasicRepositoryConnector-repo.spring.io-3-3] INFO  o.e.m.c.i.e.AbstractTransferListenerAdapter - Downloaded https://repo.spring.io/milestone/net/bytebuddy/byte-buddy/1.17.6/byte-buddy-1.17.6.jar
2025-07-22 21:03:58,277 [BasicRepositoryConnector-repo.spring.io-3-2] INFO  o.e.m.c.i.e.AbstractTransferListenerAdapter - Downloaded https://repo.spring.io/milestone/org/springframework/spring-jdbc/7.0.0-M7/spring-jdbc-7.0.0-M7.jar
2025-07-22 21:03:58,567 [BasicRepositoryConnector-repo.spring.io-3-3] INFO  o.e.m.c.i.e.AbstractTransferListenerAdapter - Downloaded https://repo.spring.io/milestone/org/awaitility/awaitility/4.3.0/awaitility-4.3.0.jar
2025-07-22 21:03:58,581 [BasicRepositoryConnector-repo.spring.io-3-2] INFO  o.e.m.c.i.e.AbstractTransferListenerAdapter - Downloaded https://repo.spring.io/milestone/org/hamcrest/hamcrest/3.0/hamcrest-3.0.jar
2025-07-22 21:03:58,867 [BasicRepositoryConnector-repo.spring.io-3-3] INFO  o.e.m.c.i.e.AbstractTransferListenerAdapter - Downloaded https://repo.spring.io/milestone/org/junit/jupiter/junit-jupiter/5.13.3/junit-jupiter-5.13.3.jar
2025-07-22 21:03:58,878 [BasicRepositoryConnector-repo.spring.io-3-2] INFO  o.e.m.c.i.e.AbstractTransferListenerAdapter - Downloaded https://repo.spring.io/milestone/org/junit/jupiter/junit-jupiter-api/5.13.3/junit-jupiter-api-5.13.3.jar
2025-07-22 21:03:58,886 [BasicRepositoryConnector-repo.spring.io-3-1] INFO  o.e.m.c.i.e.AbstractTransferListenerAdapter - Downloaded https://repo.spring.io/milestone/org/springframework/spring-aop/7.0.0-M7/spring-aop-7.0.0-M7.jar
2025-07-22 21:03:59,111 [BasicRepositoryConnector-repo.spring.io-3-3] INFO  o.e.m.c.i.e.AbstractTransferListenerAdapter - Downloaded https://repo.spring.io/milestone/org/junit/platform/junit-platform-commons/1.13.3/junit-platform-commons-1.13.3.jar
2025-07-22 21:03:59,133 [BasicRepositoryConnector-repo.spring.io-3-2] INFO  o.e.m.c.i.e.AbstractTransferListenerAdapter - Downloaded https://repo.spring.io/milestone/org/junit/jupiter/junit-jupiter-params/5.13.3/junit-jupiter-params-5.13.3.jar
2025-07-22 21:03:59,141 [BasicRepositoryConnector-repo.spring.io-3-1] INFO  o.e.m.c.i.e.AbstractTransferListenerAdapter - Downloaded https://repo.spring.io/milestone/org/junit/jupiter/junit-jupiter-engine/5.13.3/junit-jupiter-engine-5.13.3.jar
2025-07-22 21:03:59,366 [BasicRepositoryConnector-repo.spring.io-3-3] INFO  o.e.m.c.i.e.AbstractTransferListenerAdapter - Downloaded https://repo.spring.io/milestone/org/junit/platform/junit-platform-engine/1.13.3/junit-platform-engine-1.13.3.jar
2025-07-22 21:03:59,381 [BasicRepositoryConnector-repo.spring.io-3-1] INFO  o.e.m.c.i.e.AbstractTransferListenerAdapter - Downloaded https://repo.spring.io/milestone/net/bytebuddy/byte-buddy-agent/1.17.6/byte-buddy-agent-1.17.6.jar
2025-07-22 21:03:59,396 [BasicRepositoryConnector-repo.spring.io-3-2] INFO  o.e.m.c.i.e.AbstractTransferListenerAdapter - Downloaded https://repo.spring.io/milestone/org/mockito/mockito-core/5.18.0/mockito-core-5.18.0.jar
2025-07-22 21:03:59,681 [BasicRepositoryConnector-repo.spring.io-3-3] INFO  o.e.m.c.i.e.AbstractTransferListenerAdapter - Downloaded https://repo.spring.io/milestone/org/mockito/mockito-junit-jupiter/5.18.0/mockito-junit-jupiter-5.18.0.jar
2025-07-22 21:03:59,681 [BasicRepositoryConnector-repo.spring.io-3-2] INFO  o.e.m.c.i.e.AbstractTransferListenerAdapter - Downloaded https://repo.spring.io/milestone/commons-logging/commons-logging/1.3.5/commons-logging-1.3.5.jar
2025-07-22 21:03:59,989 [BasicRepositoryConnector-repo.spring.io-3-3] INFO  o.e.m.c.i.e.AbstractTransferListenerAdapter - Downloaded https://repo.spring.io/milestone/org/jspecify/jspecify/1.0.0/jspecify-1.0.0.jar
2025-07-22 21:04:00,005 [BasicRepositoryConnector-repo.spring.io-3-1] INFO  o.e.m.c.i.e.AbstractTransferListenerAdapter - Downloading https://repo.spring.io/milestone/org/springframework/spring-core/7.0.0-M7/spring-core-7.0.0-M7.jar
2025-07-22 21:04:00,025 [BasicRepositoryConnector-repo.spring.io-3-0] INFO  o.e.m.c.i.e.AbstractTransferListenerAdapter - Downloaded https://repo.spring.io/milestone/org/springframework/spring-context/7.0.0-M7/spring-context-7.0.0-M7.jar
2025-07-22 21:04:00,294 [BasicRepositoryConnector-repo.spring.io-3-3] INFO  o.e.m.c.i.e.AbstractTransferListenerAdapter - Downloaded https://repo.spring.io/milestone/org/xmlunit/xmlunit-core/2.10.3/xmlunit-core-2.10.3.jar
2025-07-22 21:04:00,303 [BasicRepositoryConnector-repo.spring.io-3-2] INFO  o.e.m.c.i.e.AbstractTransferListenerAdapter - Downloading https://repo.spring.io/milestone/org/springframework/spring-test/7.0.0-M7/spring-test-7.0.0-M7.jar
2025-07-22 21:04:00,303 [BasicRepositoryConnector-repo.spring.io-3-0] INFO  o.e.m.c.i.e.AbstractTransferListenerAdapter - Downloaded https://repo.spring.io/milestone/org/springframework/security/spring-security-test/7.0.0-M1/spring-security-test-7.0.0-M1.jar
2025-07-22 21:04:00,530 [BasicRepositoryConnector-repo.spring.io-3-3] INFO  o.e.m.c.i.e.AbstractTransferListenerAdapter - Downloaded https://repo.spring.io/milestone/org/springframework/security/spring-security-core/7.0.0-M1/spring-security-core-7.0.0-M1.jar
2025-07-22 21:04:00,563 [BasicRepositoryConnector-repo.spring.io-3-0] INFO  o.e.m.c.i.e.AbstractTransferListenerAdapter - Downloaded https://repo.spring.io/milestone/org/springframework/security/spring-security-crypto/7.0.0-M1/spring-security-crypto-7.0.0-M1.jar
2025-07-22 21:04:00,837 [BasicRepositoryConnector-repo.spring.io-3-0] INFO  o.e.m.c.i.e.AbstractTransferListenerAdapter - Downloaded https://repo.spring.io/milestone/io/micrometer/micrometer-observation/1.16.0-M1/micrometer-observation-1.16.0-M1.jar
2025-07-22 21:04:01,131 [BasicRepositoryConnector-repo.spring.io-3-0] INFO  o.e.m.c.i.e.AbstractTransferListenerAdapter - Downloaded https://repo.spring.io/milestone/io/micrometer/micrometer-commons/1.16.0-M1/micrometer-commons-1.16.0-M1.jar
2025-07-22 21:04:01,131 [BasicRepositoryConnector-repo.spring.io-3-3] INFO  o.e.m.c.i.e.AbstractTransferListenerAdapter - Downloading https://repo.spring.io/milestone/org/springframework/spring-expression/7.0.0-M7/spring-expression-7.0.0-M7.jar
2025-07-22 21:04:01,479 [BasicRepositoryConnector-repo.spring.io-3-0] INFO  o.e.m.c.i.e.AbstractTransferListenerAdapter - Downloaded https://repo.spring.io/milestone/org/springframework/security/spring-security-web/7.0.0-M1/spring-security-web-7.0.0-M1.jar
2025-07-22 21:04:01,757 [BasicRepositoryConnector-repo.spring.io-3-4] INFO  o.e.m.c.i.e.AbstractTransferListenerAdapter - Downloaded https://repo.spring.io/milestone/org/springframework/spring-beans/7.0.0-M7/spring-beans-7.0.0-M7.jar
2025-07-22 21:04:02,357 [BasicRepositoryConnector-repo.spring.io-3-0] INFO  o.e.m.c.i.e.AbstractTransferListenerAdapter - Downloading https://repo.spring.io/milestone/org/springframework/spring-web/7.0.0-M7/spring-web-7.0.0-M7.jar
2025-07-22 21:04:02,361 [BasicRepositoryConnector-repo.spring.io-3-3] INFO  o.e.m.c.i.e.AbstractTransferListenerAdapter - Downloaded https://repo.spring.io/milestone/org/springframework/spring-expression/7.0.0-M7/spring-expression-7.0.0-M7.jar
2025-07-22 21:04:04,818 [BasicRepositoryConnector-repo.spring.io-3-2] INFO  o.e.m.c.i.e.AbstractTransferListenerAdapter - Downloaded https://repo.spring.io/milestone/org/springframework/spring-test/7.0.0-M7/spring-test-7.0.0-M7.jar
2025-07-22 21:04:05,441 [BasicRepositoryConnector-repo.spring.io-3-1] INFO  o.e.m.c.i.e.AbstractTransferListenerAdapter - Downloaded https://repo.spring.io/milestone/org/springframework/spring-core/7.0.0-M7/spring-core-7.0.0-M7.jar
2025-07-22 21:04:15,771 [BasicRepositoryConnector-repo.spring.io-3-0] INFO  o.e.m.c.i.e.AbstractTransferListenerAdapter - Downloaded https://repo.spring.io/milestone/org/springframework/spring-web/7.0.0-M7/spring-web-7.0.0-M7.jar
2025-07-22 21:04:16,077 [Worker-21: Importing Maven projects] INFO  o.e.m.c.i.e.AbstractTransferListenerAdapter - Downloading https://repo.maven.apache.org/maven2/org/springframework/data/spring-data-commons/4.0.0-M4/spring-data-commons-4.0.0-M4.jar
2025-07-22 21:04:16,280 [Worker-21: Importing Maven projects] INFO  o.e.m.c.i.e.AbstractTransferListenerAdapter - Downloaded https://repo.maven.apache.org/maven2/org/springframework/data/spring-data-commons/4.0.0-M4/spring-data-commons-4.0.0-M4.jar
2025-07-22 21:04:16,359 [BasicRepositoryConnector-repo.maven.apache.org-4-2] INFO  o.e.m.c.i.e.AbstractTransferListenerAdapter - Downloading https://repo.maven.apache.org/maven2/org/hibernate/models/hibernate-models/1.0.0/hibernate-models-1.0.0.jar
2025-07-22 21:04:16,470 [BasicRepositoryConnector-repo.maven.apache.org-4-2] INFO  o.e.m.c.i.e.AbstractTransferListenerAdapter - Downloaded https://repo.maven.apache.org/maven2/org/hibernate/models/hibernate-models/1.0.0/hibernate-models-1.0.0.jar
2025-07-22 21:04:16,570 [BasicRepositoryConnector-repo.maven.apache.org-4-2] INFO  o.e.m.c.i.e.AbstractTransferListenerAdapter - Downloading https://repo.maven.apache.org/maven2/org/aspectj/aspectjweaver/1.9.24/aspectjweaver-1.9.24.jar
2025-07-22 21:04:16,570 [BasicRepositoryConnector-repo.maven.apache.org-4-0] INFO  o.e.m.c.i.e.AbstractTransferListenerAdapter - Downloading https://repo.maven.apache.org/maven2/jakarta/persistence/jakarta.persistence-api/3.2.0/jakarta.persistence-api-3.2.0.jar
2025-07-22 21:04:16,605 [BasicRepositoryConnector-repo.maven.apache.org-4-1] INFO  o.e.m.c.i.e.AbstractTransferListenerAdapter - Downloading https://repo.maven.apache.org/maven2/org/hibernate/orm/hibernate-core/7.0.6.Final/hibernate-core-7.0.6.Final.jar
2025-07-22 21:04:16,605 [BasicRepositoryConnector-repo.maven.apache.org-4-4] INFO  o.e.m.c.i.e.AbstractTransferListenerAdapter - Downloading https://repo.maven.apache.org/maven2/org/antlr/antlr4-runtime/4.13.2/antlr4-runtime-4.13.2.jar
2025-07-22 21:04:16,605 [BasicRepositoryConnector-repo.maven.apache.org-4-3] INFO  o.e.m.c.i.e.AbstractTransferListenerAdapter - Downloading https://repo.maven.apache.org/maven2/org/springframework/data/spring-data-jpa/4.0.0-M4/spring-data-jpa-4.0.0-M4.jar
2025-07-22 21:04:16,654 [BasicRepositoryConnector-repo.maven.apache.org-4-0] INFO  o.e.m.c.i.e.AbstractTransferListenerAdapter - Downloaded https://repo.maven.apache.org/maven2/jakarta/persistence/jakarta.persistence-api/3.2.0/jakarta.persistence-api-3.2.0.jar
2025-07-22 21:04:16,684 [BasicRepositoryConnector-repo.maven.apache.org-4-0] INFO  o.e.m.c.i.e.AbstractTransferListenerAdapter - Downloading https://repo.maven.apache.org/maven2/jakarta/annotation/jakarta.annotation-api/3.0.0/jakarta.annotation-api-3.0.0.jar
2025-07-22 21:04:16,700 [BasicRepositoryConnector-repo.maven.apache.org-4-0] INFO  o.e.m.c.i.e.AbstractTransferListenerAdapter - Downloaded https://repo.maven.apache.org/maven2/jakarta/annotation/jakarta.annotation-api/3.0.0/jakarta.annotation-api-3.0.0.jar
2025-07-22 21:04:16,715 [BasicRepositoryConnector-repo.maven.apache.org-4-4] INFO  o.e.m.c.i.e.AbstractTransferListenerAdapter - Downloaded https://repo.maven.apache.org/maven2/org/antlr/antlr4-runtime/4.13.2/antlr4-runtime-4.13.2.jar
2025-07-22 21:04:16,794 [BasicRepositoryConnector-repo.maven.apache.org-4-0] INFO  o.e.m.c.i.e.AbstractTransferListenerAdapter - Downloading https://repo.maven.apache.org/maven2/org/yaml/snakeyaml/2.4/snakeyaml-2.4.jar
2025-07-22 21:04:16,843 [BasicRepositoryConnector-repo.maven.apache.org-4-4] INFO  o.e.m.c.i.e.AbstractTransferListenerAdapter - Downloading https://repo.maven.apache.org/maven2/com/zaxxer/HikariCP/6.3.0/HikariCP-6.3.0.jar
2025-07-22 21:04:16,857 [BasicRepositoryConnector-repo.maven.apache.org-4-4] INFO  o.e.m.c.i.e.AbstractTransferListenerAdapter - Downloaded https://repo.maven.apache.org/maven2/com/zaxxer/HikariCP/6.3.0/HikariCP-6.3.0.jar
2025-07-22 21:04:16,864 [BasicRepositoryConnector-repo.maven.apache.org-4-0] INFO  o.e.m.c.i.e.AbstractTransferListenerAdapter - Downloaded https://repo.maven.apache.org/maven2/org/yaml/snakeyaml/2.4/snakeyaml-2.4.jar
2025-07-22 21:04:16,891 [BasicRepositoryConnector-repo.maven.apache.org-4-4] INFO  o.e.m.c.i.e.AbstractTransferListenerAdapter - Downloading https://repo.maven.apache.org/maven2/org/springframework/security/spring-security-config/7.0.0-M1/spring-security-config-7.0.0-M1.jar
2025-07-22 21:04:16,896 [BasicRepositoryConnector-repo.maven.apache.org-4-0] INFO  o.e.m.c.i.e.AbstractTransferListenerAdapter - Downloading https://repo.maven.apache.org/maven2/com/mysql/mysql-connector-j/9.3.0/mysql-connector-j-9.3.0.jar
2025-07-22 21:04:17,054 [BasicRepositoryConnector-repo.maven.apache.org-4-3] INFO  o.e.m.c.i.e.AbstractTransferListenerAdapter - Downloaded https://repo.maven.apache.org/maven2/org/springframework/data/spring-data-jpa/4.0.0-M4/spring-data-jpa-4.0.0-M4.jar
2025-07-22 21:04:17,158 [BasicRepositoryConnector-repo.maven.apache.org-4-3] INFO  o.e.m.c.i.e.AbstractTransferListenerAdapter - Downloading https://repo.maven.apache.org/maven2/org/assertj/assertj-core/3.27.3/assertj-core-3.27.3.jar
2025-07-22 21:04:17,455 [BasicRepositoryConnector-repo.maven.apache.org-4-3] INFO  o.e.m.c.i.e.AbstractTransferListenerAdapter - Downloaded https://repo.maven.apache.org/maven2/org/assertj/assertj-core/3.27.3/assertj-core-3.27.3.jar
2025-07-22 21:04:17,458 [BasicRepositoryConnector-repo.maven.apache.org-4-4] INFO  o.e.m.c.i.e.AbstractTransferListenerAdapter - Downloaded https://repo.maven.apache.org/maven2/org/springframework/security/spring-security-config/7.0.0-M1/spring-security-config-7.0.0-M1.jar
2025-07-22 21:04:17,489 [BasicRepositoryConnector-repo.maven.apache.org-4-4] INFO  o.e.m.c.i.e.AbstractTransferListenerAdapter - Downloading https://repo.maven.apache.org/maven2/org/awaitility/awaitility/4.3.0/awaitility-4.3.0.jar
2025-07-22 21:04:17,489 [BasicRepositoryConnector-repo.maven.apache.org-4-3] INFO  o.e.m.c.i.e.AbstractTransferListenerAdapter - Downloading https://repo.maven.apache.org/maven2/net/bytebuddy/byte-buddy/1.17.6/byte-buddy-1.17.6.jar
2025-07-22 21:04:17,489 [BasicRepositoryConnector-repo.maven.apache.org-4-0] INFO  o.e.m.c.i.e.AbstractTransferListenerAdapter - Downloaded https://repo.maven.apache.org/maven2/com/mysql/mysql-connector-j/9.3.0/mysql-connector-j-9.3.0.jar
2025-07-22 21:04:17,548 [BasicRepositoryConnector-repo.maven.apache.org-4-4] INFO  o.e.m.c.i.e.AbstractTransferListenerAdapter - Downloaded https://repo.maven.apache.org/maven2/org/awaitility/awaitility/4.3.0/awaitility-4.3.0.jar
2025-07-22 21:04:17,609 [BasicRepositoryConnector-repo.maven.apache.org-4-0] INFO  o.e.m.c.i.e.AbstractTransferListenerAdapter - Downloading https://repo.maven.apache.org/maven2/org/hamcrest/hamcrest/3.0/hamcrest-3.0.jar
2025-07-22 21:04:17,655 [BasicRepositoryConnector-repo.maven.apache.org-4-0] INFO  o.e.m.c.i.e.AbstractTransferListenerAdapter - Downloaded https://repo.maven.apache.org/maven2/org/hamcrest/hamcrest/3.0/hamcrest-3.0.jar
2025-07-22 21:04:17,656 [BasicRepositoryConnector-repo.maven.apache.org-4-4] INFO  o.e.m.c.i.e.AbstractTransferListenerAdapter - Downloading https://repo.maven.apache.org/maven2/org/junit/jupiter/junit-jupiter/5.13.3/junit-jupiter-5.13.3.jar
2025-07-22 21:04:17,662 [BasicRepositoryConnector-repo.maven.apache.org-4-4] INFO  o.e.m.c.i.e.AbstractTransferListenerAdapter - Downloaded https://repo.maven.apache.org/maven2/org/junit/jupiter/junit-jupiter/5.13.3/junit-jupiter-5.13.3.jar
2025-07-22 21:04:17,719 [BasicRepositoryConnector-repo.maven.apache.org-4-0] INFO  o.e.m.c.i.e.AbstractTransferListenerAdapter - Downloading https://repo.maven.apache.org/maven2/org/junit/jupiter/junit-jupiter-api/5.13.3/junit-jupiter-api-5.13.3.jar
2025-07-22 21:04:17,737 [BasicRepositoryConnector-repo.maven.apache.org-4-4] INFO  o.e.m.c.i.e.AbstractTransferListenerAdapter - Downloading https://repo.maven.apache.org/maven2/org/junit/platform/junit-platform-commons/1.13.3/junit-platform-commons-1.13.3.jar
2025-07-22 21:04:17,815 [BasicRepositoryConnector-repo.maven.apache.org-4-4] INFO  o.e.m.c.i.e.AbstractTransferListenerAdapter - Downloaded https://repo.maven.apache.org/maven2/org/junit/platform/junit-platform-commons/1.13.3/junit-platform-commons-1.13.3.jar
2025-07-22 21:04:17,818 [BasicRepositoryConnector-repo.maven.apache.org-4-0] INFO  o.e.m.c.i.e.AbstractTransferListenerAdapter - Downloaded https://repo.maven.apache.org/maven2/org/junit/jupiter/junit-jupiter-api/5.13.3/junit-jupiter-api-5.13.3.jar
2025-07-22 21:04:17,845 [BasicRepositoryConnector-repo.maven.apache.org-4-0] INFO  o.e.m.c.i.e.AbstractTransferListenerAdapter - Downloading https://repo.maven.apache.org/maven2/org/junit/jupiter/junit-jupiter-engine/5.13.3/junit-jupiter-engine-5.13.3.jar
2025-07-22 21:04:17,849 [BasicRepositoryConnector-repo.maven.apache.org-4-4] INFO  o.e.m.c.i.e.AbstractTransferListenerAdapter - Downloading https://repo.maven.apache.org/maven2/org/junit/jupiter/junit-jupiter-params/5.13.3/junit-jupiter-params-5.13.3.jar
2025-07-22 21:04:17,911 [BasicRepositoryConnector-repo.maven.apache.org-4-0] INFO  o.e.m.c.i.e.AbstractTransferListenerAdapter - Downloaded https://repo.maven.apache.org/maven2/org/junit/jupiter/junit-jupiter-engine/5.13.3/junit-jupiter-engine-5.13.3.jar
2025-07-22 21:04:17,941 [BasicRepositoryConnector-repo.maven.apache.org-4-0] INFO  o.e.m.c.i.e.AbstractTransferListenerAdapter - Downloading https://repo.maven.apache.org/maven2/org/junit/platform/junit-platform-engine/1.13.3/junit-platform-engine-1.13.3.jar
2025-07-22 21:04:17,988 [BasicRepositoryConnector-repo.maven.apache.org-4-0] INFO  o.e.m.c.i.e.AbstractTransferListenerAdapter - Downloaded https://repo.maven.apache.org/maven2/org/junit/platform/junit-platform-engine/1.13.3/junit-platform-engine-1.13.3.jar
2025-07-22 21:04:18,004 [BasicRepositoryConnector-repo.maven.apache.org-4-4] INFO  o.e.m.c.i.e.AbstractTransferListenerAdapter - Downloaded https://repo.maven.apache.org/maven2/org/junit/jupiter/junit-jupiter-params/5.13.3/junit-jupiter-params-5.13.3.jar
2025-07-22 21:04:18,037 [BasicRepositoryConnector-repo.maven.apache.org-4-0] INFO  o.e.m.c.i.e.AbstractTransferListenerAdapter - Downloading https://repo.maven.apache.org/maven2/org/mockito/mockito-core/5.18.0/mockito-core-5.18.0.jar
2025-07-22 21:04:18,037 [BasicRepositoryConnector-repo.maven.apache.org-4-4] INFO  o.e.m.c.i.e.AbstractTransferListenerAdapter - Downloading https://repo.maven.apache.org/maven2/net/bytebuddy/byte-buddy-agent/1.17.6/byte-buddy-agent-1.17.6.jar
2025-07-22 21:04:18,083 [BasicRepositoryConnector-repo.maven.apache.org-4-4] INFO  o.e.m.c.i.e.AbstractTransferListenerAdapter - Downloaded https://repo.maven.apache.org/maven2/net/bytebuddy/byte-buddy-agent/1.17.6/byte-buddy-agent-1.17.6.jar
2025-07-22 21:04:18,127 [BasicRepositoryConnector-repo.maven.apache.org-4-4] INFO  o.e.m.c.i.e.AbstractTransferListenerAdapter - Downloading https://repo.maven.apache.org/maven2/org/mockito/mockito-junit-jupiter/5.18.0/mockito-junit-jupiter-5.18.0.jar
2025-07-22 21:04:18,131 [BasicRepositoryConnector-repo.maven.apache.org-4-2] INFO  o.e.m.c.i.e.AbstractTransferListenerAdapter - Downloaded https://repo.maven.apache.org/maven2/org/aspectj/aspectjweaver/1.9.24/aspectjweaver-1.9.24.jar
2025-07-22 21:04:18,131 [BasicRepositoryConnector-repo.maven.apache.org-4-4] INFO  o.e.m.c.i.e.AbstractTransferListenerAdapter - Downloaded https://repo.maven.apache.org/maven2/org/mockito/mockito-junit-jupiter/5.18.0/mockito-junit-jupiter-5.18.0.jar
2025-07-22 21:04:18,163 [BasicRepositoryConnector-repo.maven.apache.org-4-0] INFO  o.e.m.c.i.e.AbstractTransferListenerAdapter - Downloaded https://repo.maven.apache.org/maven2/org/mockito/mockito-core/5.18.0/mockito-core-5.18.0.jar
2025-07-22 21:04:18,163 [BasicRepositoryConnector-repo.maven.apache.org-4-2] INFO  o.e.m.c.i.e.AbstractTransferListenerAdapter - Downloading https://repo.maven.apache.org/maven2/commons-logging/commons-logging/1.3.5/commons-logging-1.3.5.jar
2025-07-22 21:04:18,173 [BasicRepositoryConnector-repo.maven.apache.org-4-4] INFO  o.e.m.c.i.e.AbstractTransferListenerAdapter - Downloading https://repo.maven.apache.org/maven2/org/jspecify/jspecify/1.0.0/jspecify-1.0.0.jar
2025-07-22 21:04:18,178 [BasicRepositoryConnector-repo.maven.apache.org-4-2] INFO  o.e.m.c.i.e.AbstractTransferListenerAdapter - Downloaded https://repo.maven.apache.org/maven2/commons-logging/commons-logging/1.3.5/commons-logging-1.3.5.jar
2025-07-22 21:04:18,178 [BasicRepositoryConnector-repo.maven.apache.org-4-4] INFO  o.e.m.c.i.e.AbstractTransferListenerAdapter - Downloaded https://repo.maven.apache.org/maven2/org/jspecify/jspecify/1.0.0/jspecify-1.0.0.jar
2025-07-22 21:04:18,194 [BasicRepositoryConnector-repo.maven.apache.org-4-0] INFO  o.e.m.c.i.e.AbstractTransferListenerAdapter - Downloading https://repo.maven.apache.org/maven2/org/xmlunit/xmlunit-core/2.10.3/xmlunit-core-2.10.3.jar
2025-07-22 21:04:18,210 [BasicRepositoryConnector-repo.maven.apache.org-4-4] INFO  o.e.m.c.i.e.AbstractTransferListenerAdapter - Downloading https://repo.maven.apache.org/maven2/org/springframework/security/spring-security-core/7.0.0-M1/spring-security-core-7.0.0-M1.jar
2025-07-22 21:04:18,210 [BasicRepositoryConnector-repo.maven.apache.org-4-2] INFO  o.e.m.c.i.e.AbstractTransferListenerAdapter - Downloading https://repo.maven.apache.org/maven2/org/springframework/security/spring-security-test/7.0.0-M1/spring-security-test-7.0.0-M1.jar
2025-07-22 21:04:18,241 [BasicRepositoryConnector-repo.maven.apache.org-4-0] INFO  o.e.m.c.i.e.AbstractTransferListenerAdapter - Downloaded https://repo.maven.apache.org/maven2/org/xmlunit/xmlunit-core/2.10.3/xmlunit-core-2.10.3.jar
2025-07-22 21:04:18,273 [BasicRepositoryConnector-repo.maven.apache.org-4-0] INFO  o.e.m.c.i.e.AbstractTransferListenerAdapter - Downloading https://repo.maven.apache.org/maven2/org/springframework/security/spring-security-crypto/7.0.0-M1/spring-security-crypto-7.0.0-M1.jar
2025-07-22 21:04:18,306 [BasicRepositoryConnector-repo.maven.apache.org-4-2] INFO  o.e.m.c.i.e.AbstractTransferListenerAdapter - Downloaded https://repo.maven.apache.org/maven2/org/springframework/security/spring-security-test/7.0.0-M1/spring-security-test-7.0.0-M1.jar
2025-07-22 21:04:18,306 [BasicRepositoryConnector-repo.maven.apache.org-4-0] INFO  o.e.m.c.i.e.AbstractTransferListenerAdapter - Downloaded https://repo.maven.apache.org/maven2/org/springframework/security/spring-security-crypto/7.0.0-M1/spring-security-crypto-7.0.0-M1.jar
2025-07-22 21:04:18,323 [BasicRepositoryConnector-repo.maven.apache.org-4-4] INFO  o.e.m.c.i.e.AbstractTransferListenerAdapter - Downloaded https://repo.maven.apache.org/maven2/org/springframework/security/spring-security-core/7.0.0-M1/spring-security-core-7.0.0-M1.jar
2025-07-22 21:04:18,337 [BasicRepositoryConnector-repo.maven.apache.org-4-0] INFO  o.e.m.c.i.e.AbstractTransferListenerAdapter - Downloading https://repo.maven.apache.org/maven2/io/micrometer/micrometer-commons/1.16.0-M1/micrometer-commons-1.16.0-M1.jar
2025-07-22 21:04:18,338 [BasicRepositoryConnector-repo.maven.apache.org-4-2] INFO  o.e.m.c.i.e.AbstractTransferListenerAdapter - Downloading https://repo.maven.apache.org/maven2/io/micrometer/micrometer-observation/1.16.0-M1/micrometer-observation-1.16.0-M1.jar
2025-07-22 21:04:18,353 [BasicRepositoryConnector-repo.maven.apache.org-4-0] INFO  o.e.m.c.i.e.AbstractTransferListenerAdapter - Downloaded https://repo.maven.apache.org/maven2/io/micrometer/micrometer-commons/1.16.0-M1/micrometer-commons-1.16.0-M1.jar
2025-07-22 21:04:18,353 [BasicRepositoryConnector-repo.maven.apache.org-4-4] INFO  o.e.m.c.i.e.AbstractTransferListenerAdapter - Downloading https://repo.maven.apache.org/maven2/org/springframework/security/spring-security-web/7.0.0-M1/spring-security-web-7.0.0-M1.jar
2025-07-22 21:04:18,355 [BasicRepositoryConnector-repo.maven.apache.org-4-2] INFO  o.e.m.c.i.e.AbstractTransferListenerAdapter - Downloaded https://repo.maven.apache.org/maven2/io/micrometer/micrometer-observation/1.16.0-M1/micrometer-observation-1.16.0-M1.jar
2025-07-22 21:04:18,605 [BasicRepositoryConnector-repo.maven.apache.org-4-1] INFO  o.e.m.c.i.e.AbstractTransferListenerAdapter - Downloaded https://repo.maven.apache.org/maven2/org/hibernate/orm/hibernate-core/7.0.6.Final/hibernate-core-7.0.6.Final.jar
2025-07-22 21:04:18,775 [BasicRepositoryConnector-repo.maven.apache.org-4-4] INFO  o.e.m.c.i.e.AbstractTransferListenerAdapter - Downloaded https://repo.maven.apache.org/maven2/org/springframework/security/spring-security-web/7.0.0-M1/spring-security-web-7.0.0-M1.jar
2025-07-22 21:04:21,619 [BasicRepositoryConnector-repo.maven.apache.org-4-3] INFO  o.e.m.c.i.e.AbstractTransferListenerAdapter - Downloaded https://repo.maven.apache.org/maven2/net/bytebuddy/byte-buddy/1.17.6/byte-buddy-1.17.6.jar
2025-07-22 21:04:22,299 [Worker-21: Importing Maven projects] INFO  o.e.m.c.i.l.LifecycleMappingFactory - Using org.eclipse.m2e.jdt.JarLifecycleMapping lifecycle mapping for MavenProject: com.fsad:circleup-backend:0.0.1-SNAPSHOT @ E:\socappback\circleup-backend\pom.xml.
2025-07-22 21:04:23,153 [Worker-21: Importing Maven projects] INFO  o.e.m.c.i.l.LifecycleMappingFactory - Using org.eclipse.m2e.jdt.JarLifecycleMapping lifecycle mapping for MavenProject: com.chat:chat-microservice:0.0.1-SNAPSHOT @ E:\socappback\microservice\pom.xml.
2025-07-22 21:04:23,730 [Worker-21: Importing Maven projects] INFO  o.e.m.c.i.l.LifecycleMappingFactory - Using org.maven.ide.eclipse.wtp.WarLifecycleMapping lifecycle mapping for MavenProject: com.example:backend:0.0.1-SNAPSHOT @ E:\socappback\backend\pom.xml.
2025-07-22 21:04:24,030 [Worker-21: Importing Maven projects] INFO  o.e.m.c.i.l.LifecycleMappingFactory - Using org.eclipse.m2e.jdt.JarLifecycleMapping lifecycle mapping for MavenProject: com.example:demo:0.0.1-SNAPSHOT @ D:\demo\pom.xml.
2025-07-22 21:04:29,370 [Worker-21: Importing Maven projects] INFO  o.e.m.j.i.AbstractJavaProjectConfigurator - Adding source folder /demo/src/main/java
2025-07-22 21:04:29,370 [Worker-21: Importing Maven projects] INFO  o.e.m.j.i.AbstractJavaProjectConfigurator - Adding resource folder /demo/src/main/resources
2025-07-22 21:04:29,375 [Worker-21: Importing Maven projects] INFO  o.e.m.j.i.AbstractJavaProjectConfigurator - Adding resource folder /demo/src/main/resources
2025-07-22 21:04:29,393 [Worker-21: Importing Maven projects] INFO  o.e.m.j.i.AbstractJavaProjectConfigurator - Adding source folder /demo/src/test/java
2025-07-22 21:04:29,393 [Worker-21: Importing Maven projects] INFO  o.e.m.j.i.AbstractJavaProjectConfigurator - Adding resource folder /demo/src/test/resources
2025-07-22 21:04:30,347 [Worker-21: Importing Maven projects] INFO  o.e.m.c.i.p.ProjectConfigurationManager - Imported and configured 1 project(s) in 111 sec
2025-07-22 21:04:30,811 [Worker-28: Download sources and javadoc] INFO  o.e.m.c.i.e.AbstractTransferListenerAdapter - Downloading https://repo.spring.io/snapshot/org/springframework/boot/spring-boot-starter-data-jpa/4.0.0-SNAPSHOT/spring-boot-starter-data-jpa-4.0.0-20250722.131803-314-sources.jar
2025-07-22 21:04:30,823 [Worker-28: Download sources and javadoc] INFO  o.e.m.c.i.e.AbstractTransferListenerAdapter - Downloaded https://repo.spring.io/snapshot/org/springframework/boot/spring-boot-starter-data-jpa/4.0.0-SNAPSHOT/spring-boot-starter-data-jpa-4.0.0-20250722.131803-314-sources.jar
2025-07-22 21:04:30,829 [Worker-28: Download sources and javadoc] INFO  o.e.m.j.internal.DownloadSourcesJob - Downloaded sources for org.springframework.boot:spring-boot-starter-data-jpa:4.0.0-SNAPSHOT
2025-07-22 21:04:30,918 [Worker-29: Updating Maven Project] INFO  o.e.m.c.i.p.ProjectConfigurationManager - Update started
2025-07-22 21:04:31,347 [Worker-29: Updating Maven Project] INFO  o.e.m.c.i.l.LifecycleMappingFactory - Using org.eclipse.m2e.jdt.JarLifecycleMapping lifecycle mapping for MavenProject: com.example:demo:0.0.1-SNAPSHOT @ D:\demo\pom.xml.
2025-07-22 21:04:31,789 [Worker-28: Download sources and javadoc] INFO  o.e.m.c.i.e.AbstractTransferListenerAdapter - Downloading https://repo.spring.io/snapshot/org/springframework/boot/spring-boot-data-jpa/4.0.0-SNAPSHOT/spring-boot-data-jpa-4.0.0-20250722.131803-121-sources.jar
2025-07-22 21:04:31,798 [Worker-28: Download sources and javadoc] INFO  o.e.m.c.i.e.AbstractTransferListenerAdapter - Downloaded https://repo.spring.io/snapshot/org/springframework/boot/spring-boot-data-jpa/4.0.0-SNAPSHOT/spring-boot-data-jpa-4.0.0-20250722.131803-121-sources.jar
2025-07-22 21:04:31,803 [Worker-28: Download sources and javadoc] INFO  o.e.m.j.internal.DownloadSourcesJob - Downloaded sources for org.springframework.boot:spring-boot-data-jpa:4.0.0-SNAPSHOT
2025-07-22 21:04:32,257 [Worker-29: Updating Maven Project] INFO  o.e.m.j.i.AbstractJavaProjectConfigurator - Adding source folder /demo/src/main/java
2025-07-22 21:04:32,257 [Worker-29: Updating Maven Project] INFO  o.e.m.j.i.AbstractJavaProjectConfigurator - Adding resource folder /demo/src/main/resources
2025-07-22 21:04:32,257 [Worker-29: Updating Maven Project] INFO  o.e.m.j.i.AbstractJavaProjectConfigurator - Adding resource folder /demo/src/main/resources
2025-07-22 21:04:32,257 [Worker-29: Updating Maven Project] INFO  o.e.m.j.i.AbstractJavaProjectConfigurator - Adding source folder /demo/src/test/java
2025-07-22 21:04:32,257 [Worker-29: Updating Maven Project] INFO  o.e.m.j.i.AbstractJavaProjectConfigurator - Adding resource folder /demo/src/test/resources
2025-07-22 21:04:32,555 [Worker-28: Download sources and javadoc] INFO  o.e.m.c.i.e.AbstractTransferListenerAdapter - Downloading https://repo.spring.io/snapshot/org/springframework/boot/spring-boot-data-commons/4.0.0-SNAPSHOT/spring-boot-data-commons-4.0.0-20250722.131803-56-sources.jar
2025-07-22 21:04:32,855 [Worker-28: Download sources and javadoc] INFO  o.e.m.c.i.e.AbstractTransferListenerAdapter - Downloaded https://repo.spring.io/snapshot/org/springframework/boot/spring-boot-data-commons/4.0.0-SNAPSHOT/spring-boot-data-commons-4.0.0-20250722.131803-56-sources.jar
2025-07-22 21:04:32,875 [Worker-28: Download sources and javadoc] INFO  o.e.m.j.internal.DownloadSourcesJob - Downloaded sources for org.springframework.boot:spring-boot-data-commons:4.0.0-SNAPSHOT
2025-07-22 21:04:33,013 [Worker-29: Updating Maven Project] INFO  o.e.m.c.i.p.ProjectConfigurationManager - Update completed for 1 poms: local refresh takes 0.00 sec, refresh facades takes 1.00 sec, update config takes 0.00 sec 
2025-07-22 21:04:33,982 [Worker-28: Download sources and javadoc] INFO  o.e.m.c.i.e.AbstractTransferListenerAdapter - Downloading https://repo.spring.io/snapshot/org/springframework/boot/spring-boot-webmvc/4.0.0-SNAPSHOT/spring-boot-webmvc-4.0.0-20250722.131803-101-sources.jar
2025-07-22 21:04:34,090 [Worker-23: Building] INFO  o.a.m.s.f.DefaultMavenResourcesFiltering - Copying 1 resource from src\main\resources to target\classes
2025-07-22 21:04:34,116 [Worker-23: Building] INFO  o.a.m.s.f.DefaultMavenResourcesFiltering - Copying 0 resource from src\main\resources to target\classes
2025-07-22 21:04:34,118 [Worker-23: Building] INFO  o.a.m.s.f.DefaultMavenResourcesFiltering - skip non existing resourceDirectory E:\socappback\circleup-backend\src\test\resources
2025-07-22 21:04:34,610 [Worker-28: Download sources and javadoc] INFO  o.e.m.c.i.e.AbstractTransferListenerAdapter - Downloaded https://repo.spring.io/snapshot/org/springframework/boot/spring-boot-webmvc/4.0.0-SNAPSHOT/spring-boot-webmvc-4.0.0-20250722.131803-101-sources.jar
2025-07-22 21:04:34,620 [Worker-28: Download sources and javadoc] INFO  o.e.m.j.internal.DownloadSourcesJob - Downloaded sources for org.springframework.boot:spring-boot-webmvc:4.0.0-SNAPSHOT
2025-07-22 21:04:34,674 [Worker-23: Building] INFO  o.a.m.s.f.DefaultMavenResourcesFiltering - Copying 1 resource from src\main\resources to target\classes
2025-07-22 21:04:34,685 [Worker-23: Building] INFO  o.a.m.s.f.DefaultMavenResourcesFiltering - Copying 0 resource from src\main\resources to target\classes
2025-07-22 21:04:34,685 [Worker-23: Building] INFO  o.a.m.s.f.DefaultMavenResourcesFiltering - skip non existing resourceDirectory D:\demo\src\test\resources
2025-07-22 21:04:35,628 [Worker-28: Download sources and javadoc] INFO  o.e.m.c.i.e.AbstractTransferListenerAdapter - Downloading https://repo.spring.io/snapshot/org/springframework/boot/spring-boot-servlet/4.0.0-SNAPSHOT/spring-boot-servlet-4.0.0-20250722.131803-56-sources.jar
2025-07-22 21:04:35,738 [Worker-22: Building] INFO  o.a.m.s.f.DefaultMavenResourcesFiltering - Copying 1 resource from src\main\resources to target\classes
2025-07-22 21:04:35,756 [Worker-22: Building] INFO  o.a.m.s.f.DefaultMavenResourcesFiltering - Copying 0 resource from src\main\resources to target\classes
2025-07-22 21:04:35,760 [Worker-22: Building] INFO  o.a.m.s.f.DefaultMavenResourcesFiltering - skip non existing resourceDirectory E:\socappback\microservice\src\test\resources
2025-07-22 21:04:36,147 [Worker-28: Download sources and javadoc] INFO  o.e.m.c.i.e.AbstractTransferListenerAdapter - Downloaded https://repo.spring.io/snapshot/org/springframework/boot/spring-boot-servlet/4.0.0-SNAPSHOT/spring-boot-servlet-4.0.0-20250722.131803-56-sources.jar
2025-07-22 21:04:36,156 [Worker-28: Download sources and javadoc] INFO  o.e.m.j.internal.DownloadSourcesJob - Downloaded sources for org.springframework.boot:spring-boot-servlet:4.0.0-SNAPSHOT
2025-07-22 21:04:38,126 [Worker-28: Download sources and javadoc] INFO  o.e.m.c.i.e.AbstractTransferListenerAdapter - Downloading https://repo.spring.io/milestone/org/springframework/spring-webmvc/7.0.0-M7/spring-webmvc-7.0.0-M7-sources.jar
2025-07-22 21:04:40,580 [Worker-28: Download sources and javadoc] INFO  o.e.m.c.i.e.AbstractTransferListenerAdapter - Downloaded https://repo.spring.io/milestone/org/springframework/spring-webmvc/7.0.0-M7/spring-webmvc-7.0.0-M7-sources.jar
2025-07-22 21:04:40,586 [Worker-28: Download sources and javadoc] INFO  o.e.m.j.internal.DownloadSourcesJob - Downloaded sources for org.springframework:spring-webmvc:7.0.0-M7
2025-07-22 21:04:41,359 [Worker-28: Download sources and javadoc] INFO  o.e.m.c.i.e.AbstractTransferListenerAdapter - Downloading https://repo.spring.io/snapshot/org/springframework/boot/spring-boot-http-converter/4.0.0-SNAPSHOT/spring-boot-http-converter-4.0.0-20250722.131803-66-sources.jar
2025-07-22 21:04:41,594 [Worker-28: Download sources and javadoc] INFO  o.e.m.c.i.e.AbstractTransferListenerAdapter - Downloaded https://repo.spring.io/snapshot/org/springframework/boot/spring-boot-http-converter/4.0.0-SNAPSHOT/spring-boot-http-converter-4.0.0-20250722.131803-66-sources.jar
2025-07-22 21:04:41,604 [Worker-28: Download sources and javadoc] INFO  o.e.m.j.internal.DownloadSourcesJob - Downloaded sources for org.springframework.boot:spring-boot-http-converter:4.0.0-SNAPSHOT
2025-07-22 21:04:42,585 [Worker-28: Download sources and javadoc] INFO  o.e.m.c.i.e.AbstractTransferListenerAdapter - Downloaded https://repo.spring.io/milestone/org/springframework/data/spring-data-commons/4.0.0-M4/spring-data-commons-4.0.0-M4-sources.jar
2025-07-22 21:04:42,727 [Worker-28: Download sources and javadoc] INFO  o.e.m.c.i.e.AbstractTransferListenerAdapter - Downloading https://repo.maven.apache.org/maven2/org/springframework/data/spring-data-commons/4.0.0-M4/spring-data-commons-4.0.0-M4-sources.jar
2025-07-22 21:04:42,853 [Worker-28: Download sources and javadoc] INFO  o.e.m.c.i.e.AbstractTransferListenerAdapter - Downloaded https://repo.maven.apache.org/maven2/org/springframework/data/spring-data-commons/4.0.0-M4/spring-data-commons-4.0.0-M4-sources.jar
2025-07-22 21:04:42,858 [Worker-28: Download sources and javadoc] INFO  o.e.m.j.internal.DownloadSourcesJob - Downloaded sources for org.springframework.data:spring-data-commons:4.0.0-M4
2025-07-22 21:04:44,125 [Worker-28: Download sources and javadoc] INFO  o.e.m.c.i.e.AbstractTransferListenerAdapter - Downloading https://repo.spring.io/snapshot/org/springframework/boot/spring-boot-hibernate/4.0.0-SNAPSHOT/spring-boot-hibernate-4.0.0-20250722.131803-56-sources.jar
2025-07-22 21:04:44,441 [Worker-28: Download sources and javadoc] INFO  o.e.m.c.i.e.AbstractTransferListenerAdapter - Downloaded https://repo.spring.io/snapshot/org/springframework/boot/spring-boot-hibernate/4.0.0-SNAPSHOT/spring-boot-hibernate-4.0.0-20250722.131803-56-sources.jar
2025-07-22 21:04:44,458 [Worker-28: Download sources and javadoc] INFO  o.e.m.j.internal.DownloadSourcesJob - Downloaded sources for org.springframework.boot:spring-boot-hibernate:4.0.0-SNAPSHOT
2025-07-22 21:04:45,453 [Worker-28: Download sources and javadoc] INFO  o.e.m.c.i.e.AbstractTransferListenerAdapter - Downloading https://repo.spring.io/snapshot/org/springframework/boot/spring-boot-jpa/4.0.0-SNAPSHOT/spring-boot-jpa-4.0.0-20250722.131803-121-sources.jar
2025-07-22 21:04:45,765 [Worker-28: Download sources and javadoc] INFO  o.e.m.c.i.e.AbstractTransferListenerAdapter - Downloaded https://repo.spring.io/snapshot/org/springframework/boot/spring-boot-jpa/4.0.0-SNAPSHOT/spring-boot-jpa-4.0.0-20250722.131803-121-sources.jar
2025-07-22 21:04:45,774 [Worker-28: Download sources and javadoc] INFO  o.e.m.j.internal.DownloadSourcesJob - Downloaded sources for org.springframework.boot:spring-boot-jpa:4.0.0-SNAPSHOT
2025-07-22 21:04:46,989 [Worker-28: Download sources and javadoc] INFO  o.e.m.c.i.e.AbstractTransferListenerAdapter - Downloaded https://repo.spring.io/milestone/jakarta/persistence/jakarta.persistence-api/3.2.0/jakarta.persistence-api-3.2.0-sources.jar
2025-07-22 21:04:47,115 [Worker-28: Download sources and javadoc] INFO  o.e.m.c.i.e.AbstractTransferListenerAdapter - Downloading https://repo.maven.apache.org/maven2/jakarta/persistence/jakarta.persistence-api/3.2.0/jakarta.persistence-api-3.2.0-sources.jar
2025-07-22 21:04:47,284 [Worker-28: Download sources and javadoc] INFO  o.e.m.c.i.e.AbstractTransferListenerAdapter - Downloaded https://repo.maven.apache.org/maven2/jakarta/persistence/jakarta.persistence-api/3.2.0/jakarta.persistence-api-3.2.0-sources.jar
2025-07-22 21:04:47,289 [Worker-28: Download sources and javadoc] INFO  o.e.m.j.internal.DownloadSourcesJob - Downloaded sources for jakarta.persistence:jakarta.persistence-api:3.2.0
2025-07-22 21:04:48,250 [Worker-28: Download sources and javadoc] INFO  o.e.m.c.i.e.AbstractTransferListenerAdapter - Downloaded https://repo.spring.io/milestone/org/hibernate/orm/hibernate-core/7.0.6.Final/hibernate-core-7.0.6.Final-sources.jar
2025-07-22 21:04:48,379 [Worker-28: Download sources and javadoc] INFO  o.e.m.c.i.e.AbstractTransferListenerAdapter - Downloading https://repo.maven.apache.org/maven2/org/hibernate/orm/hibernate-core/7.0.6.Final/hibernate-core-7.0.6.Final-sources.jar
2025-07-22 21:04:48,977 [Worker-28: Download sources and javadoc] INFO  o.e.m.c.i.e.AbstractTransferListenerAdapter - Downloaded https://repo.maven.apache.org/maven2/org/hibernate/orm/hibernate-core/7.0.6.Final/hibernate-core-7.0.6.Final-sources.jar
2025-07-22 21:04:48,980 [Worker-28: Download sources and javadoc] INFO  o.e.m.j.internal.DownloadSourcesJob - Downloaded sources for org.hibernate.orm:hibernate-core:7.0.6.Final
2025-07-22 21:04:50,072 [Worker-28: Download sources and javadoc] INFO  o.e.m.c.i.e.AbstractTransferListenerAdapter - Downloaded https://repo.spring.io/milestone/org/hibernate/models/hibernate-models/1.0.0/hibernate-models-1.0.0-sources.jar
2025-07-22 21:04:50,179 [Worker-28: Download sources and javadoc] INFO  o.e.m.c.i.e.AbstractTransferListenerAdapter - Downloading https://repo.maven.apache.org/maven2/org/hibernate/models/hibernate-models/1.0.0/hibernate-models-1.0.0-sources.jar
2025-07-22 21:04:50,236 [Worker-28: Download sources and javadoc] INFO  o.e.m.c.i.e.AbstractTransferListenerAdapter - Downloaded https://repo.maven.apache.org/maven2/org/hibernate/models/hibernate-models/1.0.0/hibernate-models-1.0.0-sources.jar
2025-07-22 21:04:50,239 [Worker-28: Download sources and javadoc] INFO  o.e.m.j.internal.DownloadSourcesJob - Downloaded sources for org.hibernate.models:hibernate-models:1.0.0
2025-07-22 21:04:51,418 [Worker-28: Download sources and javadoc] INFO  o.e.m.c.i.e.AbstractTransferListenerAdapter - Downloading https://repo.spring.io/milestone/org/springframework/spring-orm/7.0.0-M7/spring-orm-7.0.0-M7-sources.jar
2025-07-22 21:04:52,335 [Worker-28: Download sources and javadoc] INFO  o.e.m.c.i.e.AbstractTransferListenerAdapter - Downloaded https://repo.spring.io/milestone/org/springframework/spring-orm/7.0.0-M7/spring-orm-7.0.0-M7-sources.jar
2025-07-22 21:04:52,340 [Worker-28: Download sources and javadoc] INFO  o.e.m.j.internal.DownloadSourcesJob - Downloaded sources for org.springframework:spring-orm:7.0.0-M7
2025-07-22 21:04:53,441 [Worker-28: Download sources and javadoc] INFO  o.e.m.c.i.e.AbstractTransferListenerAdapter - Downloaded https://repo.spring.io/milestone/org/springframework/data/spring-data-jpa/4.0.0-M4/spring-data-jpa-4.0.0-M4-sources.jar
2025-07-22 21:04:53,662 [Worker-28: Download sources and javadoc] INFO  o.e.m.c.i.e.AbstractTransferListenerAdapter - Downloading https://repo.maven.apache.org/maven2/org/springframework/data/spring-data-jpa/4.0.0-M4/spring-data-jpa-4.0.0-M4-sources.jar
2025-07-22 21:04:53,872 [Worker-28: Download sources and javadoc] INFO  o.e.m.c.i.e.AbstractTransferListenerAdapter - Downloaded https://repo.maven.apache.org/maven2/org/springframework/data/spring-data-jpa/4.0.0-M4/spring-data-jpa-4.0.0-M4-sources.jar
2025-07-22 21:04:53,877 [Worker-28: Download sources and javadoc] INFO  o.e.m.j.internal.DownloadSourcesJob - Downloaded sources for org.springframework.data:spring-data-jpa:4.0.0-M4
2025-07-22 21:04:55,957 [Worker-28: Download sources and javadoc] INFO  o.e.m.c.i.e.AbstractTransferListenerAdapter - Downloading https://repo.spring.io/milestone/org/springframework/spring-tx/7.0.0-M7/spring-tx-7.0.0-M7-sources.jar
2025-07-22 21:04:56,934 [Worker-28: Download sources and javadoc] INFO  o.e.m.c.i.e.AbstractTransferListenerAdapter - Downloaded https://repo.spring.io/milestone/org/springframework/spring-tx/7.0.0-M7/spring-tx-7.0.0-M7-sources.jar
2025-07-22 21:04:56,940 [Worker-28: Download sources and javadoc] INFO  o.e.m.j.internal.DownloadSourcesJob - Downloaded sources for org.springframework:spring-tx:7.0.0-M7
2025-07-22 21:04:58,000 [Worker-28: Download sources and javadoc] INFO  o.e.m.c.i.e.AbstractTransferListenerAdapter - Downloaded https://repo.spring.io/milestone/org/antlr/antlr4-runtime/4.13.2/antlr4-runtime-4.13.2-sources.jar
2025-07-22 21:04:58,100 [Worker-28: Download sources and javadoc] INFO  o.e.m.c.i.e.AbstractTransferListenerAdapter - Downloading https://repo.maven.apache.org/maven2/org/antlr/antlr4-runtime/4.13.2/antlr4-runtime-4.13.2-sources.jar
2025-07-22 21:04:58,189 [Worker-28: Download sources and javadoc] INFO  o.e.m.c.i.e.AbstractTransferListenerAdapter - Downloaded https://repo.maven.apache.org/maven2/org/antlr/antlr4-runtime/4.13.2/antlr4-runtime-4.13.2-sources.jar
2025-07-22 21:04:58,193 [Worker-28: Download sources and javadoc] INFO  o.e.m.j.internal.DownloadSourcesJob - Downloaded sources for org.antlr:antlr4-runtime:4.13.2
2025-07-22 21:04:59,284 [Worker-28: Download sources and javadoc] INFO  o.e.m.c.i.e.AbstractTransferListenerAdapter - Downloading https://repo.spring.io/milestone/org/springframework/spring-aspects/7.0.0-M7/spring-aspects-7.0.0-M7-sources.jar
2025-07-22 21:04:59,516 [Worker-28: Download sources and javadoc] INFO  o.e.m.c.i.e.AbstractTransferListenerAdapter - Downloaded https://repo.spring.io/milestone/org/springframework/spring-aspects/7.0.0-M7/spring-aspects-7.0.0-M7-sources.jar
2025-07-22 21:04:59,522 [Worker-28: Download sources and javadoc] INFO  o.e.m.j.internal.DownloadSourcesJob - Downloaded sources for org.springframework:spring-aspects:7.0.0-M7
2025-07-22 21:05:00,609 [Worker-28: Download sources and javadoc] INFO  o.e.m.c.i.e.AbstractTransferListenerAdapter - Downloaded https://repo.spring.io/milestone/org/aspectj/aspectjweaver/1.9.24/aspectjweaver-1.9.24-sources.jar
2025-07-22 21:05:00,718 [Worker-28: Download sources and javadoc] INFO  o.e.m.c.i.e.AbstractTransferListenerAdapter - Downloading https://repo.maven.apache.org/maven2/org/aspectj/aspectjweaver/1.9.24/aspectjweaver-1.9.24-sources.jar
2025-07-22 21:05:01,834 [Worker-28: Download sources and javadoc] INFO  o.e.m.c.i.e.AbstractTransferListenerAdapter - Downloaded https://repo.maven.apache.org/maven2/org/aspectj/aspectjweaver/1.9.24/aspectjweaver-1.9.24-sources.jar
2025-07-22 21:05:01,838 [Worker-28: Download sources and javadoc] INFO  o.e.m.j.internal.DownloadSourcesJob - Downloaded sources for org.aspectj:aspectjweaver:1.9.24
2025-07-22 21:05:02,112 [Worker-26: Importing Maven projects] INFO  o.e.m.c.i.l.LifecycleMappingFactory - Using org.maven.ide.eclipse.wtp.WarLifecycleMapping lifecycle mapping for MavenProject: com.example:raj:0.0.1-SNAPSHOT @ D:\raj\pom.xml.
2025-07-22 21:05:02,969 [Worker-28: Download sources and javadoc] INFO  o.e.m.c.i.e.AbstractTransferListenerAdapter - Downloading https://repo.spring.io/snapshot/org/springframework/boot/spring-boot-starter/4.0.0-SNAPSHOT/spring-boot-starter-4.0.0-20250722.131803-314-sources.jar
2025-07-22 21:05:02,978 [Worker-28: Download sources and javadoc] INFO  o.e.m.c.i.e.AbstractTransferListenerAdapter - Downloaded https://repo.spring.io/snapshot/org/springframework/boot/spring-boot-starter/4.0.0-SNAPSHOT/spring-boot-starter-4.0.0-20250722.131803-314-sources.jar
2025-07-22 21:05:02,988 [Worker-28: Download sources and javadoc] INFO  o.e.m.j.internal.DownloadSourcesJob - Downloaded sources for org.springframework.boot:spring-boot-starter:4.0.0-SNAPSHOT
2025-07-22 21:05:03,577 [Worker-26: Importing Maven projects] INFO  o.e.m.c.i.e.AbstractTransferListenerAdapter - Downloading https://repo.spring.io/snapshot/org/springframework/boot/spring-boot-starter-web/4.0.0-SNAPSHOT/maven-metadata.xml
2025-07-22 21:05:03,591 [Worker-26: Importing Maven projects] INFO  o.e.m.c.i.e.AbstractTransferListenerAdapter - Downloaded https://repo.spring.io/snapshot/org/springframework/boot/spring-boot-starter-web/4.0.0-SNAPSHOT/maven-metadata.xml
2025-07-22 21:05:03,857 [Worker-26: Importing Maven projects] INFO  o.e.m.c.i.e.AbstractTransferListenerAdapter - Downloading https://repo.spring.io/snapshot/org/springframework/boot/spring-boot-starter-web/4.0.0-SNAPSHOT/spring-boot-starter-web-4.0.0-20250722.131803-314.pom
2025-07-22 21:05:03,867 [Worker-26: Importing Maven projects] INFO  o.e.m.c.i.e.AbstractTransferListenerAdapter - Downloaded https://repo.spring.io/snapshot/org/springframework/boot/spring-boot-starter-web/4.0.0-SNAPSHOT/spring-boot-starter-web-4.0.0-20250722.131803-314.pom
2025-07-22 21:05:04,096 [Worker-28: Download sources and javadoc] INFO  o.e.m.c.i.e.AbstractTransferListenerAdapter - Downloading https://repo.spring.io/snapshot/org/springframework/boot/spring-boot-starter-logging/4.0.0-SNAPSHOT/spring-boot-starter-logging-4.0.0-20250722.131803-314-sources.jar
2025-07-22 21:05:04,103 [Worker-28: Download sources and javadoc] INFO  o.e.m.c.i.e.AbstractTransferListenerAdapter - Downloaded https://repo.spring.io/snapshot/org/springframework/boot/spring-boot-starter-logging/4.0.0-SNAPSHOT/spring-boot-starter-logging-4.0.0-20250722.131803-314-sources.jar
2025-07-22 21:05:04,111 [Worker-28: Download sources and javadoc] INFO  o.e.m.j.internal.DownloadSourcesJob - Downloaded sources for org.springframework.boot:spring-boot-starter-logging:4.0.0-SNAPSHOT
2025-07-22 21:05:04,137 [Worker-26: Importing Maven projects] INFO  o.e.m.c.i.e.AbstractTransferListenerAdapter - Downloading https://repo.spring.io/snapshot/org/springframework/boot/spring-boot-starter-json/4.0.0-SNAPSHOT/maven-metadata.xml
2025-07-22 21:05:04,143 [Worker-26: Importing Maven projects] INFO  o.e.m.c.i.e.AbstractTransferListenerAdapter - Downloaded https://repo.spring.io/snapshot/org/springframework/boot/spring-boot-starter-json/4.0.0-SNAPSHOT/maven-metadata.xml
2025-07-22 21:05:04,402 [Worker-26: Importing Maven projects] INFO  o.e.m.c.i.e.AbstractTransferListenerAdapter - Downloading https://repo.spring.io/snapshot/org/springframework/boot/spring-boot-starter-json/4.0.0-SNAPSHOT/spring-boot-starter-json-4.0.0-20250722.131803-314.pom
2025-07-22 21:05:04,408 [Worker-26: Importing Maven projects] INFO  o.e.m.c.i.e.AbstractTransferListenerAdapter - Downloaded https://repo.spring.io/snapshot/org/springframework/boot/spring-boot-starter-json/4.0.0-SNAPSHOT/spring-boot-starter-json-4.0.0-20250722.131803-314.pom
2025-07-22 21:05:04,681 [Worker-26: Importing Maven projects] INFO  o.e.m.c.i.e.AbstractTransferListenerAdapter - Downloading https://repo.spring.io/snapshot/org/springframework/boot/spring-boot-jackson/4.0.0-SNAPSHOT/maven-metadata.xml
2025-07-22 21:05:04,688 [Worker-26: Importing Maven projects] INFO  o.e.m.c.i.e.AbstractTransferListenerAdapter - Downloaded https://repo.spring.io/snapshot/org/springframework/boot/spring-boot-jackson/4.0.0-SNAPSHOT/maven-metadata.xml
2025-07-22 21:05:04,967 [Worker-26: Importing Maven projects] INFO  o.e.m.c.i.e.AbstractTransferListenerAdapter - Downloading https://repo.spring.io/snapshot/org/springframework/boot/spring-boot-jackson/4.0.0-SNAPSHOT/spring-boot-jackson-4.0.0-20250722.131803-141.pom
2025-07-22 21:05:04,981 [Worker-26: Importing Maven projects] INFO  o.e.m.c.i.e.AbstractTransferListenerAdapter - Downloaded https://repo.spring.io/snapshot/org/springframework/boot/spring-boot-jackson/4.0.0-SNAPSHOT/spring-boot-jackson-4.0.0-20250722.131803-141.pom
2025-07-22 21:05:05,183 [Worker-28: Download sources and javadoc] INFO  o.e.m.c.i.e.AbstractTransferListenerAdapter - Downloaded https://repo.spring.io/milestone/jakarta/annotation/jakarta.annotation-api/3.0.0/jakarta.annotation-api-3.0.0-sources.jar
2025-07-22 21:05:05,245 [Worker-26: Importing Maven projects] INFO  o.e.m.c.i.e.AbstractTransferListenerAdapter - Downloaded https://repo.spring.io/milestone/com/fasterxml/jackson/core/jackson-databind/2.19.1/jackson-databind-2.19.1.pom
2025-07-22 21:05:05,324 [Worker-28: Download sources and javadoc] INFO  o.e.m.c.i.e.AbstractTransferListenerAdapter - Downloading https://repo.maven.apache.org/maven2/jakarta/annotation/jakarta.annotation-api/3.0.0/jakarta.annotation-api-3.0.0-sources.jar
2025-07-22 21:05:05,342 [Worker-28: Download sources and javadoc] INFO  o.e.m.c.i.e.AbstractTransferListenerAdapter - Downloaded https://repo.maven.apache.org/maven2/jakarta/annotation/jakarta.annotation-api/3.0.0/jakarta.annotation-api-3.0.0-sources.jar
2025-07-22 21:05:05,348 [Worker-28: Download sources and javadoc] INFO  o.e.m.j.internal.DownloadSourcesJob - Downloaded sources for jakarta.annotation:jakarta.annotation-api:3.0.0
2025-07-22 21:05:05,353 [Worker-26: Importing Maven projects] INFO  o.e.m.c.i.e.AbstractTransferListenerAdapter - Downloading https://repo.maven.apache.org/maven2/com/fasterxml/jackson/core/jackson-databind/2.19.1/jackson-databind-2.19.1.pom
2025-07-22 21:05:05,364 [Worker-26: Importing Maven projects] INFO  o.e.m.c.i.e.AbstractTransferListenerAdapter - Downloaded https://repo.maven.apache.org/maven2/com/fasterxml/jackson/core/jackson-databind/2.19.1/jackson-databind-2.19.1.pom
2025-07-22 21:05:05,633 [Worker-26: Importing Maven projects] INFO  o.e.m.c.i.e.AbstractTransferListenerAdapter - Downloaded https://repo.spring.io/milestone/com/fasterxml/jackson/jackson-base/2.19.1/jackson-base-2.19.1.pom
2025-07-22 21:05:05,669 [Worker-26: Importing Maven projects] INFO  o.e.m.c.i.e.AbstractTransferListenerAdapter - Downloading https://repo.maven.apache.org/maven2/com/fasterxml/jackson/jackson-base/2.19.1/jackson-base-2.19.1.pom
2025-07-22 21:05:05,680 [Worker-26: Importing Maven projects] INFO  o.e.m.c.i.e.AbstractTransferListenerAdapter - Downloaded https://repo.maven.apache.org/maven2/com/fasterxml/jackson/jackson-base/2.19.1/jackson-base-2.19.1.pom
2025-07-22 21:05:05,943 [Worker-26: Importing Maven projects] INFO  o.e.m.c.i.e.AbstractTransferListenerAdapter - Downloaded https://repo.spring.io/milestone/com/fasterxml/jackson/core/jackson-annotations/2.19.1/jackson-annotations-2.19.1.pom
2025-07-22 21:05:05,987 [Worker-26: Importing Maven projects] INFO  o.e.m.c.i.e.AbstractTransferListenerAdapter - Downloading https://repo.maven.apache.org/maven2/com/fasterxml/jackson/core/jackson-annotations/2.19.1/jackson-annotations-2.19.1.pom
2025-07-22 21:05:05,995 [Worker-26: Importing Maven projects] INFO  o.e.m.c.i.e.AbstractTransferListenerAdapter - Downloaded https://repo.maven.apache.org/maven2/com/fasterxml/jackson/core/jackson-annotations/2.19.1/jackson-annotations-2.19.1.pom
2025-07-22 21:05:06,244 [Worker-28: Download sources and javadoc] INFO  o.e.m.c.i.e.AbstractTransferListenerAdapter - Downloaded https://repo.spring.io/milestone/org/yaml/snakeyaml/2.4/snakeyaml-2.4-sources.jar
2025-07-22 21:05:06,254 [Worker-26: Importing Maven projects] INFO  o.e.m.c.i.e.AbstractTransferListenerAdapter - Downloaded https://repo.spring.io/milestone/com/fasterxml/jackson/core/jackson-core/2.19.1/jackson-core-2.19.1.pom
2025-07-22 21:05:06,298 [Worker-26: Importing Maven projects] INFO  o.e.m.c.i.e.AbstractTransferListenerAdapter - Downloading https://repo.maven.apache.org/maven2/com/fasterxml/jackson/core/jackson-core/2.19.1/jackson-core-2.19.1.pom
2025-07-22 21:05:06,305 [Worker-26: Importing Maven projects] INFO  o.e.m.c.i.e.AbstractTransferListenerAdapter - Downloaded https://repo.maven.apache.org/maven2/com/fasterxml/jackson/core/jackson-core/2.19.1/jackson-core-2.19.1.pom
2025-07-22 21:05:06,403 [Worker-28: Download sources and javadoc] INFO  o.e.m.c.i.e.AbstractTransferListenerAdapter - Downloading https://repo.maven.apache.org/maven2/org/yaml/snakeyaml/2.4/snakeyaml-2.4-sources.jar
2025-07-22 21:05:06,492 [Worker-28: Download sources and javadoc] INFO  o.e.m.c.i.e.AbstractTransferListenerAdapter - Downloaded https://repo.maven.apache.org/maven2/org/yaml/snakeyaml/2.4/snakeyaml-2.4-sources.jar
2025-07-22 21:05:06,496 [Worker-28: Download sources and javadoc] INFO  o.e.m.j.internal.DownloadSourcesJob - Downloaded sources for org.yaml:snakeyaml:2.4
2025-07-22 21:05:06,565 [Worker-26: Importing Maven projects] INFO  o.e.m.c.i.e.AbstractTransferListenerAdapter - Downloaded https://repo.spring.io/milestone/com/fasterxml/jackson/datatype/jackson-datatype-jdk8/2.19.1/jackson-datatype-jdk8-2.19.1.pom
2025-07-22 21:05:06,597 [Worker-26: Importing Maven projects] INFO  o.e.m.c.i.e.AbstractTransferListenerAdapter - Downloading https://repo.maven.apache.org/maven2/com/fasterxml/jackson/datatype/jackson-datatype-jdk8/2.19.1/jackson-datatype-jdk8-2.19.1.pom
2025-07-22 21:05:06,606 [Worker-26: Importing Maven projects] INFO  o.e.m.c.i.e.AbstractTransferListenerAdapter - Downloaded https://repo.maven.apache.org/maven2/com/fasterxml/jackson/datatype/jackson-datatype-jdk8/2.19.1/jackson-datatype-jdk8-2.19.1.pom
2025-07-22 21:05:06,867 [Worker-26: Importing Maven projects] INFO  o.e.m.c.i.e.AbstractTransferListenerAdapter - Downloaded https://repo.spring.io/milestone/com/fasterxml/jackson/module/jackson-modules-java8/2.19.1/jackson-modules-java8-2.19.1.pom
2025-07-22 21:05:06,915 [Worker-26: Importing Maven projects] INFO  o.e.m.c.i.e.AbstractTransferListenerAdapter - Downloading https://repo.maven.apache.org/maven2/com/fasterxml/jackson/module/jackson-modules-java8/2.19.1/jackson-modules-java8-2.19.1.pom
2025-07-22 21:05:06,929 [Worker-26: Importing Maven projects] INFO  o.e.m.c.i.e.AbstractTransferListenerAdapter - Downloaded https://repo.maven.apache.org/maven2/com/fasterxml/jackson/module/jackson-modules-java8/2.19.1/jackson-modules-java8-2.19.1.pom
2025-07-22 21:05:07,194 [Worker-26: Importing Maven projects] INFO  o.e.m.c.i.e.AbstractTransferListenerAdapter - Downloaded https://repo.spring.io/milestone/com/fasterxml/jackson/datatype/jackson-datatype-jsr310/2.19.1/jackson-datatype-jsr310-2.19.1.pom
2025-07-22 21:05:07,231 [Worker-26: Importing Maven projects] INFO  o.e.m.c.i.e.AbstractTransferListenerAdapter - Downloading https://repo.maven.apache.org/maven2/com/fasterxml/jackson/datatype/jackson-datatype-jsr310/2.19.1/jackson-datatype-jsr310-2.19.1.pom
2025-07-22 21:05:07,240 [Worker-26: Importing Maven projects] INFO  o.e.m.c.i.e.AbstractTransferListenerAdapter - Downloaded https://repo.maven.apache.org/maven2/com/fasterxml/jackson/datatype/jackson-datatype-jsr310/2.19.1/jackson-datatype-jsr310-2.19.1.pom
2025-07-22 21:05:07,503 [Worker-26: Importing Maven projects] INFO  o.e.m.c.i.e.AbstractTransferListenerAdapter - Downloaded https://repo.spring.io/milestone/com/fasterxml/jackson/module/jackson-module-parameter-names/2.19.1/jackson-module-parameter-names-2.19.1.pom
2025-07-22 21:05:07,546 [Worker-26: Importing Maven projects] INFO  o.e.m.c.i.e.AbstractTransferListenerAdapter - Downloading https://repo.maven.apache.org/maven2/com/fasterxml/jackson/module/jackson-module-parameter-names/2.19.1/jackson-module-parameter-names-2.19.1.pom
2025-07-22 21:05:07,559 [Worker-26: Importing Maven projects] INFO  o.e.m.c.i.e.AbstractTransferListenerAdapter - Downloaded https://repo.maven.apache.org/maven2/com/fasterxml/jackson/module/jackson-module-parameter-names/2.19.1/jackson-module-parameter-names-2.19.1.pom
2025-07-22 21:05:07,736 [Worker-28: Download sources and javadoc] INFO  o.e.m.c.i.e.AbstractTransferListenerAdapter - Downloading https://repo.spring.io/snapshot/org/springframework/boot/spring-boot-starter-jdbc/4.0.0-SNAPSHOT/spring-boot-starter-jdbc-4.0.0-20250722.131803-314-sources.jar
2025-07-22 21:05:07,756 [Worker-28: Download sources and javadoc] INFO  o.e.m.c.i.e.AbstractTransferListenerAdapter - Downloaded https://repo.spring.io/snapshot/org/springframework/boot/spring-boot-starter-jdbc/4.0.0-SNAPSHOT/spring-boot-starter-jdbc-4.0.0-20250722.131803-314-sources.jar
2025-07-22 21:05:07,763 [Worker-28: Download sources and javadoc] INFO  o.e.m.j.internal.DownloadSourcesJob - Downloaded sources for org.springframework.boot:spring-boot-starter-jdbc:4.0.0-SNAPSHOT
2025-07-22 21:05:07,827 [Worker-26: Importing Maven projects] INFO  o.e.m.c.i.e.AbstractTransferListenerAdapter - Downloading https://repo.spring.io/snapshot/org/springframework/boot/spring-boot-starter-tomcat/4.0.0-SNAPSHOT/maven-metadata.xml
2025-07-22 21:05:07,837 [Worker-26: Importing Maven projects] INFO  o.e.m.c.i.e.AbstractTransferListenerAdapter - Downloaded https://repo.spring.io/snapshot/org/springframework/boot/spring-boot-starter-tomcat/4.0.0-SNAPSHOT/maven-metadata.xml
2025-07-22 21:05:08,104 [Worker-26: Importing Maven projects] INFO  o.e.m.c.i.e.AbstractTransferListenerAdapter - Downloading https://repo.spring.io/snapshot/org/springframework/boot/spring-boot-starter-tomcat/4.0.0-SNAPSHOT/spring-boot-starter-tomcat-4.0.0-20250722.131803-314.pom
2025-07-22 21:05:08,112 [Worker-26: Importing Maven projects] INFO  o.e.m.c.i.e.AbstractTransferListenerAdapter - Downloaded https://repo.spring.io/snapshot/org/springframework/boot/spring-boot-starter-tomcat/4.0.0-SNAPSHOT/spring-boot-starter-tomcat-4.0.0-20250722.131803-314.pom
2025-07-22 21:05:08,396 [Worker-26: Importing Maven projects] INFO  o.e.m.c.i.e.AbstractTransferListenerAdapter - Downloading https://repo.spring.io/snapshot/org/springframework/boot/spring-boot-tomcat/4.0.0-SNAPSHOT/maven-metadata.xml
2025-07-22 21:05:08,413 [Worker-26: Importing Maven projects] INFO  o.e.m.c.i.e.AbstractTransferListenerAdapter - Downloaded https://repo.spring.io/snapshot/org/springframework/boot/spring-boot-tomcat/4.0.0-SNAPSHOT/maven-metadata.xml
2025-07-22 21:05:08,766 [Worker-26: Importing Maven projects] INFO  o.e.m.c.i.e.AbstractTransferListenerAdapter - Downloading https://repo.spring.io/snapshot/org/springframework/boot/spring-boot-tomcat/4.0.0-SNAPSHOT/spring-boot-tomcat-4.0.0-20250722.131803-152.pom
2025-07-22 21:05:08,774 [Worker-26: Importing Maven projects] INFO  o.e.m.c.i.e.AbstractTransferListenerAdapter - Downloaded https://repo.spring.io/snapshot/org/springframework/boot/spring-boot-tomcat/4.0.0-SNAPSHOT/spring-boot-tomcat-4.0.0-20250722.131803-152.pom
2025-07-22 21:05:09,108 [Worker-26: Importing Maven projects] INFO  o.e.m.c.i.e.AbstractTransferListenerAdapter - Downloading https://repo.spring.io/snapshot/org/springframework/boot/spring-boot-web-server/4.0.0-SNAPSHOT/maven-metadata.xml
2025-07-22 21:05:09,114 [Worker-28: Download sources and javadoc] INFO  o.e.m.c.i.e.AbstractTransferListenerAdapter - Downloading https://repo.spring.io/snapshot/org/springframework/boot/spring-boot-jdbc/4.0.0-SNAPSHOT/spring-boot-jdbc-4.0.0-20250722.131803-135-sources.jar
2025-07-22 21:05:09,123 [Worker-26: Importing Maven projects] INFO  o.e.m.c.i.e.AbstractTransferListenerAdapter - Downloaded https://repo.spring.io/snapshot/org/springframework/boot/spring-boot-web-server/4.0.0-SNAPSHOT/maven-metadata.xml
2025-07-22 21:05:09,416 [Worker-26: Importing Maven projects] INFO  o.e.m.c.i.e.AbstractTransferListenerAdapter - Downloading https://repo.spring.io/snapshot/org/springframework/boot/spring-boot-web-server/4.0.0-SNAPSHOT/spring-boot-web-server-4.0.0-20250722.131803-71.pom
2025-07-22 21:05:09,431 [Worker-26: Importing Maven projects] INFO  o.e.m.c.i.e.AbstractTransferListenerAdapter - Downloaded https://repo.spring.io/snapshot/org/springframework/boot/spring-boot-web-server/4.0.0-SNAPSHOT/spring-boot-web-server-4.0.0-20250722.131803-71.pom
2025-07-22 21:05:09,722 [Worker-26: Importing Maven projects] INFO  o.e.m.c.i.e.AbstractTransferListenerAdapter - Downloaded https://repo.spring.io/milestone/org/apache/tomcat/embed/tomcat-embed-core/11.0.9/tomcat-embed-core-11.0.9.pom
2025-07-22 21:05:09,805 [Worker-26: Importing Maven projects] INFO  o.e.m.c.i.e.AbstractTransferListenerAdapter - Downloading https://repo.maven.apache.org/maven2/org/apache/tomcat/embed/tomcat-embed-core/11.0.9/tomcat-embed-core-11.0.9.pom
2025-07-22 21:05:09,814 [Worker-26: Importing Maven projects] INFO  o.e.m.c.i.e.AbstractTransferListenerAdapter - Downloaded https://repo.maven.apache.org/maven2/org/apache/tomcat/embed/tomcat-embed-core/11.0.9/tomcat-embed-core-11.0.9.pom
2025-07-22 21:05:10,050 [Worker-28: Download sources and javadoc] INFO  o.e.m.c.i.e.AbstractTransferListenerAdapter - Downloaded https://repo.spring.io/snapshot/org/springframework/boot/spring-boot-jdbc/4.0.0-SNAPSHOT/spring-boot-jdbc-4.0.0-20250722.131803-135-sources.jar
2025-07-22 21:05:10,056 [Worker-28: Download sources and javadoc] INFO  o.e.m.j.internal.DownloadSourcesJob - Downloaded sources for org.springframework.boot:spring-boot-jdbc:4.0.0-SNAPSHOT
2025-07-22 21:05:10,073 [Worker-26: Importing Maven projects] INFO  o.e.m.c.i.e.AbstractTransferListenerAdapter - Downloaded https://repo.spring.io/milestone/org/apache/tomcat/embed/tomcat-embed-el/11.0.9/tomcat-embed-el-11.0.9.pom
2025-07-22 21:05:10,104 [Worker-26: Importing Maven projects] INFO  o.e.m.c.i.e.AbstractTransferListenerAdapter - Downloading https://repo.maven.apache.org/maven2/org/apache/tomcat/embed/tomcat-embed-el/11.0.9/tomcat-embed-el-11.0.9.pom
2025-07-22 21:05:10,111 [Worker-26: Importing Maven projects] INFO  o.e.m.c.i.e.AbstractTransferListenerAdapter - Downloaded https://repo.maven.apache.org/maven2/org/apache/tomcat/embed/tomcat-embed-el/11.0.9/tomcat-embed-el-11.0.9.pom
2025-07-22 21:05:10,371 [Worker-26: Importing Maven projects] INFO  o.e.m.c.i.e.AbstractTransferListenerAdapter - Downloaded https://repo.spring.io/milestone/org/apache/tomcat/embed/tomcat-embed-websocket/11.0.9/tomcat-embed-websocket-11.0.9.pom
2025-07-22 21:05:10,409 [Worker-26: Importing Maven projects] INFO  o.e.m.c.i.e.AbstractTransferListenerAdapter - Downloading https://repo.maven.apache.org/maven2/org/apache/tomcat/embed/tomcat-embed-websocket/11.0.9/tomcat-embed-websocket-11.0.9.pom
2025-07-22 21:05:10,420 [Worker-26: Importing Maven projects] INFO  o.e.m.c.i.e.AbstractTransferListenerAdapter - Downloaded https://repo.maven.apache.org/maven2/org/apache/tomcat/embed/tomcat-embed-websocket/11.0.9/tomcat-embed-websocket-11.0.9.pom
2025-07-22 21:05:10,909 [Worker-26: Importing Maven projects] INFO  o.e.m.c.i.e.AbstractTransferListenerAdapter - Downloading https://repo.spring.io/snapshot/org/springframework/boot/spring-boot-starter-web/4.0.0-SNAPSHOT/spring-boot-starter-web-4.0.0-20250722.131803-314.jar
2025-07-22 21:05:10,916 [Worker-26: Importing Maven projects] INFO  o.e.m.c.i.e.AbstractTransferListenerAdapter - Downloaded https://repo.spring.io/snapshot/org/springframework/boot/spring-boot-starter-web/4.0.0-SNAPSHOT/spring-boot-starter-web-4.0.0-20250722.131803-314.jar
2025-07-22 21:05:11,156 [Worker-28: Download sources and javadoc] INFO  o.e.m.c.i.e.AbstractTransferListenerAdapter - Downloading https://repo.spring.io/snapshot/org/springframework/boot/spring-boot-sql/4.0.0-SNAPSHOT/spring-boot-sql-4.0.0-20250722.131803-84-sources.jar
2025-07-22 21:05:11,177 [BasicRepositoryConnector-repo.spring.io-5-0] INFO  o.e.m.c.i.e.AbstractTransferListenerAdapter - Downloading https://repo.spring.io/snapshot/org/springframework/boot/spring-boot-starter-json/4.0.0-SNAPSHOT/spring-boot-starter-json-4.0.0-20250722.131803-314.jar
2025-07-22 21:05:11,187 [BasicRepositoryConnector-repo.spring.io-5-0] INFO  o.e.m.c.i.e.AbstractTransferListenerAdapter - Downloaded https://repo.spring.io/snapshot/org/springframework/boot/spring-boot-starter-json/4.0.0-SNAPSHOT/spring-boot-starter-json-4.0.0-20250722.131803-314.jar
2025-07-22 21:05:11,477 [Worker-28: Download sources and javadoc] INFO  o.e.m.c.i.e.AbstractTransferListenerAdapter - Downloaded https://repo.spring.io/snapshot/org/springframework/boot/spring-boot-sql/4.0.0-SNAPSHOT/spring-boot-sql-4.0.0-20250722.131803-84-sources.jar
2025-07-22 21:05:11,484 [Worker-28: Download sources and javadoc] INFO  o.e.m.j.internal.DownloadSourcesJob - Downloaded sources for org.springframework.boot:spring-boot-sql:4.0.0-SNAPSHOT
2025-07-22 21:05:11,725 [BasicRepositoryConnector-repo.spring.io-5-2] INFO  o.e.m.c.i.e.AbstractTransferListenerAdapter - Downloading https://repo.spring.io/snapshot/org/springframework/boot/spring-boot-starter-tomcat/4.0.0-SNAPSHOT/spring-boot-starter-tomcat-4.0.0-20250722.131803-314.jar
2025-07-22 21:05:11,725 [BasicRepositoryConnector-repo.spring.io-5-4] INFO  o.e.m.c.i.e.AbstractTransferListenerAdapter - Downloading https://repo.spring.io/snapshot/org/springframework/boot/spring-boot-web-server/4.0.0-SNAPSHOT/spring-boot-web-server-4.0.0-20250722.131803-71.jar
2025-07-22 21:05:11,733 [BasicRepositoryConnector-repo.spring.io-5-2] INFO  o.e.m.c.i.e.AbstractTransferListenerAdapter - Downloaded https://repo.spring.io/snapshot/org/springframework/boot/spring-boot-starter-tomcat/4.0.0-SNAPSHOT/spring-boot-starter-tomcat-4.0.0-20250722.131803-314.jar
2025-07-22 21:05:11,968 [BasicRepositoryConnector-repo.spring.io-5-3] INFO  o.e.m.c.i.e.AbstractTransferListenerAdapter - Downloading https://repo.spring.io/snapshot/org/springframework/boot/spring-boot-tomcat/4.0.0-SNAPSHOT/spring-boot-tomcat-4.0.0-20250722.131803-152.jar
2025-07-22 21:05:11,979 [BasicRepositoryConnector-repo.spring.io-5-1] INFO  o.e.m.c.i.e.AbstractTransferListenerAdapter - Downloading https://repo.spring.io/snapshot/org/springframework/boot/spring-boot-jackson/4.0.0-SNAPSHOT/spring-boot-jackson-4.0.0-20250722.131803-141.jar
2025-07-22 21:05:12,527 [BasicRepositoryConnector-repo.spring.io-5-4] INFO  o.e.m.c.i.e.AbstractTransferListenerAdapter - Downloaded https://repo.spring.io/snapshot/org/springframework/boot/spring-boot-web-server/4.0.0-SNAPSHOT/spring-boot-web-server-4.0.0-20250722.131803-71.jar
2025-07-22 21:05:12,529 [BasicRepositoryConnector-repo.spring.io-5-1] INFO  o.e.m.c.i.e.AbstractTransferListenerAdapter - Downloaded https://repo.spring.io/snapshot/org/springframework/boot/spring-boot-jackson/4.0.0-SNAPSHOT/spring-boot-jackson-4.0.0-20250722.131803-141.jar
2025-07-22 21:05:12,805 [BasicRepositoryConnector-repo.spring.io-5-3] INFO  o.e.m.c.i.e.AbstractTransferListenerAdapter - Downloaded https://repo.spring.io/snapshot/org/springframework/boot/spring-boot-tomcat/4.0.0-SNAPSHOT/spring-boot-tomcat-4.0.0-20250722.131803-152.jar
2025-07-22 21:05:13,099 [Worker-26: Importing Maven projects] INFO  o.e.m.c.i.e.AbstractTransferListenerAdapter - Downloaded https://repo.spring.io/milestone/com/fasterxml/jackson/core/jackson-databind/2.19.1/jackson-databind-2.19.1.jar
2025-07-22 21:05:13,408 [BasicRepositoryConnector-repo.spring.io-6-4] INFO  o.e.m.c.i.e.AbstractTransferListenerAdapter - Downloaded https://repo.spring.io/milestone/com/fasterxml/jackson/module/jackson-module-parameter-names/2.19.1/jackson-module-parameter-names-2.19.1.jar
2025-07-22 21:05:13,408 [BasicRepositoryConnector-repo.spring.io-6-3] INFO  o.e.m.c.i.e.AbstractTransferListenerAdapter - Downloaded https://repo.spring.io/milestone/com/fasterxml/jackson/datatype/jackson-datatype-jsr310/2.19.1/jackson-datatype-jsr310-2.19.1.jar
2025-07-22 21:05:13,408 [BasicRepositoryConnector-repo.spring.io-6-2] INFO  o.e.m.c.i.e.AbstractTransferListenerAdapter - Downloaded https://repo.spring.io/milestone/com/fasterxml/jackson/datatype/jackson-datatype-jdk8/2.19.1/jackson-datatype-jdk8-2.19.1.jar
2025-07-22 21:05:13,408 [BasicRepositoryConnector-repo.spring.io-6-0] INFO  o.e.m.c.i.e.AbstractTransferListenerAdapter - Downloaded https://repo.spring.io/milestone/com/fasterxml/jackson/core/jackson-annotations/2.19.1/jackson-annotations-2.19.1.jar
2025-07-22 21:05:13,408 [BasicRepositoryConnector-repo.spring.io-6-1] INFO  o.e.m.c.i.e.AbstractTransferListenerAdapter - Downloaded https://repo.spring.io/milestone/com/fasterxml/jackson/core/jackson-core/2.19.1/jackson-core-2.19.1.jar
2025-07-22 21:05:13,456 [Worker-28: Download sources and javadoc] INFO  o.e.m.c.i.e.AbstractTransferListenerAdapter - Downloading https://repo.spring.io/milestone/org/springframework/spring-jdbc/7.0.0-M7/spring-jdbc-7.0.0-M7-sources.jar
2025-07-22 21:05:13,667 [BasicRepositoryConnector-repo.spring.io-6-3] INFO  o.e.m.c.i.e.AbstractTransferListenerAdapter - Downloaded https://repo.spring.io/milestone/org/apache/tomcat/embed/tomcat-embed-el/11.0.9/tomcat-embed-el-11.0.9.jar
2025-07-22 21:05:13,668 [BasicRepositoryConnector-repo.spring.io-6-2] INFO  o.e.m.c.i.e.AbstractTransferListenerAdapter - Downloaded https://repo.spring.io/milestone/org/apache/tomcat/embed/tomcat-embed-websocket/11.0.9/tomcat-embed-websocket-11.0.9.jar
2025-07-22 21:05:13,671 [BasicRepositoryConnector-repo.spring.io-6-4] INFO  o.e.m.c.i.e.AbstractTransferListenerAdapter - Downloaded https://repo.spring.io/milestone/org/apache/tomcat/embed/tomcat-embed-core/11.0.9/tomcat-embed-core-11.0.9.jar
2025-07-22 21:05:13,737 [Worker-26: Importing Maven projects] INFO  o.e.m.c.i.e.AbstractTransferListenerAdapter - Downloading https://repo.maven.apache.org/maven2/com/fasterxml/jackson/core/jackson-databind/2.19.1/jackson-databind-2.19.1.jar
2025-07-22 21:05:13,983 [Worker-26: Importing Maven projects] INFO  o.e.m.c.i.e.AbstractTransferListenerAdapter - Downloaded https://repo.maven.apache.org/maven2/com/fasterxml/jackson/core/jackson-databind/2.19.1/jackson-databind-2.19.1.jar
2025-07-22 21:05:14,015 [BasicRepositoryConnector-repo.maven.apache.org-7-1] INFO  o.e.m.c.i.e.AbstractTransferListenerAdapter - Downloading https://repo.maven.apache.org/maven2/com/fasterxml/jackson/core/jackson-core/2.19.1/jackson-core-2.19.1.jar
2025-07-22 21:05:14,083 [BasicRepositoryConnector-repo.maven.apache.org-7-2] INFO  o.e.m.c.i.e.AbstractTransferListenerAdapter - Downloading https://repo.maven.apache.org/maven2/com/fasterxml/jackson/datatype/jackson-datatype-jdk8/2.19.1/jackson-datatype-jdk8-2.19.1.jar
2025-07-22 21:05:14,097 [BasicRepositoryConnector-repo.maven.apache.org-7-3] INFO  o.e.m.c.i.e.AbstractTransferListenerAdapter - Downloading https://repo.maven.apache.org/maven2/com/fasterxml/jackson/datatype/jackson-datatype-jsr310/2.19.1/jackson-datatype-jsr310-2.19.1.jar
2025-07-22 21:05:14,100 [BasicRepositoryConnector-repo.maven.apache.org-7-2] INFO  o.e.m.c.i.e.AbstractTransferListenerAdapter - Downloaded https://repo.maven.apache.org/maven2/com/fasterxml/jackson/datatype/jackson-datatype-jdk8/2.19.1/jackson-datatype-jdk8-2.19.1.jar
2025-07-22 21:05:14,102 [BasicRepositoryConnector-repo.maven.apache.org-7-1] INFO  o.e.m.c.i.e.AbstractTransferListenerAdapter - Downloaded https://repo.maven.apache.org/maven2/com/fasterxml/jackson/core/jackson-core/2.19.1/jackson-core-2.19.1.jar
2025-07-22 21:05:14,104 [BasicRepositoryConnector-repo.maven.apache.org-7-4] INFO  o.e.m.c.i.e.AbstractTransferListenerAdapter - Downloading https://repo.maven.apache.org/maven2/com/fasterxml/jackson/module/jackson-module-parameter-names/2.19.1/jackson-module-parameter-names-2.19.1.jar
2025-07-22 21:05:14,112 [BasicRepositoryConnector-repo.maven.apache.org-7-4] INFO  o.e.m.c.i.e.AbstractTransferListenerAdapter - Downloaded https://repo.maven.apache.org/maven2/com/fasterxml/jackson/module/jackson-module-parameter-names/2.19.1/jackson-module-parameter-names-2.19.1.jar
2025-07-22 21:05:14,124 [BasicRepositoryConnector-repo.maven.apache.org-7-0] INFO  o.e.m.c.i.e.AbstractTransferListenerAdapter - Downloading https://repo.maven.apache.org/maven2/com/fasterxml/jackson/core/jackson-annotations/2.19.1/jackson-annotations-2.19.1.jar
2025-07-22 21:05:14,128 [BasicRepositoryConnector-repo.maven.apache.org-7-2] INFO  o.e.m.c.i.e.AbstractTransferListenerAdapter - Downloading https://repo.maven.apache.org/maven2/org/apache/tomcat/embed/tomcat-embed-core/11.0.9/tomcat-embed-core-11.0.9.jar
2025-07-22 21:05:14,132 [BasicRepositoryConnector-repo.maven.apache.org-7-1] INFO  o.e.m.c.i.e.AbstractTransferListenerAdapter - Downloading https://repo.maven.apache.org/maven2/org/apache/tomcat/embed/tomcat-embed-el/11.0.9/tomcat-embed-el-11.0.9.jar
2025-07-22 21:05:14,146 [BasicRepositoryConnector-repo.maven.apache.org-7-4] INFO  o.e.m.c.i.e.AbstractTransferListenerAdapter - Downloading https://repo.maven.apache.org/maven2/org/apache/tomcat/embed/tomcat-embed-websocket/11.0.9/tomcat-embed-websocket-11.0.9.jar
2025-07-22 21:05:14,159 [BasicRepositoryConnector-repo.maven.apache.org-7-3] INFO  o.e.m.c.i.e.AbstractTransferListenerAdapter - Downloaded https://repo.maven.apache.org/maven2/com/fasterxml/jackson/datatype/jackson-datatype-jsr310/2.19.1/jackson-datatype-jsr310-2.19.1.jar
2025-07-22 21:05:14,176 [BasicRepositoryConnector-repo.maven.apache.org-7-0] INFO  o.e.m.c.i.e.AbstractTransferListenerAdapter - Downloaded https://repo.maven.apache.org/maven2/com/fasterxml/jackson/core/jackson-annotations/2.19.1/jackson-annotations-2.19.1.jar
2025-07-22 21:05:14,177 [BasicRepositoryConnector-repo.maven.apache.org-7-1] INFO  o.e.m.c.i.e.AbstractTransferListenerAdapter - Downloaded https://repo.maven.apache.org/maven2/org/apache/tomcat/embed/tomcat-embed-el/11.0.9/tomcat-embed-el-11.0.9.jar
2025-07-22 21:05:14,274 [BasicRepositoryConnector-repo.maven.apache.org-7-4] INFO  o.e.m.c.i.e.AbstractTransferListenerAdapter - Downloaded https://repo.maven.apache.org/maven2/org/apache/tomcat/embed/tomcat-embed-websocket/11.0.9/tomcat-embed-websocket-11.0.9.jar
2025-07-22 21:05:14,385 [BasicRepositoryConnector-repo.maven.apache.org-7-2] INFO  o.e.m.c.i.e.AbstractTransferListenerAdapter - Downloaded https://repo.maven.apache.org/maven2/org/apache/tomcat/embed/tomcat-embed-core/11.0.9/tomcat-embed-core-11.0.9.jar
2025-07-22 21:05:15,023 [Worker-26: Importing Maven projects] INFO  o.e.m.j.i.AbstractJavaProjectConfigurator - Adding source folder /raj/src/main/java
2025-07-22 21:05:15,023 [Worker-26: Importing Maven projects] INFO  o.e.m.j.i.AbstractJavaProjectConfigurator - Adding resource folder /raj/src/main/resources
2025-07-22 21:05:15,026 [Worker-26: Importing Maven projects] INFO  o.e.m.j.i.AbstractJavaProjectConfigurator - Adding resource folder /raj/src/main/resources
2025-07-22 21:05:15,030 [Worker-26: Importing Maven projects] INFO  o.e.m.j.i.AbstractJavaProjectConfigurator - Adding source folder /raj/src/test/java
2025-07-22 21:05:15,030 [Worker-26: Importing Maven projects] INFO  o.e.m.j.i.AbstractJavaProjectConfigurator - Adding resource folder /raj/src/test/resources
2025-07-22 21:05:15,361 [Worker-28: Download sources and javadoc] INFO  o.e.m.c.i.e.AbstractTransferListenerAdapter - Downloaded https://repo.spring.io/milestone/org/springframework/spring-jdbc/7.0.0-M7/spring-jdbc-7.0.0-M7-sources.jar
2025-07-22 21:05:15,366 [Worker-28: Download sources and javadoc] INFO  o.e.m.j.internal.DownloadSourcesJob - Downloaded sources for org.springframework:spring-jdbc:7.0.0-M7
2025-07-22 21:05:16,403 [Worker-28: Download sources and javadoc] INFO  o.e.m.c.i.e.AbstractTransferListenerAdapter - Downloading https://repo.spring.io/snapshot/org/springframework/boot/spring-boot-tx/4.0.0-SNAPSHOT/spring-boot-tx-4.0.0-20250722.131803-135-sources.jar
2025-07-22 21:05:16,688 [Worker-28: Download sources and javadoc] INFO  o.e.m.c.i.e.AbstractTransferListenerAdapter - Downloaded https://repo.spring.io/snapshot/org/springframework/boot/spring-boot-tx/4.0.0-SNAPSHOT/spring-boot-tx-4.0.0-20250722.131803-135-sources.jar
2025-07-22 21:05:16,717 [Worker-28: Download sources and javadoc] INFO  o.e.m.j.internal.DownloadSourcesJob - Downloaded sources for org.springframework.boot:spring-boot-tx:4.0.0-SNAPSHOT
2025-07-22 21:05:17,441 [Worker-26: Importing Maven projects] INFO  o.e.m.c.i.e.AbstractTransferListenerAdapter - Downloaded https://repo.spring.io/milestone/org/apache/maven/plugins/maven-clean-plugin/3.5.0/maven-clean-plugin-3.5.0.pom
2025-07-22 21:05:17,472 [Worker-26: Importing Maven projects] INFO  o.e.m.c.i.e.AbstractTransferListenerAdapter - Downloading https://repo.maven.apache.org/maven2/org/apache/maven/plugins/maven-clean-plugin/3.5.0/maven-clean-plugin-3.5.0.pom
2025-07-22 21:05:17,480 [Worker-26: Importing Maven projects] INFO  o.e.m.c.i.e.AbstractTransferListenerAdapter - Downloaded https://repo.maven.apache.org/maven2/org/apache/maven/plugins/maven-clean-plugin/3.5.0/maven-clean-plugin-3.5.0.pom
2025-07-22 21:05:17,745 [Worker-26: Importing Maven projects] INFO  o.e.m.c.i.e.AbstractTransferListenerAdapter - Downloaded https://repo.spring.io/milestone/org/apache/maven/plugins/maven-plugins/44/maven-plugins-44.pom
2025-07-22 21:05:17,768 [Worker-28: Download sources and javadoc] INFO  o.e.m.c.i.e.AbstractTransferListenerAdapter - Downloaded https://repo.spring.io/milestone/com/zaxxer/HikariCP/6.3.0/HikariCP-6.3.0-sources.jar
2025-07-22 21:05:17,775 [Worker-26: Importing Maven projects] INFO  o.e.m.c.i.e.AbstractTransferListenerAdapter - Downloading https://repo.maven.apache.org/maven2/org/apache/maven/plugins/maven-plugins/44/maven-plugins-44.pom
2025-07-22 21:05:17,781 [Worker-26: Importing Maven projects] INFO  o.e.m.c.i.e.AbstractTransferListenerAdapter - Downloaded https://repo.maven.apache.org/maven2/org/apache/maven/plugins/maven-plugins/44/maven-plugins-44.pom
2025-07-22 21:05:18,045 [Worker-28: Download sources and javadoc] INFO  o.e.m.c.i.e.AbstractTransferListenerAdapter - Downloading https://repo.maven.apache.org/maven2/com/zaxxer/HikariCP/6.3.0/HikariCP-6.3.0-sources.jar
2025-07-22 21:05:18,166 [Worker-28: Download sources and javadoc] INFO  o.e.m.c.i.e.AbstractTransferListenerAdapter - Downloaded https://repo.maven.apache.org/maven2/com/zaxxer/HikariCP/6.3.0/HikariCP-6.3.0-sources.jar
2025-07-22 21:05:18,172 [Worker-28: Download sources and javadoc] INFO  o.e.m.j.internal.DownloadSourcesJob - Downloaded sources for com.zaxxer:HikariCP:6.3.0
2025-07-22 21:05:18,321 [Worker-26: Importing Maven projects] INFO  o.e.m.c.i.p.ProjectConfigurationManager - Imported and configured 1 project(s) in 16 sec
2025-07-22 21:05:18,727 [Worker-23: Building] INFO  o.a.m.s.f.DefaultMavenResourcesFiltering - Copying 1 resource from src\main\resources to target\classes
2025-07-22 21:05:18,738 [Worker-23: Building] INFO  o.a.m.s.f.DefaultMavenResourcesFiltering - Copying 0 resource from src\main\resources to target\classes
2025-07-22 21:05:18,743 [Worker-23: Building] INFO  o.a.m.s.f.DefaultMavenResourcesFiltering - skip non existing resourceDirectory D:\raj\src\test\resources
2025-07-22 21:05:19,183 [Worker-28: Download sources and javadoc] INFO  o.e.m.c.i.e.AbstractTransferListenerAdapter - Downloading https://repo.spring.io/snapshot/org/springframework/boot/spring-boot-starter-mail/4.0.0-SNAPSHOT/spring-boot-starter-mail-4.0.0-20250722.131803-314-sources.jar
2025-07-22 21:05:19,189 [Worker-28: Download sources and javadoc] INFO  o.e.m.c.i.e.AbstractTransferListenerAdapter - Downloaded https://repo.spring.io/snapshot/org/springframework/boot/spring-boot-starter-mail/4.0.0-SNAPSHOT/spring-boot-starter-mail-4.0.0-20250722.131803-314-sources.jar
2025-07-22 21:05:19,198 [Worker-28: Download sources and javadoc] INFO  o.e.m.j.internal.DownloadSourcesJob - Downloaded sources for org.springframework.boot:spring-boot-starter-mail:4.0.0-SNAPSHOT
2025-07-22 21:05:20,190 [Worker-28: Download sources and javadoc] INFO  o.e.m.c.i.e.AbstractTransferListenerAdapter - Downloading https://repo.spring.io/snapshot/org/springframework/boot/spring-boot-mail/4.0.0-SNAPSHOT/spring-boot-mail-4.0.0-20250722.131803-139-sources.jar
2025-07-22 21:05:20,482 [Worker-28: Download sources and javadoc] INFO  o.e.m.c.i.e.AbstractTransferListenerAdapter - Downloaded https://repo.spring.io/snapshot/org/springframework/boot/spring-boot-mail/4.0.0-SNAPSHOT/spring-boot-mail-4.0.0-20250722.131803-139-sources.jar
2025-07-22 21:05:20,493 [Worker-28: Download sources and javadoc] INFO  o.e.m.j.internal.DownloadSourcesJob - Downloaded sources for org.springframework.boot:spring-boot-mail:4.0.0-SNAPSHOT
2025-07-22 21:05:21,707 [Worker-28: Download sources and javadoc] INFO  o.e.m.c.i.e.AbstractTransferListenerAdapter - Downloading https://repo.spring.io/milestone/org/springframework/spring-context-support/7.0.0-M7/spring-context-support-7.0.0-M7-sources.jar
2025-07-22 21:05:22,646 [Worker-28: Download sources and javadoc] INFO  o.e.m.c.i.e.AbstractTransferListenerAdapter - Downloaded https://repo.spring.io/milestone/org/springframework/spring-context-support/7.0.0-M7/spring-context-support-7.0.0-M7-sources.jar
2025-07-22 21:05:22,652 [Worker-28: Download sources and javadoc] INFO  o.e.m.j.internal.DownloadSourcesJob - Downloaded sources for org.springframework:spring-context-support:7.0.0-M7
2025-07-22 21:05:23,839 [Worker-28: Download sources and javadoc] INFO  o.e.m.c.i.e.AbstractTransferListenerAdapter - Downloading https://repo.spring.io/snapshot/org/springframework/boot/spring-boot-starter-security/4.0.0-SNAPSHOT/spring-boot-starter-security-4.0.0-20250722.131803-314-sources.jar
2025-07-22 21:05:23,855 [Worker-28: Download sources and javadoc] INFO  o.e.m.c.i.e.AbstractTransferListenerAdapter - Downloaded https://repo.spring.io/snapshot/org/springframework/boot/spring-boot-starter-security/4.0.0-SNAPSHOT/spring-boot-starter-security-4.0.0-20250722.131803-314-sources.jar
2025-07-22 21:05:23,863 [Worker-28: Download sources and javadoc] INFO  o.e.m.j.internal.DownloadSourcesJob - Downloaded sources for org.springframework.boot:spring-boot-starter-security:4.0.0-SNAPSHOT
2025-07-22 21:05:24,922 [Worker-28: Download sources and javadoc] INFO  o.e.m.c.i.e.AbstractTransferListenerAdapter - Downloading https://repo.spring.io/snapshot/org/springframework/boot/spring-boot-security/4.0.0-SNAPSHOT/spring-boot-security-4.0.0-20250722.131803-91-sources.jar
2025-07-22 21:05:25,502 [Worker-28: Download sources and javadoc] INFO  o.e.m.c.i.e.AbstractTransferListenerAdapter - Downloaded https://repo.spring.io/snapshot/org/springframework/boot/spring-boot-security/4.0.0-SNAPSHOT/spring-boot-security-4.0.0-20250722.131803-91-sources.jar
2025-07-22 21:05:25,516 [Worker-28: Download sources and javadoc] INFO  o.e.m.j.internal.DownloadSourcesJob - Downloaded sources for org.springframework.boot:spring-boot-security:4.0.0-SNAPSHOT
2025-07-22 21:05:26,717 [Worker-28: Download sources and javadoc] INFO  o.e.m.c.i.e.AbstractTransferListenerAdapter - Downloaded https://repo.spring.io/milestone/org/springframework/security/spring-security-config/7.0.0-M1/spring-security-config-7.0.0-M1-sources.jar
2025-07-22 21:05:26,830 [Worker-28: Download sources and javadoc] INFO  o.e.m.c.i.e.AbstractTransferListenerAdapter - Downloading https://repo.maven.apache.org/maven2/org/springframework/security/spring-security-config/7.0.0-M1/spring-security-config-7.0.0-M1-sources.jar
2025-07-22 21:05:26,978 [Worker-28: Download sources and javadoc] INFO  o.e.m.c.i.e.AbstractTransferListenerAdapter - Downloaded https://repo.maven.apache.org/maven2/org/springframework/security/spring-security-config/7.0.0-M1/spring-security-config-7.0.0-M1-sources.jar
2025-07-22 21:05:26,982 [Worker-28: Download sources and javadoc] INFO  o.e.m.j.internal.DownloadSourcesJob - Downloaded sources for org.springframework.security:spring-security-config:7.0.0-M1
2025-07-22 21:05:29,115 [Worker-28: Download sources and javadoc] INFO  o.e.m.c.i.e.AbstractTransferListenerAdapter - Downloading https://repo.spring.io/milestone/org/springframework/spring-aop/7.0.0-M7/spring-aop-7.0.0-M7-sources.jar
2025-07-22 21:05:31,135 [Worker-28: Download sources and javadoc] INFO  o.e.m.c.i.e.AbstractTransferListenerAdapter - Downloaded https://repo.spring.io/milestone/org/springframework/spring-aop/7.0.0-M7/spring-aop-7.0.0-M7-sources.jar
2025-07-22 21:05:31,140 [Worker-28: Download sources and javadoc] INFO  o.e.m.j.internal.DownloadSourcesJob - Downloaded sources for org.springframework:spring-aop:7.0.0-M7
2025-07-22 21:05:33,376 [Worker-28: Download sources and javadoc] INFO  o.e.m.c.i.e.AbstractTransferListenerAdapter - Downloading https://repo.spring.io/milestone/org/springframework/spring-beans/7.0.0-M7/spring-beans-7.0.0-M7-sources.jar
2025-07-22 21:05:35,744 [Worker-28: Download sources and javadoc] INFO  o.e.m.c.i.e.AbstractTransferListenerAdapter - Downloaded https://repo.spring.io/milestone/org/springframework/spring-beans/7.0.0-M7/spring-beans-7.0.0-M7-sources.jar
2025-07-22 21:05:35,749 [Worker-28: Download sources and javadoc] INFO  o.e.m.j.internal.DownloadSourcesJob - Downloaded sources for org.springframework:spring-beans:7.0.0-M7
2025-07-22 21:05:37,989 [Worker-28: Download sources and javadoc] INFO  o.e.m.c.i.e.AbstractTransferListenerAdapter - Downloading https://repo.spring.io/snapshot/org/springframework/boot/spring-boot-devtools/4.0.0-SNAPSHOT/spring-boot-devtools-4.0.0-20250722.131803-314-sources.jar
2025-07-22 21:05:38,773 [Worker-28: Download sources and javadoc] INFO  o.e.m.c.i.e.AbstractTransferListenerAdapter - Downloaded https://repo.spring.io/snapshot/org/springframework/boot/spring-boot-devtools/4.0.0-SNAPSHOT/spring-boot-devtools-4.0.0-20250722.131803-314-sources.jar
2025-07-22 21:05:38,783 [Worker-28: Download sources and javadoc] INFO  o.e.m.j.internal.DownloadSourcesJob - Downloaded sources for org.springframework.boot:spring-boot-devtools:4.0.0-SNAPSHOT
2025-07-22 21:05:40,893 [Worker-28: Download sources and javadoc] INFO  o.e.m.c.i.e.AbstractTransferListenerAdapter - Downloading https://repo.spring.io/snapshot/org/springframework/boot/spring-boot/4.0.0-SNAPSHOT/spring-boot-4.0.0-20250722.131803-314-sources.jar
2025-07-22 21:05:43,605 [Worker-28: Download sources and javadoc] INFO  o.e.m.c.i.e.AbstractTransferListenerAdapter - Downloaded https://repo.spring.io/snapshot/org/springframework/boot/spring-boot/4.0.0-SNAPSHOT/spring-boot-4.0.0-20250722.131803-314-sources.jar
2025-07-22 21:05:43,624 [Worker-28: Download sources and javadoc] INFO  o.e.m.j.internal.DownloadSourcesJob - Downloaded sources for org.springframework.boot:spring-boot:4.0.0-SNAPSHOT
2025-07-22 21:05:45,968 [Worker-28: Download sources and javadoc] INFO  o.e.m.c.i.e.AbstractTransferListenerAdapter - Downloading https://repo.spring.io/milestone/org/springframework/spring-context/7.0.0-M7/spring-context-7.0.0-M7-sources.jar
2025-07-22 21:05:48,030 [Worker-28: Download sources and javadoc] INFO  o.e.m.c.i.e.AbstractTransferListenerAdapter - Downloaded https://repo.spring.io/milestone/org/springframework/spring-context/7.0.0-M7/spring-context-7.0.0-M7-sources.jar
2025-07-22 21:05:48,035 [Worker-28: Download sources and javadoc] INFO  o.e.m.j.internal.DownloadSourcesJob - Downloaded sources for org.springframework:spring-context:7.0.0-M7
2025-07-22 21:05:49,852 [Worker-28: Download sources and javadoc] INFO  o.e.m.c.i.e.AbstractTransferListenerAdapter - Downloading https://repo.spring.io/snapshot/org/springframework/boot/spring-boot-autoconfigure/4.0.0-SNAPSHOT/spring-boot-autoconfigure-4.0.0-20250722.131803-314-sources.jar
2025-07-22 21:05:50,936 [Worker-28: Download sources and javadoc] INFO  o.e.m.c.i.e.AbstractTransferListenerAdapter - Downloaded https://repo.spring.io/snapshot/org/springframework/boot/spring-boot-autoconfigure/4.0.0-SNAPSHOT/spring-boot-autoconfigure-4.0.0-20250722.131803-314-sources.jar
2025-07-22 21:05:50,936 [Worker-28: Download sources and javadoc] INFO  o.e.m.j.internal.DownloadSourcesJob - Downloaded sources for org.springframework.boot:spring-boot-autoconfigure:4.0.0-SNAPSHOT
2025-07-22 21:05:51,725 [Worker-28: Download sources and javadoc] INFO  o.e.m.c.i.e.AbstractTransferListenerAdapter - Downloaded https://repo.spring.io/milestone/com/mysql/mysql-connector-j/9.3.0/mysql-connector-j-9.3.0-sources.jar
2025-07-22 21:05:51,900 [Worker-28: Download sources and javadoc] INFO  o.e.m.c.i.e.AbstractTransferListenerAdapter - Downloading https://repo.maven.apache.org/maven2/com/mysql/mysql-connector-j/9.3.0/mysql-connector-j-9.3.0-sources.jar
2025-07-22 21:05:52,185 [Worker-28: Download sources and javadoc] INFO  o.e.m.c.i.e.AbstractTransferListenerAdapter - Downloaded https://repo.maven.apache.org/maven2/com/mysql/mysql-connector-j/9.3.0/mysql-connector-j-9.3.0-sources.jar
2025-07-22 21:05:52,185 [Worker-28: Download sources and javadoc] INFO  o.e.m.j.internal.DownloadSourcesJob - Downloaded sources for com.mysql:mysql-connector-j:9.3.0
2025-07-22 21:05:53,291 [Worker-28: Download sources and javadoc] INFO  o.e.m.c.i.e.AbstractTransferListenerAdapter - Downloading https://repo.spring.io/snapshot/org/springframework/boot/spring-boot-starter-test/4.0.0-SNAPSHOT/spring-boot-starter-test-4.0.0-20250722.131803-314-sources.jar
2025-07-22 21:05:53,310 [Worker-28: Download sources and javadoc] INFO  o.e.m.c.i.e.AbstractTransferListenerAdapter - Downloaded https://repo.spring.io/snapshot/org/springframework/boot/spring-boot-starter-test/4.0.0-SNAPSHOT/spring-boot-starter-test-4.0.0-20250722.131803-314-sources.jar
2025-07-22 21:05:53,328 [Worker-28: Download sources and javadoc] INFO  o.e.m.j.internal.DownloadSourcesJob - Downloaded sources for org.springframework.boot:spring-boot-starter-test:4.0.0-SNAPSHOT
2025-07-22 21:05:54,059 [Worker-28: Download sources and javadoc] INFO  o.e.m.c.i.e.AbstractTransferListenerAdapter - Downloading https://repo.spring.io/snapshot/org/springframework/boot/spring-boot-test/4.0.0-SNAPSHOT/spring-boot-test-4.0.0-20250722.131803-314-sources.jar
2025-07-22 21:05:54,715 [Worker-28: Download sources and javadoc] INFO  o.e.m.c.i.e.AbstractTransferListenerAdapter - Downloaded https://repo.spring.io/snapshot/org/springframework/boot/spring-boot-test/4.0.0-SNAPSHOT/spring-boot-test-4.0.0-20250722.131803-314-sources.jar
2025-07-22 21:05:54,745 [Worker-28: Download sources and javadoc] INFO  o.e.m.j.internal.DownloadSourcesJob - Downloaded sources for org.springframework.boot:spring-boot-test:4.0.0-SNAPSHOT
2025-07-22 21:05:55,899 [Worker-28: Download sources and javadoc] INFO  o.e.m.c.i.e.AbstractTransferListenerAdapter - Downloading https://repo.spring.io/snapshot/org/springframework/boot/spring-boot-http-client/4.0.0-SNAPSHOT/spring-boot-http-client-4.0.0-20250722.131803-66-sources.jar
2025-07-22 21:05:56,393 [Worker-28: Download sources and javadoc] INFO  o.e.m.c.i.e.AbstractTransferListenerAdapter - Downloaded https://repo.spring.io/snapshot/org/springframework/boot/spring-boot-http-client/4.0.0-SNAPSHOT/spring-boot-http-client-4.0.0-20250722.131803-66-sources.jar
2025-07-22 21:05:56,408 [Worker-28: Download sources and javadoc] INFO  o.e.m.j.internal.DownloadSourcesJob - Downloaded sources for org.springframework.boot:spring-boot-http-client:4.0.0-SNAPSHOT
2025-07-22 21:05:57,532 [Worker-28: Download sources and javadoc] INFO  o.e.m.c.i.e.AbstractTransferListenerAdapter - Downloading https://repo.spring.io/snapshot/org/springframework/boot/spring-boot-http-codec/4.0.0-SNAPSHOT/spring-boot-http-codec-4.0.0-20250722.131803-87-sources.jar
2025-07-22 21:05:57,548 [Worker-28: Download sources and javadoc] INFO  o.e.m.c.i.e.AbstractTransferListenerAdapter - Downloaded https://repo.spring.io/snapshot/org/springframework/boot/spring-boot-http-codec/4.0.0-SNAPSHOT/spring-boot-http-codec-4.0.0-20250722.131803-87-sources.jar
2025-07-22 21:05:57,563 [Worker-28: Download sources and javadoc] INFO  o.e.m.j.internal.DownloadSourcesJob - Downloaded sources for org.springframework.boot:spring-boot-http-codec:4.0.0-SNAPSHOT
2025-07-22 21:05:58,623 [Worker-28: Download sources and javadoc] INFO  o.e.m.c.i.e.AbstractTransferListenerAdapter - Downloading https://repo.spring.io/snapshot/org/springframework/boot/spring-boot-restclient/4.0.0-SNAPSHOT/spring-boot-restclient-4.0.0-20250722.131803-56-sources.jar
2025-07-22 21:05:59,117 [Worker-28: Download sources and javadoc] INFO  o.e.m.c.i.e.AbstractTransferListenerAdapter - Downloaded https://repo.spring.io/snapshot/org/springframework/boot/spring-boot-restclient/4.0.0-SNAPSHOT/spring-boot-restclient-4.0.0-20250722.131803-56-sources.jar
2025-07-22 21:05:59,136 [Worker-28: Download sources and javadoc] INFO  o.e.m.j.internal.DownloadSourcesJob - Downloaded sources for org.springframework.boot:spring-boot-restclient:4.0.0-SNAPSHOT
2025-07-22 21:06:00,254 [Worker-28: Download sources and javadoc] INFO  o.e.m.c.i.e.AbstractTransferListenerAdapter - Downloading https://repo.spring.io/snapshot/org/springframework/boot/spring-boot-restclient-test/4.0.0-SNAPSHOT/spring-boot-restclient-test-4.0.0-20250722.131803-56-sources.jar
2025-07-22 21:06:00,271 [Worker-28: Download sources and javadoc] INFO  o.e.m.c.i.e.AbstractTransferListenerAdapter - Downloaded https://repo.spring.io/snapshot/org/springframework/boot/spring-boot-restclient-test/4.0.0-SNAPSHOT/spring-boot-restclient-test-4.0.0-20250722.131803-56-sources.jar
2025-07-22 21:06:00,284 [Worker-28: Download sources and javadoc] INFO  o.e.m.j.internal.DownloadSourcesJob - Downloaded sources for org.springframework.boot:spring-boot-restclient-test:4.0.0-SNAPSHOT
2025-07-22 21:06:02,288 [Worker-28: Download sources and javadoc] INFO  o.e.m.c.i.e.AbstractTransferListenerAdapter - Downloading https://repo.spring.io/snapshot/org/springframework/boot/spring-boot-test-autoconfigure/4.0.0-SNAPSHOT/spring-boot-test-autoconfigure-4.0.0-20250722.131803-314-sources.jar
2025-07-22 21:06:03,294 [Worker-28: Download sources and javadoc] INFO  o.e.m.c.i.e.AbstractTransferListenerAdapter - Downloaded https://repo.spring.io/snapshot/org/springframework/boot/spring-boot-test-autoconfigure/4.0.0-SNAPSHOT/spring-boot-test-autoconfigure-4.0.0-20250722.131803-314-sources.jar
2025-07-22 21:06:03,307 [Worker-28: Download sources and javadoc] INFO  o.e.m.j.internal.DownloadSourcesJob - Downloaded sources for org.springframework.boot:spring-boot-test-autoconfigure:4.0.0-SNAPSHOT
2025-07-22 21:06:04,415 [Worker-28: Download sources and javadoc] INFO  o.e.m.c.i.e.AbstractTransferListenerAdapter - Downloading https://repo.spring.io/snapshot/org/springframework/boot/spring-boot-web-server-test/4.0.0-SNAPSHOT/spring-boot-web-server-test-4.0.0-20250722.131803-69-sources.jar
2025-07-22 21:06:04,666 [Worker-28: Download sources and javadoc] INFO  o.e.m.c.i.e.AbstractTransferListenerAdapter - Downloaded https://repo.spring.io/snapshot/org/springframework/boot/spring-boot-web-server-test/4.0.0-SNAPSHOT/spring-boot-web-server-test-4.0.0-20250722.131803-69-sources.jar
2025-07-22 21:06:04,677 [Worker-28: Download sources and javadoc] INFO  o.e.m.j.internal.DownloadSourcesJob - Downloaded sources for org.springframework.boot:spring-boot-web-server-test:4.0.0-SNAPSHOT
2025-07-22 21:06:05,649 [Worker-28: Download sources and javadoc] INFO  o.e.m.c.i.e.AbstractTransferListenerAdapter - Downloading https://repo.spring.io/snapshot/org/springframework/boot/spring-boot-webclient/4.0.0-SNAPSHOT/spring-boot-webclient-4.0.0-20250722.131803-56-sources.jar
2025-07-22 21:06:05,934 [Worker-28: Download sources and javadoc] INFO  o.e.m.c.i.e.AbstractTransferListenerAdapter - Downloaded https://repo.spring.io/snapshot/org/springframework/boot/spring-boot-webclient/4.0.0-SNAPSHOT/spring-boot-webclient-4.0.0-20250722.131803-56-sources.jar
2025-07-22 21:06:05,950 [Worker-28: Download sources and javadoc] INFO  o.e.m.j.internal.DownloadSourcesJob - Downloaded sources for org.springframework.boot:spring-boot-webclient:4.0.0-SNAPSHOT
2025-07-22 21:06:07,455 [Worker-28: Download sources and javadoc] INFO  o.e.m.c.i.e.AbstractTransferListenerAdapter - Downloaded https://repo.spring.io/milestone/org/assertj/assertj-core/3.27.3/assertj-core-3.27.3-sources.jar
2025-07-22 21:06:07,580 [Worker-28: Download sources and javadoc] INFO  o.e.m.c.i.e.AbstractTransferListenerAdapter - Downloading https://repo.maven.apache.org/maven2/org/assertj/assertj-core/3.27.3/assertj-core-3.27.3-sources.jar
2025-07-22 21:06:07,774 [Worker-28: Download sources and javadoc] INFO  o.e.m.c.i.e.AbstractTransferListenerAdapter - Downloaded https://repo.maven.apache.org/maven2/org/assertj/assertj-core/3.27.3/assertj-core-3.27.3-sources.jar
2025-07-22 21:06:07,774 [Worker-28: Download sources and javadoc] INFO  o.e.m.j.internal.DownloadSourcesJob - Downloaded sources for org.assertj:assertj-core:3.27.3
2025-07-22 21:06:08,818 [Worker-28: Download sources and javadoc] INFO  o.e.m.c.i.e.AbstractTransferListenerAdapter - Downloaded https://repo.spring.io/milestone/net/bytebuddy/byte-buddy/1.17.6/byte-buddy-1.17.6-sources.jar
2025-07-22 21:06:08,935 [Worker-28: Download sources and javadoc] INFO  o.e.m.c.i.e.AbstractTransferListenerAdapter - Downloading https://repo.maven.apache.org/maven2/net/bytebuddy/byte-buddy/1.17.6/byte-buddy-1.17.6-sources.jar
2025-07-22 21:06:09,256 [Worker-28: Download sources and javadoc] INFO  o.e.m.c.i.e.AbstractTransferListenerAdapter - Downloaded https://repo.maven.apache.org/maven2/net/bytebuddy/byte-buddy/1.17.6/byte-buddy-1.17.6-sources.jar
2025-07-22 21:06:09,262 [Worker-28: Download sources and javadoc] INFO  o.e.m.j.internal.DownloadSourcesJob - Downloaded sources for net.bytebuddy:byte-buddy:1.17.6
2025-07-22 21:06:10,007 [Worker-28: Download sources and javadoc] INFO  o.e.m.c.i.e.AbstractTransferListenerAdapter - Downloaded https://repo.spring.io/milestone/org/awaitility/awaitility/4.3.0/awaitility-4.3.0-sources.jar
2025-07-22 21:06:10,149 [Worker-28: Download sources and javadoc] INFO  o.e.m.c.i.e.AbstractTransferListenerAdapter - Downloading https://repo.maven.apache.org/maven2/org/awaitility/awaitility/4.3.0/awaitility-4.3.0-sources.jar
2025-07-22 21:06:10,213 [Worker-28: Download sources and javadoc] INFO  o.e.m.c.i.e.AbstractTransferListenerAdapter - Downloaded https://repo.maven.apache.org/maven2/org/awaitility/awaitility/4.3.0/awaitility-4.3.0-sources.jar
2025-07-22 21:06:10,213 [Worker-28: Download sources and javadoc] INFO  o.e.m.j.internal.DownloadSourcesJob - Downloaded sources for org.awaitility:awaitility:4.3.0
2025-07-22 21:06:11,456 [Worker-28: Download sources and javadoc] INFO  o.e.m.c.i.e.AbstractTransferListenerAdapter - Downloaded https://repo.spring.io/milestone/org/hamcrest/hamcrest/3.0/hamcrest-3.0-sources.jar
2025-07-22 21:06:11,596 [Worker-28: Download sources and javadoc] INFO  o.e.m.c.i.e.AbstractTransferListenerAdapter - Downloading https://repo.maven.apache.org/maven2/org/hamcrest/hamcrest/3.0/hamcrest-3.0-sources.jar
2025-07-22 21:06:11,643 [Worker-28: Download sources and javadoc] INFO  o.e.m.c.i.e.AbstractTransferListenerAdapter - Downloaded https://repo.maven.apache.org/maven2/org/hamcrest/hamcrest/3.0/hamcrest-3.0-sources.jar
2025-07-22 21:06:11,659 [Worker-28: Download sources and javadoc] INFO  o.e.m.j.internal.DownloadSourcesJob - Downloaded sources for org.hamcrest:hamcrest:3.0
2025-07-22 21:06:12,812 [Worker-28: Download sources and javadoc] INFO  o.e.m.c.i.e.AbstractTransferListenerAdapter - Downloaded https://repo.spring.io/milestone/org/junit/jupiter/junit-jupiter/5.13.3/junit-jupiter-5.13.3-sources.jar
2025-07-22 21:06:12,939 [Worker-28: Download sources and javadoc] INFO  o.e.m.c.i.e.AbstractTransferListenerAdapter - Downloading https://repo.maven.apache.org/maven2/org/junit/jupiter/junit-jupiter/5.13.3/junit-jupiter-5.13.3-sources.jar
2025-07-22 21:06:12,955 [Worker-28: Download sources and javadoc] INFO  o.e.m.c.i.e.AbstractTransferListenerAdapter - Downloaded https://repo.maven.apache.org/maven2/org/junit/jupiter/junit-jupiter/5.13.3/junit-jupiter-5.13.3-sources.jar
2025-07-22 21:06:12,971 [Worker-28: Download sources and javadoc] INFO  o.e.m.j.internal.DownloadSourcesJob - Downloaded sources for org.junit.jupiter:junit-jupiter:5.13.3
2025-07-22 21:06:14,204 [Worker-28: Download sources and javadoc] INFO  o.e.m.c.i.e.AbstractTransferListenerAdapter - Downloaded https://repo.spring.io/milestone/org/junit/jupiter/junit-jupiter-api/5.13.3/junit-jupiter-api-5.13.3-sources.jar
2025-07-22 21:06:14,329 [Worker-28: Download sources and javadoc] INFO  o.e.m.c.i.e.AbstractTransferListenerAdapter - Downloading https://repo.maven.apache.org/maven2/org/junit/jupiter/junit-jupiter-api/5.13.3/junit-jupiter-api-5.13.3-sources.jar
2025-07-22 21:06:14,408 [Worker-28: Download sources and javadoc] INFO  o.e.m.c.i.e.AbstractTransferListenerAdapter - Downloaded https://repo.maven.apache.org/maven2/org/junit/jupiter/junit-jupiter-api/5.13.3/junit-jupiter-api-5.13.3-sources.jar
2025-07-22 21:06:14,423 [Worker-28: Download sources and javadoc] INFO  o.e.m.j.internal.DownloadSourcesJob - Downloaded sources for org.junit.jupiter:junit-jupiter-api:5.13.3
2025-07-22 21:06:15,606 [Worker-28: Download sources and javadoc] INFO  o.e.m.c.i.e.AbstractTransferListenerAdapter - Downloaded https://repo.spring.io/milestone/org/junit/platform/junit-platform-commons/1.13.3/junit-platform-commons-1.13.3-sources.jar
2025-07-22 21:06:15,717 [Worker-28: Download sources and javadoc] INFO  o.e.m.c.i.e.AbstractTransferListenerAdapter - Downloading https://repo.maven.apache.org/maven2/org/junit/platform/junit-platform-commons/1.13.3/junit-platform-commons-1.13.3-sources.jar
2025-07-22 21:06:15,787 [Worker-28: Download sources and javadoc] INFO  o.e.m.c.i.e.AbstractTransferListenerAdapter - Downloaded https://repo.maven.apache.org/maven2/org/junit/platform/junit-platform-commons/1.13.3/junit-platform-commons-1.13.3-sources.jar
2025-07-22 21:06:15,793 [Worker-28: Download sources and javadoc] INFO  o.e.m.j.internal.DownloadSourcesJob - Downloaded sources for org.junit.platform:junit-platform-commons:1.13.3
2025-07-22 21:06:16,681 [Worker-28: Download sources and javadoc] INFO  o.e.m.c.i.e.AbstractTransferListenerAdapter - Downloaded https://repo.spring.io/milestone/org/junit/jupiter/junit-jupiter-params/5.13.3/junit-jupiter-params-5.13.3-sources.jar
2025-07-22 21:06:16,845 [Worker-28: Download sources and javadoc] INFO  o.e.m.c.i.e.AbstractTransferListenerAdapter - Downloading https://repo.maven.apache.org/maven2/org/junit/jupiter/junit-jupiter-params/5.13.3/junit-jupiter-params-5.13.3-sources.jar
2025-07-22 21:06:16,922 [Worker-28: Download sources and javadoc] INFO  o.e.m.c.i.e.AbstractTransferListenerAdapter - Downloaded https://repo.maven.apache.org/maven2/org/junit/jupiter/junit-jupiter-params/5.13.3/junit-jupiter-params-5.13.3-sources.jar
2025-07-22 21:06:16,929 [Worker-28: Download sources and javadoc] INFO  o.e.m.j.internal.DownloadSourcesJob - Downloaded sources for org.junit.jupiter:junit-jupiter-params:5.13.3
2025-07-22 21:06:17,911 [Worker-28: Download sources and javadoc] INFO  o.e.m.c.i.e.AbstractTransferListenerAdapter - Downloaded https://repo.spring.io/milestone/org/junit/jupiter/junit-jupiter-engine/5.13.3/junit-jupiter-engine-5.13.3-sources.jar
2025-07-22 21:06:18,066 [Worker-28: Download sources and javadoc] INFO  o.e.m.c.i.e.AbstractTransferListenerAdapter - Downloading https://repo.maven.apache.org/maven2/org/junit/jupiter/junit-jupiter-engine/5.13.3/junit-jupiter-engine-5.13.3-sources.jar
2025-07-22 21:06:18,142 [Worker-28: Download sources and javadoc] INFO  o.e.m.c.i.e.AbstractTransferListenerAdapter - Downloaded https://repo.maven.apache.org/maven2/org/junit/jupiter/junit-jupiter-engine/5.13.3/junit-jupiter-engine-5.13.3-sources.jar
2025-07-22 21:06:18,149 [Worker-28: Download sources and javadoc] INFO  o.e.m.j.internal.DownloadSourcesJob - Downloaded sources for org.junit.jupiter:junit-jupiter-engine:5.13.3
2025-07-22 21:06:19,346 [Worker-28: Download sources and javadoc] INFO  o.e.m.c.i.e.AbstractTransferListenerAdapter - Downloaded https://repo.spring.io/milestone/org/junit/platform/junit-platform-engine/1.13.3/junit-platform-engine-1.13.3-sources.jar
2025-07-22 21:06:19,462 [Worker-28: Download sources and javadoc] INFO  o.e.m.c.i.e.AbstractTransferListenerAdapter - Downloading https://repo.maven.apache.org/maven2/org/junit/platform/junit-platform-engine/1.13.3/junit-platform-engine-1.13.3-sources.jar
2025-07-22 21:06:19,598 [Worker-28: Download sources and javadoc] INFO  o.e.m.c.i.e.AbstractTransferListenerAdapter - Downloaded https://repo.maven.apache.org/maven2/org/junit/platform/junit-platform-engine/1.13.3/junit-platform-engine-1.13.3-sources.jar
2025-07-22 21:06:19,610 [Worker-28: Download sources and javadoc] INFO  o.e.m.j.internal.DownloadSourcesJob - Downloaded sources for org.junit.platform:junit-platform-engine:1.13.3
2025-07-22 21:06:20,877 [Worker-28: Download sources and javadoc] INFO  o.e.m.c.i.e.AbstractTransferListenerAdapter - Downloaded https://repo.spring.io/milestone/org/mockito/mockito-core/5.18.0/mockito-core-5.18.0-sources.jar
2025-07-22 21:06:20,987 [Worker-28: Download sources and javadoc] INFO  o.e.m.c.i.e.AbstractTransferListenerAdapter - Downloading https://repo.maven.apache.org/maven2/org/mockito/mockito-core/5.18.0/mockito-core-5.18.0-sources.jar
2025-07-22 21:06:21,102 [Worker-28: Download sources and javadoc] INFO  o.e.m.c.i.e.AbstractTransferListenerAdapter - Downloaded https://repo.maven.apache.org/maven2/org/mockito/mockito-core/5.18.0/mockito-core-5.18.0-sources.jar
2025-07-22 21:06:21,117 [Worker-28: Download sources and javadoc] INFO  o.e.m.j.internal.DownloadSourcesJob - Downloaded sources for org.mockito:mockito-core:5.18.0
2025-07-22 21:06:22,316 [Worker-28: Download sources and javadoc] INFO  o.e.m.c.i.e.AbstractTransferListenerAdapter - Downloaded https://repo.spring.io/milestone/net/bytebuddy/byte-buddy-agent/1.17.6/byte-buddy-agent-1.17.6-sources.jar
2025-07-22 21:06:22,475 [Worker-28: Download sources and javadoc] INFO  o.e.m.c.i.e.AbstractTransferListenerAdapter - Downloading https://repo.maven.apache.org/maven2/net/bytebuddy/byte-buddy-agent/1.17.6/byte-buddy-agent-1.17.6-sources.jar
2025-07-22 21:06:22,571 [Worker-28: Download sources and javadoc] INFO  o.e.m.c.i.e.AbstractTransferListenerAdapter - Downloaded https://repo.maven.apache.org/maven2/net/bytebuddy/byte-buddy-agent/1.17.6/byte-buddy-agent-1.17.6-sources.jar
2025-07-22 21:06:22,572 [Worker-28: Download sources and javadoc] INFO  o.e.m.j.internal.DownloadSourcesJob - Downloaded sources for net.bytebuddy:byte-buddy-agent:1.17.6
2025-07-22 21:06:23,644 [Worker-28: Download sources and javadoc] INFO  o.e.m.c.i.e.AbstractTransferListenerAdapter - Downloaded https://repo.spring.io/milestone/org/mockito/mockito-junit-jupiter/5.18.0/mockito-junit-jupiter-5.18.0-sources.jar
2025-07-22 21:06:23,723 [Worker-28: Download sources and javadoc] INFO  o.e.m.c.i.e.AbstractTransferListenerAdapter - Downloading https://repo.maven.apache.org/maven2/org/mockito/mockito-junit-jupiter/5.18.0/mockito-junit-jupiter-5.18.0-sources.jar
2025-07-22 21:06:23,738 [Worker-28: Download sources and javadoc] INFO  o.e.m.c.i.e.AbstractTransferListenerAdapter - Downloaded https://repo.maven.apache.org/maven2/org/mockito/mockito-junit-jupiter/5.18.0/mockito-junit-jupiter-5.18.0-sources.jar
2025-07-22 21:06:23,748 [Worker-28: Download sources and javadoc] INFO  o.e.m.j.internal.DownloadSourcesJob - Downloaded sources for org.mockito:mockito-junit-jupiter:5.18.0
2025-07-22 21:06:25,793 [Worker-28: Download sources and javadoc] INFO  o.e.m.c.i.e.AbstractTransferListenerAdapter - Downloading https://repo.spring.io/milestone/org/springframework/spring-core/7.0.0-M7/spring-core-7.0.0-M7-sources.jar
2025-07-22 21:06:29,588 [Worker-28: Download sources and javadoc] INFO  o.e.m.c.i.e.AbstractTransferListenerAdapter - Downloaded https://repo.spring.io/milestone/org/springframework/spring-core/7.0.0-M7/spring-core-7.0.0-M7-sources.jar
2025-07-22 21:06:29,613 [Worker-28: Download sources and javadoc] INFO  o.e.m.j.internal.DownloadSourcesJob - Downloaded sources for org.springframework:spring-core:7.0.0-M7
2025-07-22 21:06:30,805 [Worker-28: Download sources and javadoc] INFO  o.e.m.c.i.e.AbstractTransferListenerAdapter - Downloaded https://repo.spring.io/milestone/commons-logging/commons-logging/1.3.5/commons-logging-1.3.5-sources.jar
2025-07-22 21:06:30,915 [Worker-28: Download sources and javadoc] INFO  o.e.m.c.i.e.AbstractTransferListenerAdapter - Downloading https://repo.maven.apache.org/maven2/commons-logging/commons-logging/1.3.5/commons-logging-1.3.5-sources.jar
2025-07-22 21:06:30,955 [Worker-28: Download sources and javadoc] INFO  o.e.m.c.i.e.AbstractTransferListenerAdapter - Downloaded https://repo.maven.apache.org/maven2/commons-logging/commons-logging/1.3.5/commons-logging-1.3.5-sources.jar
2025-07-22 21:06:30,965 [Worker-28: Download sources and javadoc] INFO  o.e.m.j.internal.DownloadSourcesJob - Downloaded sources for commons-logging:commons-logging:1.3.5
2025-07-22 21:06:31,929 [Worker-28: Download sources and javadoc] INFO  o.e.m.c.i.e.AbstractTransferListenerAdapter - Downloaded https://repo.spring.io/milestone/org/jspecify/jspecify/1.0.0/jspecify-1.0.0-sources.jar
2025-07-22 21:06:32,054 [Worker-28: Download sources and javadoc] INFO  o.e.m.c.i.e.AbstractTransferListenerAdapter - Downloading https://repo.maven.apache.org/maven2/org/jspecify/jspecify/1.0.0/jspecify-1.0.0-sources.jar
2025-07-22 21:06:32,060 [Worker-28: Download sources and javadoc] INFO  o.e.m.c.i.e.AbstractTransferListenerAdapter - Downloaded https://repo.maven.apache.org/maven2/org/jspecify/jspecify/1.0.0/jspecify-1.0.0-sources.jar
2025-07-22 21:06:32,070 [Worker-28: Download sources and javadoc] INFO  o.e.m.j.internal.DownloadSourcesJob - Downloaded sources for org.jspecify:jspecify:1.0.0
2025-07-22 21:06:34,195 [Worker-28: Download sources and javadoc] INFO  o.e.m.c.i.e.AbstractTransferListenerAdapter - Downloading https://repo.spring.io/milestone/org/springframework/spring-test/7.0.0-M7/spring-test-7.0.0-M7-sources.jar
2025-07-22 21:06:35,944 [Worker-28: Download sources and javadoc] INFO  o.e.m.c.i.e.AbstractTransferListenerAdapter - Downloaded https://repo.spring.io/milestone/org/springframework/spring-test/7.0.0-M7/spring-test-7.0.0-M7-sources.jar
2025-07-22 21:06:35,958 [Worker-28: Download sources and javadoc] INFO  o.e.m.j.internal.DownloadSourcesJob - Downloaded sources for org.springframework:spring-test:7.0.0-M7
2025-07-22 21:06:37,015 [Worker-28: Download sources and javadoc] INFO  o.e.m.c.i.e.AbstractTransferListenerAdapter - Downloaded https://repo.spring.io/milestone/org/xmlunit/xmlunit-core/2.10.3/xmlunit-core-2.10.3-sources.jar
2025-07-22 21:06:37,115 [Worker-28: Download sources and javadoc] INFO  o.e.m.c.i.e.AbstractTransferListenerAdapter - Downloading https://repo.maven.apache.org/maven2/org/xmlunit/xmlunit-core/2.10.3/xmlunit-core-2.10.3-sources.jar
2025-07-22 21:06:37,164 [Worker-28: Download sources and javadoc] INFO  o.e.m.c.i.e.AbstractTransferListenerAdapter - Downloaded https://repo.maven.apache.org/maven2/org/xmlunit/xmlunit-core/2.10.3/xmlunit-core-2.10.3-sources.jar
2025-07-22 21:06:37,171 [Worker-28: Download sources and javadoc] INFO  o.e.m.j.internal.DownloadSourcesJob - Downloaded sources for org.xmlunit:xmlunit-core:2.10.3
2025-07-22 21:06:38,223 [Worker-28: Download sources and javadoc] INFO  o.e.m.c.i.e.AbstractTransferListenerAdapter - Downloaded https://repo.spring.io/milestone/org/springframework/security/spring-security-test/7.0.0-M1/spring-security-test-7.0.0-M1-sources.jar
2025-07-22 21:06:38,325 [Worker-28: Download sources and javadoc] INFO  o.e.m.c.i.e.AbstractTransferListenerAdapter - Downloading https://repo.maven.apache.org/maven2/org/springframework/security/spring-security-test/7.0.0-M1/spring-security-test-7.0.0-M1-sources.jar
2025-07-22 21:06:38,369 [Worker-28: Download sources and javadoc] INFO  o.e.m.c.i.e.AbstractTransferListenerAdapter - Downloaded https://repo.maven.apache.org/maven2/org/springframework/security/spring-security-test/7.0.0-M1/spring-security-test-7.0.0-M1-sources.jar
2025-07-22 21:06:38,374 [Worker-28: Download sources and javadoc] INFO  o.e.m.j.internal.DownloadSourcesJob - Downloaded sources for org.springframework.security:spring-security-test:7.0.0-M1
2025-07-22 21:06:39,364 [Worker-28: Download sources and javadoc] INFO  o.e.m.c.i.e.AbstractTransferListenerAdapter - Downloaded https://repo.spring.io/milestone/org/springframework/security/spring-security-core/7.0.0-M1/spring-security-core-7.0.0-M1-sources.jar
2025-07-22 21:06:39,474 [Worker-28: Download sources and javadoc] INFO  o.e.m.c.i.e.AbstractTransferListenerAdapter - Downloading https://repo.maven.apache.org/maven2/org/springframework/security/spring-security-core/7.0.0-M1/spring-security-core-7.0.0-M1-sources.jar
2025-07-22 21:06:39,590 [Worker-28: Download sources and javadoc] INFO  o.e.m.c.i.e.AbstractTransferListenerAdapter - Downloaded https://repo.maven.apache.org/maven2/org/springframework/security/spring-security-core/7.0.0-M1/spring-security-core-7.0.0-M1-sources.jar
2025-07-22 21:06:39,599 [Worker-28: Download sources and javadoc] INFO  o.e.m.j.internal.DownloadSourcesJob - Downloaded sources for org.springframework.security:spring-security-core:7.0.0-M1
2025-07-22 21:06:40,466 [Worker-28: Download sources and javadoc] INFO  o.e.m.c.i.e.AbstractTransferListenerAdapter - Downloaded https://repo.spring.io/milestone/org/springframework/security/spring-security-crypto/7.0.0-M1/spring-security-crypto-7.0.0-M1-sources.jar
2025-07-22 21:06:40,654 [Worker-28: Download sources and javadoc] INFO  o.e.m.c.i.e.AbstractTransferListenerAdapter - Downloading https://repo.maven.apache.org/maven2/org/springframework/security/spring-security-crypto/7.0.0-M1/spring-security-crypto-7.0.0-M1-sources.jar
2025-07-22 21:06:40,719 [Worker-28: Download sources and javadoc] INFO  o.e.m.c.i.e.AbstractTransferListenerAdapter - Downloaded https://repo.maven.apache.org/maven2/org/springframework/security/spring-security-crypto/7.0.0-M1/spring-security-crypto-7.0.0-M1-sources.jar
2025-07-22 21:06:40,728 [Worker-28: Download sources and javadoc] INFO  o.e.m.j.internal.DownloadSourcesJob - Downloaded sources for org.springframework.security:spring-security-crypto:7.0.0-M1
2025-07-22 21:06:42,528 [Worker-28: Download sources and javadoc] INFO  o.e.m.c.i.e.AbstractTransferListenerAdapter - Downloading https://repo.spring.io/milestone/org/springframework/spring-expression/7.0.0-M7/spring-expression-7.0.0-M7-sources.jar
2025-07-22 21:06:43,746 [Worker-28: Download sources and javadoc] INFO  o.e.m.c.i.e.AbstractTransferListenerAdapter - Downloaded https://repo.spring.io/milestone/org/springframework/spring-expression/7.0.0-M7/spring-expression-7.0.0-M7-sources.jar
2025-07-22 21:06:43,754 [Worker-28: Download sources and javadoc] INFO  o.e.m.j.internal.DownloadSourcesJob - Downloaded sources for org.springframework:spring-expression:7.0.0-M7
2025-07-22 21:06:44,489 [Worker-28: Download sources and javadoc] INFO  o.e.m.c.i.e.AbstractTransferListenerAdapter - Downloaded https://repo.spring.io/milestone/io/micrometer/micrometer-observation/1.16.0-M1/micrometer-observation-1.16.0-M1-sources.jar
2025-07-22 21:06:44,618 [Worker-28: Download sources and javadoc] INFO  o.e.m.c.i.e.AbstractTransferListenerAdapter - Downloading https://repo.maven.apache.org/maven2/io/micrometer/micrometer-observation/1.16.0-M1/micrometer-observation-1.16.0-M1-sources.jar
2025-07-22 21:06:44,653 [Worker-28: Download sources and javadoc] INFO  o.e.m.c.i.e.AbstractTransferListenerAdapter - Downloaded https://repo.maven.apache.org/maven2/io/micrometer/micrometer-observation/1.16.0-M1/micrometer-observation-1.16.0-M1-sources.jar
2025-07-22 21:06:44,665 [Worker-28: Download sources and javadoc] INFO  o.e.m.j.internal.DownloadSourcesJob - Downloaded sources for io.micrometer:micrometer-observation:1.16.0-M1
2025-07-22 21:06:45,660 [Worker-28: Download sources and javadoc] INFO  o.e.m.c.i.e.AbstractTransferListenerAdapter - Downloaded https://repo.spring.io/milestone/io/micrometer/micrometer-commons/1.16.0-M1/micrometer-commons-1.16.0-M1-sources.jar
2025-07-22 21:06:45,774 [Worker-28: Download sources and javadoc] INFO  o.e.m.c.i.e.AbstractTransferListenerAdapter - Downloading https://repo.maven.apache.org/maven2/io/micrometer/micrometer-commons/1.16.0-M1/micrometer-commons-1.16.0-M1-sources.jar
2025-07-22 21:06:45,818 [Worker-28: Download sources and javadoc] INFO  o.e.m.c.i.e.AbstractTransferListenerAdapter - Downloaded https://repo.maven.apache.org/maven2/io/micrometer/micrometer-commons/1.16.0-M1/micrometer-commons-1.16.0-M1-sources.jar
2025-07-22 21:06:45,824 [Worker-28: Download sources and javadoc] INFO  o.e.m.j.internal.DownloadSourcesJob - Downloaded sources for io.micrometer:micrometer-commons:1.16.0-M1
2025-07-22 21:06:46,987 [Worker-28: Download sources and javadoc] INFO  o.e.m.c.i.e.AbstractTransferListenerAdapter - Downloaded https://repo.spring.io/milestone/org/springframework/security/spring-security-web/7.0.0-M1/spring-security-web-7.0.0-M1-sources.jar
2025-07-22 21:06:47,227 [Worker-28: Download sources and javadoc] INFO  o.e.m.c.i.e.AbstractTransferListenerAdapter - Downloading https://repo.maven.apache.org/maven2/org/springframework/security/spring-security-web/7.0.0-M1/spring-security-web-7.0.0-M1-sources.jar
2025-07-22 21:06:47,388 [Worker-28: Download sources and javadoc] INFO  o.e.m.c.i.e.AbstractTransferListenerAdapter - Downloaded https://repo.maven.apache.org/maven2/org/springframework/security/spring-security-web/7.0.0-M1/spring-security-web-7.0.0-M1-sources.jar
2025-07-22 21:06:47,398 [Worker-28: Download sources and javadoc] INFO  o.e.m.j.internal.DownloadSourcesJob - Downloaded sources for org.springframework.security:spring-security-web:7.0.0-M1
2025-07-22 21:06:49,393 [Worker-28: Download sources and javadoc] INFO  o.e.m.c.i.e.AbstractTransferListenerAdapter - Downloading https://repo.spring.io/milestone/org/springframework/spring-web/7.0.0-M7/spring-web-7.0.0-M7-sources.jar
2025-07-22 21:07:00,268 [Worker-28: Download sources and javadoc] INFO  o.e.m.c.i.e.AbstractTransferListenerAdapter - Downloaded https://repo.spring.io/milestone/org/springframework/spring-web/7.0.0-M7/spring-web-7.0.0-M7-sources.jar
2025-07-22 21:07:00,276 [Worker-28: Download sources and javadoc] INFO  o.e.m.j.internal.DownloadSourcesJob - Downloaded sources for org.springframework:spring-web:7.0.0-M7
2025-07-22 21:07:00,286 [Worker-28: Download sources and javadoc] INFO  o.e.m.j.internal.DownloadSourcesJob - Downloaded sources for org.springframework:spring-jdbc:7.0.0-M7
2025-07-22 21:07:00,296 [Worker-28: Download sources and javadoc] INFO  o.e.m.j.internal.DownloadSourcesJob - Downloaded sources for org.springframework.boot:spring-boot-tx:4.0.0-SNAPSHOT
2025-07-22 21:07:00,301 [Worker-28: Download sources and javadoc] INFO  o.e.m.j.internal.DownloadSourcesJob - Downloaded sources for com.zaxxer:HikariCP:6.3.0
2025-07-22 21:07:00,312 [Worker-28: Download sources and javadoc] INFO  o.e.m.j.internal.DownloadSourcesJob - Downloaded sources for org.springframework.boot:spring-boot-starter-mail:4.0.0-SNAPSHOT
2025-07-22 21:07:00,323 [Worker-28: Download sources and javadoc] INFO  o.e.m.j.internal.DownloadSourcesJob - Downloaded sources for org.springframework.boot:spring-boot-mail:4.0.0-SNAPSHOT
2025-07-22 21:07:00,331 [Worker-28: Download sources and javadoc] INFO  o.e.m.j.internal.DownloadSourcesJob - Downloaded sources for org.springframework:spring-context-support:7.0.0-M7
2025-07-22 21:07:00,347 [Worker-28: Download sources and javadoc] INFO  o.e.m.j.internal.DownloadSourcesJob - Downloaded sources for org.springframework.boot:spring-boot-starter-security:4.0.0-SNAPSHOT
2025-07-22 21:07:00,356 [Worker-28: Download sources and javadoc] INFO  o.e.m.j.internal.DownloadSourcesJob - Downloaded sources for org.springframework.boot:spring-boot-security:4.0.0-SNAPSHOT
2025-07-22 21:07:00,367 [Worker-28: Download sources and javadoc] INFO  o.e.m.j.internal.DownloadSourcesJob - Downloaded sources for org.springframework.security:spring-security-config:7.0.0-M1
2025-07-22 21:07:00,376 [Worker-28: Download sources and javadoc] INFO  o.e.m.j.internal.DownloadSourcesJob - Downloaded sources for org.springframework:spring-aop:7.0.0-M7
2025-07-22 21:07:00,386 [Worker-28: Download sources and javadoc] INFO  o.e.m.j.internal.DownloadSourcesJob - Downloaded sources for org.springframework:spring-beans:7.0.0-M7
2025-07-22 21:07:01,336 [Worker-28: Download sources and javadoc] INFO  o.e.m.c.i.e.AbstractTransferListenerAdapter - Downloading https://repo.spring.io/snapshot/org/springframework/boot/spring-boot-starter-web/4.0.0-SNAPSHOT/spring-boot-starter-web-4.0.0-20250722.131803-314-sources.jar
2025-07-22 21:07:01,356 [Worker-28: Download sources and javadoc] INFO  o.e.m.c.i.e.AbstractTransferListenerAdapter - Downloaded https://repo.spring.io/snapshot/org/springframework/boot/spring-boot-starter-web/4.0.0-SNAPSHOT/spring-boot-starter-web-4.0.0-20250722.131803-314-sources.jar
2025-07-22 21:07:01,372 [Worker-28: Download sources and javadoc] INFO  o.e.m.j.internal.DownloadSourcesJob - Downloaded sources for org.springframework.boot:spring-boot-starter-web:4.0.0-SNAPSHOT
2025-07-22 21:07:01,382 [Worker-28: Download sources and javadoc] INFO  o.e.m.j.internal.DownloadSourcesJob - Downloaded sources for org.springframework:spring-web:7.0.0-M7
2025-07-22 21:07:02,561 [Worker-28: Download sources and javadoc] INFO  o.e.m.c.i.e.AbstractTransferListenerAdapter - Downloading https://repo.spring.io/snapshot/org/springframework/boot/spring-boot-starter-json/4.0.0-SNAPSHOT/spring-boot-starter-json-4.0.0-20250722.131803-314-sources.jar
2025-07-22 21:07:02,578 [Worker-28: Download sources and javadoc] INFO  o.e.m.c.i.e.AbstractTransferListenerAdapter - Downloaded https://repo.spring.io/snapshot/org/springframework/boot/spring-boot-starter-json/4.0.0-SNAPSHOT/spring-boot-starter-json-4.0.0-20250722.131803-314-sources.jar
2025-07-22 21:07:02,590 [Worker-28: Download sources and javadoc] INFO  o.e.m.j.internal.DownloadSourcesJob - Downloaded sources for org.springframework.boot:spring-boot-starter-json:4.0.0-SNAPSHOT
2025-07-22 21:07:03,610 [Worker-28: Download sources and javadoc] INFO  o.e.m.c.i.e.AbstractTransferListenerAdapter - Downloading https://repo.spring.io/snapshot/org/springframework/boot/spring-boot-jackson/4.0.0-SNAPSHOT/spring-boot-jackson-4.0.0-20250722.131803-141-sources.jar
2025-07-22 21:07:03,906 [Worker-28: Download sources and javadoc] INFO  o.e.m.c.i.e.AbstractTransferListenerAdapter - Downloaded https://repo.spring.io/snapshot/org/springframework/boot/spring-boot-jackson/4.0.0-SNAPSHOT/spring-boot-jackson-4.0.0-20250722.131803-141-sources.jar
2025-07-22 21:07:03,923 [Worker-28: Download sources and javadoc] INFO  o.e.m.j.internal.DownloadSourcesJob - Downloaded sources for org.springframework.boot:spring-boot-jackson:4.0.0-SNAPSHOT
2025-07-22 21:07:04,845 [Worker-28: Download sources and javadoc] INFO  o.e.m.c.i.e.AbstractTransferListenerAdapter - Downloaded https://repo.spring.io/milestone/com/fasterxml/jackson/core/jackson-databind/2.19.1/jackson-databind-2.19.1-sources.jar
2025-07-22 21:07:05,006 [Worker-28: Download sources and javadoc] INFO  o.e.m.c.i.e.AbstractTransferListenerAdapter - Downloading https://repo.maven.apache.org/maven2/com/fasterxml/jackson/core/jackson-databind/2.19.1/jackson-databind-2.19.1-sources.jar
2025-07-22 21:07:05,206 [Worker-28: Download sources and javadoc] INFO  o.e.m.c.i.e.AbstractTransferListenerAdapter - Downloaded https://repo.maven.apache.org/maven2/com/fasterxml/jackson/core/jackson-databind/2.19.1/jackson-databind-2.19.1-sources.jar
2025-07-22 21:07:05,218 [Worker-28: Download sources and javadoc] INFO  o.e.m.j.internal.DownloadSourcesJob - Downloaded sources for com.fasterxml.jackson.core:jackson-databind:2.19.1
2025-07-22 21:07:05,936 [Worker-28: Download sources and javadoc] INFO  o.e.m.c.i.e.AbstractTransferListenerAdapter - Downloaded https://repo.spring.io/milestone/com/fasterxml/jackson/core/jackson-annotations/2.19.1/jackson-annotations-2.19.1-sources.jar
2025-07-22 21:07:06,037 [Worker-28: Download sources and javadoc] INFO  o.e.m.c.i.e.AbstractTransferListenerAdapter - Downloading https://repo.maven.apache.org/maven2/com/fasterxml/jackson/core/jackson-annotations/2.19.1/jackson-annotations-2.19.1-sources.jar
2025-07-22 21:07:06,080 [Worker-28: Download sources and javadoc] INFO  o.e.m.c.i.e.AbstractTransferListenerAdapter - Downloaded https://repo.maven.apache.org/maven2/com/fasterxml/jackson/core/jackson-annotations/2.19.1/jackson-annotations-2.19.1-sources.jar
2025-07-22 21:07:06,086 [Worker-28: Download sources and javadoc] INFO  o.e.m.j.internal.DownloadSourcesJob - Downloaded sources for com.fasterxml.jackson.core:jackson-annotations:2.19.1
2025-07-22 21:07:07,366 [Worker-28: Download sources and javadoc] INFO  o.e.m.c.i.e.AbstractTransferListenerAdapter - Downloaded https://repo.spring.io/milestone/com/fasterxml/jackson/core/jackson-core/2.19.1/jackson-core-2.19.1-sources.jar
2025-07-22 21:07:07,476 [Worker-28: Download sources and javadoc] INFO  o.e.m.c.i.e.AbstractTransferListenerAdapter - Downloading https://repo.maven.apache.org/maven2/com/fasterxml/jackson/core/jackson-core/2.19.1/jackson-core-2.19.1-sources.jar
2025-07-22 21:07:07,576 [Worker-28: Download sources and javadoc] INFO  o.e.m.c.i.e.AbstractTransferListenerAdapter - Downloaded https://repo.maven.apache.org/maven2/com/fasterxml/jackson/core/jackson-core/2.19.1/jackson-core-2.19.1-sources.jar
2025-07-22 21:07:07,586 [Worker-28: Download sources and javadoc] INFO  o.e.m.j.internal.DownloadSourcesJob - Downloaded sources for com.fasterxml.jackson.core:jackson-core:2.19.1
2025-07-22 21:07:08,306 [Worker-28: Download sources and javadoc] INFO  o.e.m.c.i.e.AbstractTransferListenerAdapter - Downloaded https://repo.spring.io/milestone/com/fasterxml/jackson/datatype/jackson-datatype-jdk8/2.19.1/jackson-datatype-jdk8-2.19.1-sources.jar
2025-07-22 21:07:08,427 [Worker-28: Download sources and javadoc] INFO  o.e.m.c.i.e.AbstractTransferListenerAdapter - Downloading https://repo.maven.apache.org/maven2/com/fasterxml/jackson/datatype/jackson-datatype-jdk8/2.19.1/jackson-datatype-jdk8-2.19.1-sources.jar
2025-07-22 21:07:08,446 [Worker-28: Download sources and javadoc] INFO  o.e.m.c.i.e.AbstractTransferListenerAdapter - Downloaded https://repo.maven.apache.org/maven2/com/fasterxml/jackson/datatype/jackson-datatype-jdk8/2.19.1/jackson-datatype-jdk8-2.19.1-sources.jar
2025-07-22 21:07:08,458 [Worker-28: Download sources and javadoc] INFO  o.e.m.j.internal.DownloadSourcesJob - Downloaded sources for com.fasterxml.jackson.datatype:jackson-datatype-jdk8:2.19.1
2025-07-22 21:07:09,588 [Worker-28: Download sources and javadoc] INFO  o.e.m.c.i.e.AbstractTransferListenerAdapter - Downloaded https://repo.spring.io/milestone/com/fasterxml/jackson/datatype/jackson-datatype-jsr310/2.19.1/jackson-datatype-jsr310-2.19.1-sources.jar
2025-07-22 21:07:09,708 [Worker-28: Download sources and javadoc] INFO  o.e.m.c.i.e.AbstractTransferListenerAdapter - Downloading https://repo.maven.apache.org/maven2/com/fasterxml/jackson/datatype/jackson-datatype-jsr310/2.19.1/jackson-datatype-jsr310-2.19.1-sources.jar
2025-07-22 21:07:09,751 [Worker-28: Download sources and javadoc] INFO  o.e.m.c.i.e.AbstractTransferListenerAdapter - Downloaded https://repo.maven.apache.org/maven2/com/fasterxml/jackson/datatype/jackson-datatype-jsr310/2.19.1/jackson-datatype-jsr310-2.19.1-sources.jar
2025-07-22 21:07:09,755 [Worker-28: Download sources and javadoc] INFO  o.e.m.j.internal.DownloadSourcesJob - Downloaded sources for com.fasterxml.jackson.datatype:jackson-datatype-jsr310:2.19.1
2025-07-22 21:07:10,849 [Worker-28: Download sources and javadoc] INFO  o.e.m.c.i.e.AbstractTransferListenerAdapter - Downloaded https://repo.spring.io/milestone/com/fasterxml/jackson/module/jackson-module-parameter-names/2.19.1/jackson-module-parameter-names-2.19.1-sources.jar
2025-07-22 21:07:10,982 [Worker-28: Download sources and javadoc] INFO  o.e.m.c.i.e.AbstractTransferListenerAdapter - Downloading https://repo.maven.apache.org/maven2/com/fasterxml/jackson/module/jackson-module-parameter-names/2.19.1/jackson-module-parameter-names-2.19.1-sources.jar
2025-07-22 21:07:10,998 [Worker-28: Download sources and javadoc] INFO  o.e.m.c.i.e.AbstractTransferListenerAdapter - Downloaded https://repo.maven.apache.org/maven2/com/fasterxml/jackson/module/jackson-module-parameter-names/2.19.1/jackson-module-parameter-names-2.19.1-sources.jar
2025-07-22 21:07:11,013 [Worker-28: Download sources and javadoc] INFO  o.e.m.j.internal.DownloadSourcesJob - Downloaded sources for com.fasterxml.jackson.module:jackson-module-parameter-names:2.19.1
2025-07-22 21:07:11,013 [Worker-28: Download sources and javadoc] INFO  o.e.m.j.internal.DownloadSourcesJob - Downloaded sources for org.springframework.boot:spring-boot-devtools:4.0.0-SNAPSHOT
2025-07-22 21:07:11,029 [Worker-28: Download sources and javadoc] INFO  o.e.m.j.internal.DownloadSourcesJob - Downloaded sources for org.springframework.boot:spring-boot:4.0.0-SNAPSHOT
2025-07-22 21:07:11,045 [Worker-28: Download sources and javadoc] INFO  o.e.m.j.internal.DownloadSourcesJob - Downloaded sources for org.springframework:spring-context:7.0.0-M7
2025-07-22 21:07:11,060 [Worker-28: Download sources and javadoc] INFO  o.e.m.j.internal.DownloadSourcesJob - Downloaded sources for org.springframework.boot:spring-boot-autoconfigure:4.0.0-SNAPSHOT
2025-07-22 21:07:11,060 [Worker-28: Download sources and javadoc] INFO  o.e.m.j.internal.DownloadSourcesJob - Downloaded sources for com.mysql:mysql-connector-j:9.3.0
2025-07-22 21:07:12,090 [Worker-28: Download sources and javadoc] INFO  o.e.m.c.i.e.AbstractTransferListenerAdapter - Downloading https://repo.spring.io/snapshot/org/springframework/boot/spring-boot-starter-tomcat/4.0.0-SNAPSHOT/spring-boot-starter-tomcat-4.0.0-20250722.131803-314-sources.jar
2025-07-22 21:07:12,111 [Worker-28: Download sources and javadoc] INFO  o.e.m.c.i.e.AbstractTransferListenerAdapter - Downloaded https://repo.spring.io/snapshot/org/springframework/boot/spring-boot-starter-tomcat/4.0.0-SNAPSHOT/spring-boot-starter-tomcat-4.0.0-20250722.131803-314-sources.jar
2025-07-22 21:07:12,126 [Worker-28: Download sources and javadoc] INFO  o.e.m.j.internal.DownloadSourcesJob - Downloaded sources for org.springframework.boot:spring-boot-starter-tomcat:4.0.0-SNAPSHOT
2025-07-22 21:07:13,208 [Worker-28: Download sources and javadoc] INFO  o.e.m.c.i.e.AbstractTransferListenerAdapter - Downloading https://repo.spring.io/snapshot/org/springframework/boot/spring-boot-tomcat/4.0.0-SNAPSHOT/spring-boot-tomcat-4.0.0-20250722.131803-152-sources.jar
2025-07-22 21:07:13,756 [Worker-28: Download sources and javadoc] INFO  o.e.m.c.i.e.AbstractTransferListenerAdapter - Downloaded https://repo.spring.io/snapshot/org/springframework/boot/spring-boot-tomcat/4.0.0-SNAPSHOT/spring-boot-tomcat-4.0.0-20250722.131803-152-sources.jar
2025-07-22 21:07:13,778 [Worker-28: Download sources and javadoc] INFO  o.e.m.j.internal.DownloadSourcesJob - Downloaded sources for org.springframework.boot:spring-boot-tomcat:4.0.0-SNAPSHOT
2025-07-22 21:07:14,741 [Worker-28: Download sources and javadoc] INFO  o.e.m.c.i.e.AbstractTransferListenerAdapter - Downloading https://repo.spring.io/snapshot/org/springframework/boot/spring-boot-web-server/4.0.0-SNAPSHOT/spring-boot-web-server-4.0.0-20250722.131803-71-sources.jar
2025-07-22 21:07:15,592 [Worker-28: Download sources and javadoc] INFO  o.e.m.c.i.e.AbstractTransferListenerAdapter - Downloaded https://repo.spring.io/snapshot/org/springframework/boot/spring-boot-web-server/4.0.0-SNAPSHOT/spring-boot-web-server-4.0.0-20250722.131803-71-sources.jar
2025-07-22 21:07:15,608 [Worker-28: Download sources and javadoc] INFO  o.e.m.j.internal.DownloadSourcesJob - Downloaded sources for org.springframework.boot:spring-boot-web-server:4.0.0-SNAPSHOT
2025-07-22 21:07:16,581 [Worker-28: Download sources and javadoc] INFO  o.e.m.c.i.e.AbstractTransferListenerAdapter - Downloaded https://repo.spring.io/milestone/org/apache/tomcat/embed/tomcat-embed-core/11.0.9/tomcat-embed-core-11.0.9-sources.jar
2025-07-22 21:07:16,739 [Worker-28: Download sources and javadoc] INFO  o.e.m.c.i.e.AbstractTransferListenerAdapter - Downloading https://repo.maven.apache.org/maven2/org/apache/tomcat/embed/tomcat-embed-core/11.0.9/tomcat-embed-core-11.0.9-sources.jar
2025-07-22 21:07:17,041 [Worker-28: Download sources and javadoc] INFO  o.e.m.c.i.e.AbstractTransferListenerAdapter - Downloaded https://repo.maven.apache.org/maven2/org/apache/tomcat/embed/tomcat-embed-core/11.0.9/tomcat-embed-core-11.0.9-sources.jar
2025-07-22 21:07:17,057 [Worker-28: Download sources and javadoc] INFO  o.e.m.j.internal.DownloadSourcesJob - Downloaded sources for org.apache.tomcat.embed:tomcat-embed-core:11.0.9
2025-07-22 21:07:17,849 [Worker-28: Download sources and javadoc] INFO  o.e.m.c.i.e.AbstractTransferListenerAdapter - Downloaded https://repo.spring.io/milestone/org/apache/tomcat/embed/tomcat-embed-el/11.0.9/tomcat-embed-el-11.0.9-sources.jar
2025-07-22 21:07:18,030 [Worker-28: Download sources and javadoc] INFO  o.e.m.c.i.e.AbstractTransferListenerAdapter - Downloading https://repo.maven.apache.org/maven2/org/apache/tomcat/embed/tomcat-embed-el/11.0.9/tomcat-embed-el-11.0.9-sources.jar
2025-07-22 21:07:18,133 [Worker-28: Download sources and javadoc] INFO  o.e.m.c.i.e.AbstractTransferListenerAdapter - Downloaded https://repo.maven.apache.org/maven2/org/apache/tomcat/embed/tomcat-embed-el/11.0.9/tomcat-embed-el-11.0.9-sources.jar
2025-07-22 21:07:18,145 [Worker-28: Download sources and javadoc] INFO  o.e.m.j.internal.DownloadSourcesJob - Downloaded sources for org.apache.tomcat.embed:tomcat-embed-el:11.0.9
2025-07-22 21:07:19,173 [Worker-28: Download sources and javadoc] INFO  o.e.m.c.i.e.AbstractTransferListenerAdapter - Downloaded https://repo.spring.io/milestone/org/apache/tomcat/embed/tomcat-embed-websocket/11.0.9/tomcat-embed-websocket-11.0.9-sources.jar
2025-07-22 21:07:19,333 [Worker-28: Download sources and javadoc] INFO  o.e.m.c.i.e.AbstractTransferListenerAdapter - Downloading https://repo.maven.apache.org/maven2/org/apache/tomcat/embed/tomcat-embed-websocket/11.0.9/tomcat-embed-websocket-11.0.9-sources.jar
2025-07-22 21:07:19,449 [Worker-28: Download sources and javadoc] INFO  o.e.m.c.i.e.AbstractTransferListenerAdapter - Downloaded https://repo.maven.apache.org/maven2/org/apache/tomcat/embed/tomcat-embed-websocket/11.0.9/tomcat-embed-websocket-11.0.9-sources.jar
2025-07-22 21:07:19,460 [Worker-28: Download sources and javadoc] INFO  o.e.m.j.internal.DownloadSourcesJob - Downloaded sources for org.apache.tomcat.embed:tomcat-embed-websocket:11.0.9
2025-07-22 21:07:19,466 [Worker-28: Download sources and javadoc] INFO  o.e.m.j.internal.DownloadSourcesJob - Downloaded sources for org.springframework.boot:spring-boot-starter-test:4.0.0-SNAPSHOT
2025-07-22 21:07:19,484 [Worker-28: Download sources and javadoc] INFO  o.e.m.j.internal.DownloadSourcesJob - Downloaded sources for org.springframework.boot:spring-boot-test:4.0.0-SNAPSHOT
2025-07-22 21:07:19,492 [Worker-28: Download sources and javadoc] INFO  o.e.m.j.internal.DownloadSourcesJob - Downloaded sources for org.springframework.boot:spring-boot-http-client:4.0.0-SNAPSHOT
2025-07-22 21:07:19,501 [Worker-28: Download sources and javadoc] INFO  o.e.m.j.internal.DownloadSourcesJob - Downloaded sources for org.springframework.boot:spring-boot-http-codec:4.0.0-SNAPSHOT
2025-07-22 21:07:19,516 [Worker-28: Download sources and javadoc] INFO  o.e.m.j.internal.DownloadSourcesJob - Downloaded sources for org.springframework.boot:spring-boot-restclient:4.0.0-SNAPSHOT
2025-07-22 21:07:19,516 [Worker-28: Download sources and javadoc] INFO  o.e.m.j.internal.DownloadSourcesJob - Downloaded sources for org.springframework.boot:spring-boot-restclient-test:4.0.0-SNAPSHOT
2025-07-22 21:07:19,532 [Worker-28: Download sources and javadoc] INFO  o.e.m.j.internal.DownloadSourcesJob - Downloaded sources for org.springframework.boot:spring-boot-test-autoconfigure:4.0.0-SNAPSHOT
2025-07-22 21:07:19,547 [Worker-28: Download sources and javadoc] INFO  o.e.m.j.internal.DownloadSourcesJob - Downloaded sources for org.springframework.boot:spring-boot-web-server-test:4.0.0-SNAPSHOT
2025-07-22 21:07:19,564 [Worker-28: Download sources and javadoc] INFO  o.e.m.j.internal.DownloadSourcesJob - Downloaded sources for org.springframework.boot:spring-boot-webclient:4.0.0-SNAPSHOT
2025-07-22 21:07:19,566 [Worker-28: Download sources and javadoc] INFO  o.e.m.j.internal.DownloadSourcesJob - Downloaded sources for org.assertj:assertj-core:3.27.3
2025-07-22 21:07:19,579 [Worker-28: Download sources and javadoc] INFO  o.e.m.j.internal.DownloadSourcesJob - Downloaded sources for net.bytebuddy:byte-buddy:1.17.6
2025-07-22 21:07:19,580 [Worker-28: Download sources and javadoc] INFO  o.e.m.j.internal.DownloadSourcesJob - Downloaded sources for org.awaitility:awaitility:4.3.0
2025-07-22 21:07:19,580 [Worker-28: Download sources and javadoc] INFO  o.e.m.j.internal.DownloadSourcesJob - Downloaded sources for org.hamcrest:hamcrest:3.0
2025-07-22 21:07:19,595 [Worker-28: Download sources and javadoc] INFO  o.e.m.j.internal.DownloadSourcesJob - Downloaded sources for org.junit.jupiter:junit-jupiter:5.13.3
2025-07-22 21:07:19,595 [Worker-28: Download sources and javadoc] INFO  o.e.m.j.internal.DownloadSourcesJob - Downloaded sources for org.junit.jupiter:junit-jupiter-api:5.13.3
2025-07-22 21:07:19,613 [Worker-28: Download sources and javadoc] INFO  o.e.m.j.internal.DownloadSourcesJob - Downloaded sources for org.junit.platform:junit-platform-commons:1.13.3
2025-07-22 21:07:19,613 [Worker-28: Download sources and javadoc] INFO  o.e.m.j.internal.DownloadSourcesJob - Downloaded sources for org.junit.jupiter:junit-jupiter-params:5.13.3
2025-07-22 21:07:19,628 [Worker-28: Download sources and javadoc] INFO  o.e.m.j.internal.DownloadSourcesJob - Downloaded sources for org.junit.jupiter:junit-jupiter-engine:5.13.3
2025-07-22 21:07:19,628 [Worker-28: Download sources and javadoc] INFO  o.e.m.j.internal.DownloadSourcesJob - Downloaded sources for org.junit.platform:junit-platform-engine:1.13.3
2025-07-22 21:07:19,645 [Worker-28: Download sources and javadoc] INFO  o.e.m.j.internal.DownloadSourcesJob - Downloaded sources for org.mockito:mockito-core:5.18.0
2025-07-22 21:07:19,648 [Worker-28: Download sources and javadoc] INFO  o.e.m.j.internal.DownloadSourcesJob - Downloaded sources for net.bytebuddy:byte-buddy-agent:1.17.6
2025-07-22 21:07:19,663 [Worker-28: Download sources and javadoc] INFO  o.e.m.j.internal.DownloadSourcesJob - Downloaded sources for org.mockito:mockito-junit-jupiter:5.18.0
2025-07-22 21:07:19,671 [Worker-28: Download sources and javadoc] INFO  o.e.m.j.internal.DownloadSourcesJob - Downloaded sources for org.springframework:spring-core:7.0.0-M7
2025-07-22 21:07:19,675 [Worker-28: Download sources and javadoc] INFO  o.e.m.j.internal.DownloadSourcesJob - Downloaded sources for commons-logging:commons-logging:1.3.5
2025-07-22 21:07:19,675 [Worker-28: Download sources and javadoc] INFO  o.e.m.j.internal.DownloadSourcesJob - Downloaded sources for org.jspecify:jspecify:1.0.0
2025-07-22 21:07:19,692 [Worker-28: Download sources and javadoc] INFO  o.e.m.j.internal.DownloadSourcesJob - Downloaded sources for org.springframework:spring-test:7.0.0-M7
2025-07-22 21:07:19,692 [Worker-28: Download sources and javadoc] INFO  o.e.m.j.internal.DownloadSourcesJob - Downloaded sources for org.xmlunit:xmlunit-core:2.10.3
2025-07-22 21:07:19,707 [Worker-28: Download sources and javadoc] INFO  o.e.m.j.internal.DownloadSourcesJob - Downloaded sources for org.springframework.security:spring-security-test:7.0.0-M1
2025-07-22 21:07:19,713 [Worker-28: Download sources and javadoc] INFO  o.e.m.j.internal.DownloadSourcesJob - Downloaded sources for org.springframework.security:spring-security-core:7.0.0-M1
2025-07-22 21:07:19,723 [Worker-28: Download sources and javadoc] INFO  o.e.m.j.internal.DownloadSourcesJob - Downloaded sources for org.springframework.security:spring-security-crypto:7.0.0-M1
2025-07-22 21:07:19,723 [Worker-28: Download sources and javadoc] INFO  o.e.m.j.internal.DownloadSourcesJob - Downloaded sources for org.springframework:spring-expression:7.0.0-M7
2025-07-22 21:07:19,739 [Worker-28: Download sources and javadoc] INFO  o.e.m.j.internal.DownloadSourcesJob - Downloaded sources for io.micrometer:micrometer-observation:1.16.0-M1
2025-07-22 21:07:19,740 [Worker-28: Download sources and javadoc] INFO  o.e.m.j.internal.DownloadSourcesJob - Downloaded sources for io.micrometer:micrometer-commons:1.16.0-M1
2025-07-22 21:07:19,747 [Worker-28: Download sources and javadoc] INFO  o.e.m.j.internal.DownloadSourcesJob - Downloaded sources for org.springframework.security:spring-security-web:7.0.0-M1
2025-07-29 12:37:21,783 [Worker-5: Loading available Gradle versions] INFO  o.e.b.c.i.u.g.PublishedGradleVersions - Gradle version information cache is out-of-date. Trying to update.
2025-08-07 21:11:29,163 [Worker-4: Loading available Gradle versions] INFO  o.e.b.c.i.u.g.PublishedGradleVersions - Gradle version information cache is up-to-date. Trying to read.
2025-08-21 21:17:06,864 [Worker-6: Loading available Gradle versions] INFO  o.e.b.c.i.u.g.PublishedGradleVersions - Gradle version information cache is out-of-date. Trying to update.
2025-08-21 21:17:13,651 [Worker-5: Building] INFO  o.a.m.s.f.DefaultMavenResourcesFiltering - Copying 1 resource from src\main\resources to target\classes
2025-08-21 21:17:13,684 [Worker-5: Building] INFO  o.a.m.s.f.DefaultMavenResourcesFiltering - Copying 0 resource from src\main\resources to target\classes
2025-08-21 21:17:13,691 [Worker-5: Building] INFO  o.a.m.s.f.DefaultMavenResourcesFiltering - skip non existing resourceDirectory E:\socappback\backend\src\test\resources
2025-08-21 21:17:16,243 [Worker-15: Building] INFO  o.a.m.s.f.DefaultMavenResourcesFiltering - Copying 1 resource from src\main\resources to target\classes
2025-08-21 21:17:16,268 [Worker-15: Building] INFO  o.a.m.s.f.DefaultMavenResourcesFiltering - Copying 0 resource from src\main\resources to target\classes
2025-08-21 21:17:16,279 [Worker-15: Building] INFO  o.a.m.s.f.DefaultMavenResourcesFiltering - skip non existing resourceDirectory E:\socappback\circleup-backend\src\test\resources
2025-08-21 21:17:18,135 [Worker-15: Building] INFO  o.e.m.c.i.e.AbstractTransferListenerAdapter - Downloading https://repo.spring.io/snapshot/org/springframework/boot/spring-boot-starter-parent/4.0.0-SNAPSHOT/maven-metadata.xml
2025-08-21 21:17:18,153 [Worker-15: Building] INFO  o.e.m.c.i.e.AbstractTransferListenerAdapter - Downloaded https://repo.spring.io/snapshot/org/springframework/boot/spring-boot-starter-parent/4.0.0-SNAPSHOT/maven-metadata.xml
2025-08-21 21:17:18,469 [Worker-15: Building] INFO  o.e.m.c.i.e.AbstractTransferListenerAdapter - Downloading https://repo.spring.io/snapshot/org/springframework/boot/spring-boot-starter-parent/4.0.0-SNAPSHOT/spring-boot-starter-parent-4.0.0-20250821.142622-426.pom
2025-08-21 21:17:18,803 [Worker-15: Building] INFO  o.e.m.c.i.e.AbstractTransferListenerAdapter - Downloaded https://repo.spring.io/snapshot/org/springframework/boot/spring-boot-starter-parent/4.0.0-SNAPSHOT/spring-boot-starter-parent-4.0.0-20250821.142622-426.pom
2025-08-21 21:17:19,086 [Worker-15: Building] INFO  o.e.m.c.i.e.AbstractTransferListenerAdapter - Downloading https://repo.spring.io/snapshot/org/springframework/boot/spring-boot-dependencies/4.0.0-SNAPSHOT/maven-metadata.xml
2025-08-21 21:17:19,098 [Worker-15: Building] INFO  o.e.m.c.i.e.AbstractTransferListenerAdapter - Downloaded https://repo.spring.io/snapshot/org/springframework/boot/spring-boot-dependencies/4.0.0-SNAPSHOT/maven-metadata.xml
2025-08-21 21:17:19,393 [Worker-15: Building] INFO  o.e.m.c.i.e.AbstractTransferListenerAdapter - Downloading https://repo.spring.io/snapshot/org/springframework/boot/spring-boot-dependencies/4.0.0-SNAPSHOT/spring-boot-dependencies-4.0.0-20250821.142622-426.pom
2025-08-21 21:17:19,952 [Worker-15: Building] INFO  o.e.m.c.i.e.AbstractTransferListenerAdapter - Downloaded https://repo.spring.io/snapshot/org/springframework/boot/spring-boot-dependencies/4.0.0-SNAPSHOT/spring-boot-dependencies-4.0.0-20250821.142622-426.pom
2025-08-21 21:17:20,238 [Worker-15: Building] INFO  o.e.m.c.i.e.AbstractTransferListenerAdapter - Downloaded https://repo.spring.io/milestone/org/apache/activemq/artemis-bom/2.42.0/artemis-bom-2.42.0.pom
2025-08-21 21:17:20,394 [Worker-15: Building] INFO  o.e.m.c.i.e.AbstractTransferListenerAdapter - Downloading https://repo.maven.apache.org/maven2/org/apache/activemq/artemis-bom/2.42.0/artemis-bom-2.42.0.pom
2025-08-21 21:17:20,411 [Worker-15: Building] INFO  o.e.m.c.i.e.AbstractTransferListenerAdapter - Downloaded https://repo.maven.apache.org/maven2/org/apache/activemq/artemis-bom/2.42.0/artemis-bom-2.42.0.pom
2025-08-21 21:17:20,691 [Worker-15: Building] INFO  o.e.m.c.i.e.AbstractTransferListenerAdapter - Downloaded https://repo.spring.io/milestone/org/apache/activemq/artemis-project/2.42.0/artemis-project-2.42.0.pom
2025-08-21 21:17:20,727 [Worker-15: Building] INFO  o.e.m.c.i.e.AbstractTransferListenerAdapter - Downloading https://repo.maven.apache.org/maven2/org/apache/activemq/artemis-project/2.42.0/artemis-project-2.42.0.pom
2025-08-21 21:17:20,759 [Worker-15: Building] INFO  o.e.m.c.i.e.AbstractTransferListenerAdapter - Downloaded https://repo.maven.apache.org/maven2/org/apache/activemq/artemis-project/2.42.0/artemis-project-2.42.0.pom
2025-08-21 21:17:21,043 [Worker-15: Building] INFO  o.e.m.c.i.e.AbstractTransferListenerAdapter - Downloaded https://repo.spring.io/milestone/org/apache/apache/35/apache-35.pom
2025-08-21 21:17:21,070 [Worker-15: Building] INFO  o.e.m.c.i.e.AbstractTransferListenerAdapter - Downloading https://repo.maven.apache.org/maven2/org/apache/apache/35/apache-35.pom
2025-08-21 21:17:21,082 [Worker-15: Building] INFO  o.e.m.c.i.e.AbstractTransferListenerAdapter - Downloaded https://repo.maven.apache.org/maven2/org/apache/apache/35/apache-35.pom
2025-08-21 21:17:21,365 [Worker-15: Building] INFO  o.e.m.c.i.e.AbstractTransferListenerAdapter - Downloaded https://repo.spring.io/milestone/org/assertj/assertj-bom/3.27.4/assertj-bom-3.27.4.pom
2025-08-21 21:17:21,400 [Worker-15: Building] INFO  o.e.m.c.i.e.AbstractTransferListenerAdapter - Downloading https://repo.maven.apache.org/maven2/org/assertj/assertj-bom/3.27.4/assertj-bom-3.27.4.pom
2025-08-21 21:17:21,412 [Worker-15: Building] INFO  o.e.m.c.i.e.AbstractTransferListenerAdapter - Downloaded https://repo.maven.apache.org/maven2/org/assertj/assertj-bom/3.27.4/assertj-bom-3.27.4.pom
2025-08-21 21:17:21,745 [Worker-15: Building] INFO  o.e.m.c.i.e.AbstractTransferListenerAdapter - Downloaded https://repo.spring.io/milestone/com/fasterxml/jackson/jackson-bom/2.20.0-rc1/jackson-bom-2.20.0-rc1.pom
2025-08-21 21:17:21,776 [Worker-15: Building] INFO  o.e.m.c.i.e.AbstractTransferListenerAdapter - Downloading https://repo.maven.apache.org/maven2/com/fasterxml/jackson/jackson-bom/2.20.0-rc1/jackson-bom-2.20.0-rc1.pom
2025-08-21 21:17:21,785 [Worker-15: Building] INFO  o.e.m.c.i.e.AbstractTransferListenerAdapter - Downloaded https://repo.maven.apache.org/maven2/com/fasterxml/jackson/jackson-bom/2.20.0-rc1/jackson-bom-2.20.0-rc1.pom
2025-08-21 21:17:22,057 [Worker-15: Building] INFO  o.e.m.c.i.e.AbstractTransferListenerAdapter - Downloaded https://repo.spring.io/milestone/com/fasterxml/jackson/jackson-parent/2.20-rc1/jackson-parent-2.20-rc1.pom
2025-08-21 21:17:22,084 [Worker-15: Building] INFO  o.e.m.c.i.e.AbstractTransferListenerAdapter - Downloading https://repo.maven.apache.org/maven2/com/fasterxml/jackson/jackson-parent/2.20-rc1/jackson-parent-2.20-rc1.pom
2025-08-21 21:17:22,090 [Worker-15: Building] INFO  o.e.m.c.i.e.AbstractTransferListenerAdapter - Downloaded https://repo.maven.apache.org/maven2/com/fasterxml/jackson/jackson-parent/2.20-rc1/jackson-parent-2.20-rc1.pom
2025-08-21 21:17:22,462 [Worker-15: Building] INFO  o.e.m.c.i.e.AbstractTransferListenerAdapter - Downloaded https://repo.spring.io/milestone/com/fasterxml/oss-parent/70/oss-parent-70.pom
2025-08-21 21:17:22,491 [Worker-15: Building] INFO  o.e.m.c.i.e.AbstractTransferListenerAdapter - Downloading https://repo.maven.apache.org/maven2/com/fasterxml/oss-parent/70/oss-parent-70.pom
2025-08-21 21:17:22,502 [Worker-15: Building] INFO  o.e.m.c.i.e.AbstractTransferListenerAdapter - Downloaded https://repo.maven.apache.org/maven2/com/fasterxml/oss-parent/70/oss-parent-70.pom
2025-08-21 21:17:22,778 [Worker-15: Building] INFO  o.e.m.c.i.e.AbstractTransferListenerAdapter - Downloaded https://repo.spring.io/milestone/org/eclipse/jetty/ee11/jetty-ee11-bom/12.1.0/jetty-ee11-bom-12.1.0.pom
2025-08-21 21:17:22,816 [Worker-15: Building] INFO  o.e.m.c.i.e.AbstractTransferListenerAdapter - Downloading https://repo.maven.apache.org/maven2/org/eclipse/jetty/ee11/jetty-ee11-bom/12.1.0/jetty-ee11-bom-12.1.0.pom
2025-08-21 21:17:22,832 [Worker-15: Building] INFO  o.e.m.c.i.e.AbstractTransferListenerAdapter - Downloaded https://repo.maven.apache.org/maven2/org/eclipse/jetty/ee11/jetty-ee11-bom/12.1.0/jetty-ee11-bom-12.1.0.pom
2025-08-21 21:17:23,118 [Worker-15: Building] INFO  o.e.m.c.i.e.AbstractTransferListenerAdapter - Downloaded https://repo.spring.io/milestone/org/eclipse/jetty/jetty-bom/12.1.0/jetty-bom-12.1.0.pom
2025-08-21 21:17:23,156 [Worker-15: Building] INFO  o.e.m.c.i.e.AbstractTransferListenerAdapter - Downloading https://repo.maven.apache.org/maven2/org/eclipse/jetty/jetty-bom/12.1.0/jetty-bom-12.1.0.pom
2025-08-21 21:17:23,168 [Worker-15: Building] INFO  o.e.m.c.i.e.AbstractTransferListenerAdapter - Downloaded https://repo.maven.apache.org/maven2/org/eclipse/jetty/jetty-bom/12.1.0/jetty-bom-12.1.0.pom
2025-08-21 21:17:23,490 [Worker-15: Building] INFO  o.e.m.c.i.e.AbstractTransferListenerAdapter - Downloaded https://repo.spring.io/milestone/org/jooq/jooq-bom/3.19.25/jooq-bom-3.19.25.pom
2025-08-21 21:17:23,523 [Worker-15: Building] INFO  o.e.m.c.i.e.AbstractTransferListenerAdapter - Downloading https://repo.maven.apache.org/maven2/org/jooq/jooq-bom/3.19.25/jooq-bom-3.19.25.pom
2025-08-21 21:17:23,540 [Worker-15: Building] INFO  o.e.m.c.i.e.AbstractTransferListenerAdapter - Downloaded https://repo.maven.apache.org/maven2/org/jooq/jooq-bom/3.19.25/jooq-bom-3.19.25.pom
2025-08-21 21:17:23,816 [Worker-15: Building] INFO  o.e.m.c.i.e.AbstractTransferListenerAdapter - Downloaded https://repo.spring.io/milestone/org/junit/junit-bom/5.13.4/junit-bom-5.13.4.pom
2025-08-21 21:17:23,852 [Worker-15: Building] INFO  o.e.m.c.i.e.AbstractTransferListenerAdapter - Downloading https://repo.maven.apache.org/maven2/org/junit/junit-bom/5.13.4/junit-bom-5.13.4.pom
2025-08-21 21:17:23,861 [Worker-15: Building] INFO  o.e.m.c.i.e.AbstractTransferListenerAdapter - Downloaded https://repo.maven.apache.org/maven2/org/junit/junit-bom/5.13.4/junit-bom-5.13.4.pom
2025-08-21 21:17:24,202 [Worker-15: Building] INFO  o.e.m.c.i.e.AbstractTransferListenerAdapter - Downloaded https://repo.spring.io/milestone/io/micrometer/micrometer-bom/1.16.0-M2/micrometer-bom-1.16.0-M2.pom
2025-08-21 21:17:24,245 [Worker-15: Building] INFO  o.e.m.c.i.e.AbstractTransferListenerAdapter - Downloading https://repo.maven.apache.org/maven2/io/micrometer/micrometer-bom/1.16.0-M2/micrometer-bom-1.16.0-M2.pom
2025-08-21 21:17:24,271 [Worker-15: Building] INFO  o.e.m.c.i.e.AbstractTransferListenerAdapter - Downloaded https://repo.maven.apache.org/maven2/io/micrometer/micrometer-bom/1.16.0-M2/micrometer-bom-1.16.0-M2.pom
2025-08-21 21:17:24,551 [Worker-15: Building] INFO  o.e.m.c.i.e.AbstractTransferListenerAdapter - Downloaded https://repo.spring.io/milestone/io/micrometer/micrometer-tracing-bom/1.6.0-M2/micrometer-tracing-bom-1.6.0-M2.pom
2025-08-21 21:17:24,580 [Worker-15: Building] INFO  o.e.m.c.i.e.AbstractTransferListenerAdapter - Downloading https://repo.maven.apache.org/maven2/io/micrometer/micrometer-tracing-bom/1.6.0-M2/micrometer-tracing-bom-1.6.0-M2.pom
2025-08-21 21:17:24,589 [Worker-15: Building] INFO  o.e.m.c.i.e.AbstractTransferListenerAdapter - Downloaded https://repo.maven.apache.org/maven2/io/micrometer/micrometer-tracing-bom/1.6.0-M2/micrometer-tracing-bom-1.6.0-M2.pom
2025-08-21 21:17:24,913 [Worker-15: Building] INFO  o.e.m.c.i.e.AbstractTransferListenerAdapter - Downloaded https://repo.spring.io/milestone/org/mockito/mockito-bom/5.19.0/mockito-bom-5.19.0.pom
2025-08-21 21:17:24,953 [Worker-15: Building] INFO  o.e.m.c.i.e.AbstractTransferListenerAdapter - Downloading https://repo.maven.apache.org/maven2/org/mockito/mockito-bom/5.19.0/mockito-bom-5.19.0.pom
2025-08-21 21:17:24,965 [Worker-15: Building] INFO  o.e.m.c.i.e.AbstractTransferListenerAdapter - Downloaded https://repo.maven.apache.org/maven2/org/mockito/mockito-bom/5.19.0/mockito-bom-5.19.0.pom
2025-08-21 21:17:25,336 [Worker-15: Building] INFO  o.e.m.c.i.e.AbstractTransferListenerAdapter - Downloaded https://repo.spring.io/milestone/io/netty/netty-bom/4.2.4.Final/netty-bom-4.2.4.Final.pom
2025-08-21 21:17:25,364 [Worker-15: Building] INFO  o.e.m.c.i.e.AbstractTransferListenerAdapter - Downloading https://repo.maven.apache.org/maven2/io/netty/netty-bom/4.2.4.Final/netty-bom-4.2.4.Final.pom
2025-08-21 21:17:25,374 [Worker-15: Building] INFO  o.e.m.c.i.e.AbstractTransferListenerAdapter - Downloaded https://repo.maven.apache.org/maven2/io/netty/netty-bom/4.2.4.Final/netty-bom-4.2.4.Final.pom
2025-08-21 21:17:25,737 [Worker-15: Building] INFO  o.e.m.c.i.e.AbstractTransferListenerAdapter - Downloaded https://repo.spring.io/milestone/io/opentelemetry/opentelemetry-bom/1.53.0/opentelemetry-bom-1.53.0.pom
2025-08-21 21:17:25,769 [Worker-15: Building] INFO  o.e.m.c.i.e.AbstractTransferListenerAdapter - Downloading https://repo.maven.apache.org/maven2/io/opentelemetry/opentelemetry-bom/1.53.0/opentelemetry-bom-1.53.0.pom
2025-08-21 21:17:25,781 [Worker-15: Building] INFO  o.e.m.c.i.e.AbstractTransferListenerAdapter - Downloaded https://repo.maven.apache.org/maven2/io/opentelemetry/opentelemetry-bom/1.53.0/opentelemetry-bom-1.53.0.pom
2025-08-21 21:17:26,149 [Worker-15: Building] INFO  o.e.m.c.i.e.AbstractTransferListenerAdapter - Downloaded https://repo.spring.io/milestone/io/prometheus/prometheus-metrics-bom/1.4.1/prometheus-metrics-bom-1.4.1.pom
2025-08-21 21:17:26,178 [Worker-15: Building] INFO  o.e.m.c.i.e.AbstractTransferListenerAdapter - Downloading https://repo.maven.apache.org/maven2/io/prometheus/prometheus-metrics-bom/1.4.1/prometheus-metrics-bom-1.4.1.pom
2025-08-21 21:17:26,214 [Worker-15: Building] INFO  o.e.m.c.i.e.AbstractTransferListenerAdapter - Downloaded https://repo.maven.apache.org/maven2/io/prometheus/prometheus-metrics-bom/1.4.1/prometheus-metrics-bom-1.4.1.pom
2025-08-21 21:17:26,508 [Worker-15: Building] INFO  o.e.m.c.i.e.AbstractTransferListenerAdapter - Downloaded https://repo.spring.io/milestone/io/prometheus/client_java_parent/1.4.1/client_java_parent-1.4.1.pom
2025-08-21 21:17:26,540 [Worker-15: Building] INFO  o.e.m.c.i.e.AbstractTransferListenerAdapter - Downloading https://repo.maven.apache.org/maven2/io/prometheus/client_java_parent/1.4.1/client_java_parent-1.4.1.pom
2025-08-21 21:17:26,546 [Worker-15: Building] INFO  o.e.m.c.i.e.AbstractTransferListenerAdapter - Downloaded https://repo.maven.apache.org/maven2/io/prometheus/client_java_parent/1.4.1/client_java_parent-1.4.1.pom
2025-08-21 21:17:26,819 [Worker-15: Building] INFO  o.e.m.c.i.e.AbstractTransferListenerAdapter - Downloaded https://repo.spring.io/milestone/org/apache/pulsar/pulsar-bom/4.0.6/pulsar-bom-4.0.6.pom
2025-08-21 21:17:26,849 [Worker-15: Building] INFO  o.e.m.c.i.e.AbstractTransferListenerAdapter - Downloading https://repo.maven.apache.org/maven2/org/apache/pulsar/pulsar-bom/4.0.6/pulsar-bom-4.0.6.pom
2025-08-21 21:17:26,882 [Worker-15: Building] INFO  o.e.m.c.i.e.AbstractTransferListenerAdapter - Downloaded https://repo.maven.apache.org/maven2/org/apache/pulsar/pulsar-bom/4.0.6/pulsar-bom-4.0.6.pom
2025-08-21 21:17:27,388 [Worker-15: Building] INFO  o.e.m.c.i.e.AbstractTransferListenerAdapter - Downloading https://repo.spring.io/milestone/io/projectreactor/reactor-bom/2025.0.0-M6/reactor-bom-2025.0.0-M6.pom
2025-08-21 21:17:27,397 [Worker-15: Building] INFO  o.e.m.c.i.e.AbstractTransferListenerAdapter - Downloaded https://repo.spring.io/milestone/io/projectreactor/reactor-bom/2025.0.0-M6/reactor-bom-2025.0.0-M6.pom
2025-08-21 21:17:27,731 [Worker-15: Building] INFO  o.e.m.c.i.e.AbstractTransferListenerAdapter - Downloaded https://repo.spring.io/milestone/io/rest-assured/rest-assured-bom/5.5.6/rest-assured-bom-5.5.6.pom
2025-08-21 21:17:27,766 [Worker-15: Building] INFO  o.e.m.c.i.e.AbstractTransferListenerAdapter - Downloading https://repo.maven.apache.org/maven2/io/rest-assured/rest-assured-bom/5.5.6/rest-assured-bom-5.5.6.pom
2025-08-21 21:17:27,776 [Worker-15: Building] INFO  o.e.m.c.i.e.AbstractTransferListenerAdapter - Downloaded https://repo.maven.apache.org/maven2/io/rest-assured/rest-assured-bom/5.5.6/rest-assured-bom-5.5.6.pom
2025-08-21 21:17:28,046 [Worker-15: Building] INFO  o.e.m.c.i.e.AbstractTransferListenerAdapter - Downloaded https://repo.spring.io/milestone/org/seleniumhq/selenium/selenium-bom/4.35.0/selenium-bom-4.35.0.pom
2025-08-21 21:17:28,078 [Worker-15: Building] INFO  o.e.m.c.i.e.AbstractTransferListenerAdapter - Downloading https://repo.maven.apache.org/maven2/org/seleniumhq/selenium/selenium-bom/4.35.0/selenium-bom-4.35.0.pom
2025-08-21 21:17:28,086 [Worker-15: Building] INFO  o.e.m.c.i.e.AbstractTransferListenerAdapter - Downloaded https://repo.maven.apache.org/maven2/org/seleniumhq/selenium/selenium-bom/4.35.0/selenium-bom-4.35.0.pom
2025-08-21 21:17:28,357 [Worker-15: Building] INFO  o.e.m.c.i.e.AbstractTransferListenerAdapter - Downloading https://repo.spring.io/milestone/org/springframework/amqp/spring-amqp-bom/4.0.0-M4/spring-amqp-bom-4.0.0-M4.pom
2025-08-21 21:17:28,370 [Worker-15: Building] INFO  o.e.m.c.i.e.AbstractTransferListenerAdapter - Downloaded https://repo.spring.io/milestone/org/springframework/amqp/spring-amqp-bom/4.0.0-M4/spring-amqp-bom-4.0.0-M4.pom
2025-08-21 21:17:28,706 [Worker-15: Building] INFO  o.e.m.c.i.e.AbstractTransferListenerAdapter - Downloaded https://repo.spring.io/milestone/org/springframework/batch/spring-batch-bom/6.0.0-M2/spring-batch-bom-6.0.0-M2.pom
2025-08-21 21:17:28,735 [Worker-15: Building] INFO  o.e.m.c.i.e.AbstractTransferListenerAdapter - Downloading https://repo.maven.apache.org/maven2/org/springframework/batch/spring-batch-bom/6.0.0-M2/spring-batch-bom-6.0.0-M2.pom
2025-08-21 21:17:28,746 [Worker-15: Building] INFO  o.e.m.c.i.e.AbstractTransferListenerAdapter - Downloaded https://repo.maven.apache.org/maven2/org/springframework/batch/spring-batch-bom/6.0.0-M2/spring-batch-bom-6.0.0-M2.pom
2025-08-21 21:17:29,116 [Worker-15: Building] INFO  o.e.m.c.i.e.AbstractTransferListenerAdapter - Downloaded https://repo.spring.io/milestone/org/springframework/data/spring-data-bom/2025.1.0-M5/spring-data-bom-2025.1.0-M5.pom
2025-08-21 21:17:29,152 [Worker-15: Building] INFO  o.e.m.c.i.e.AbstractTransferListenerAdapter - Downloading https://repo.maven.apache.org/maven2/org/springframework/data/spring-data-bom/2025.1.0-M5/spring-data-bom-2025.1.0-M5.pom
2025-08-21 21:17:29,161 [Worker-15: Building] INFO  o.e.m.c.i.e.AbstractTransferListenerAdapter - Downloaded https://repo.maven.apache.org/maven2/org/springframework/data/spring-data-bom/2025.1.0-M5/spring-data-bom-2025.1.0-M5.pom
2025-08-21 21:17:29,534 [Worker-15: Building] INFO  o.e.m.c.i.e.AbstractTransferListenerAdapter - Downloading https://repo.spring.io/milestone/org/springframework/spring-framework-bom/7.0.0-M8/spring-framework-bom-7.0.0-M8.pom
2025-08-21 21:17:29,550 [Worker-15: Building] INFO  o.e.m.c.i.e.AbstractTransferListenerAdapter - Downloaded https://repo.spring.io/milestone/org/springframework/spring-framework-bom/7.0.0-M8/spring-framework-bom-7.0.0-M8.pom
2025-08-21 21:17:29,824 [Worker-15: Building] INFO  o.e.m.c.i.e.AbstractTransferListenerAdapter - Downloading https://repo.spring.io/milestone/org/springframework/integration/spring-integration-bom/7.0.0-M2/spring-integration-bom-7.0.0-M2.pom
2025-08-21 21:17:29,834 [Worker-15: Building] INFO  o.e.m.c.i.e.AbstractTransferListenerAdapter - Downloaded https://repo.spring.io/milestone/org/springframework/integration/spring-integration-bom/7.0.0-M2/spring-integration-bom-7.0.0-M2.pom
2025-08-21 21:17:30,105 [Worker-15: Building] INFO  o.e.m.c.i.e.AbstractTransferListenerAdapter - Downloaded https://repo.spring.io/milestone/org/springframework/pulsar/spring-pulsar-bom/2.0.0-M2/spring-pulsar-bom-2.0.0-M2.pom
2025-08-21 21:17:30,135 [Worker-15: Building] INFO  o.e.m.c.i.e.AbstractTransferListenerAdapter - Downloading https://repo.maven.apache.org/maven2/org/springframework/pulsar/spring-pulsar-bom/2.0.0-M2/spring-pulsar-bom-2.0.0-M2.pom
2025-08-21 21:17:30,143 [Worker-15: Building] INFO  o.e.m.c.i.e.AbstractTransferListenerAdapter - Downloaded https://repo.maven.apache.org/maven2/org/springframework/pulsar/spring-pulsar-bom/2.0.0-M2/spring-pulsar-bom-2.0.0-M2.pom
2025-08-21 21:17:30,415 [Worker-15: Building] INFO  o.e.m.c.i.e.AbstractTransferListenerAdapter - Downloading https://repo.spring.io/milestone/org/springframework/restdocs/spring-restdocs-bom/4.0.0-M2/spring-restdocs-bom-4.0.0-M2.pom
2025-08-21 21:17:30,429 [Worker-15: Building] INFO  o.e.m.c.i.e.AbstractTransferListenerAdapter - Downloaded https://repo.spring.io/milestone/org/springframework/restdocs/spring-restdocs-bom/4.0.0-M2/spring-restdocs-bom-4.0.0-M2.pom
2025-08-21 21:17:30,699 [Worker-15: Building] INFO  o.e.m.c.i.e.AbstractTransferListenerAdapter - Downloaded https://repo.spring.io/milestone/org/springframework/security/spring-security-bom/7.0.0-M2/spring-security-bom-7.0.0-M2.pom
2025-08-21 21:17:30,730 [Worker-15: Building] INFO  o.e.m.c.i.e.AbstractTransferListenerAdapter - Downloading https://repo.maven.apache.org/maven2/org/springframework/security/spring-security-bom/7.0.0-M2/spring-security-bom-7.0.0-M2.pom
2025-08-21 21:17:30,741 [Worker-15: Building] INFO  o.e.m.c.i.e.AbstractTransferListenerAdapter - Downloaded https://repo.maven.apache.org/maven2/org/springframework/security/spring-security-bom/7.0.0-M2/spring-security-bom-7.0.0-M2.pom
2025-08-21 21:17:31,062 [Worker-15: Building] INFO  o.e.m.c.i.e.AbstractTransferListenerAdapter - Downloaded https://repo.spring.io/milestone/org/springframework/session/spring-session-bom/4.0.0-M2/spring-session-bom-4.0.0-M2.pom
2025-08-21 21:17:31,093 [Worker-15: Building] INFO  o.e.m.c.i.e.AbstractTransferListenerAdapter - Downloading https://repo.maven.apache.org/maven2/org/springframework/session/spring-session-bom/4.0.0-M2/spring-session-bom-4.0.0-M2.pom
2025-08-21 21:17:31,104 [Worker-15: Building] INFO  o.e.m.c.i.e.AbstractTransferListenerAdapter - Downloaded https://repo.maven.apache.org/maven2/org/springframework/session/spring-session-bom/4.0.0-M2/spring-session-bom-4.0.0-M2.pom
2025-08-21 21:17:31,677 [Worker-15: Building] INFO  o.e.m.c.i.e.AbstractTransferListenerAdapter - Downloading https://repo.spring.io/snapshot/org/springframework/boot/spring-boot-starter-data-jpa/4.0.0-SNAPSHOT/maven-metadata.xml
2025-08-21 21:17:31,687 [Worker-15: Building] INFO  o.e.m.c.i.e.AbstractTransferListenerAdapter - Downloaded https://repo.spring.io/snapshot/org/springframework/boot/spring-boot-starter-data-jpa/4.0.0-SNAPSHOT/maven-metadata.xml
2025-08-21 21:17:31,987 [Worker-15: Building] INFO  o.e.m.c.i.e.AbstractTransferListenerAdapter - Downloading https://repo.spring.io/snapshot/org/springframework/boot/spring-boot-starter-data-jpa/4.0.0-SNAPSHOT/spring-boot-starter-data-jpa-4.0.0-20250821.142622-426.pom
2025-08-21 21:17:31,999 [Worker-15: Building] INFO  o.e.m.c.i.e.AbstractTransferListenerAdapter - Downloaded https://repo.spring.io/snapshot/org/springframework/boot/spring-boot-starter-data-jpa/4.0.0-SNAPSHOT/spring-boot-starter-data-jpa-4.0.0-20250821.142622-426.pom
2025-08-21 21:17:32,292 [Worker-15: Building] INFO  o.e.m.c.i.e.AbstractTransferListenerAdapter - Downloading https://repo.spring.io/snapshot/org/springframework/boot/spring-boot-starter/4.0.0-SNAPSHOT/maven-metadata.xml
2025-08-21 21:17:32,302 [Worker-15: Building] INFO  o.e.m.c.i.e.AbstractTransferListenerAdapter - Downloaded https://repo.spring.io/snapshot/org/springframework/boot/spring-boot-starter/4.0.0-SNAPSHOT/maven-metadata.xml
2025-08-21 21:17:32,605 [Worker-15: Building] INFO  o.e.m.c.i.e.AbstractTransferListenerAdapter - Downloading https://repo.spring.io/snapshot/org/springframework/boot/spring-boot-starter/4.0.0-SNAPSHOT/spring-boot-starter-4.0.0-20250821.142622-426.pom
2025-08-21 21:17:32,621 [Worker-15: Building] INFO  o.e.m.c.i.e.AbstractTransferListenerAdapter - Downloaded https://repo.spring.io/snapshot/org/springframework/boot/spring-boot-starter/4.0.0-SNAPSHOT/spring-boot-starter-4.0.0-20250821.142622-426.pom
2025-08-21 21:17:33,000 [Worker-15: Building] INFO  o.e.m.c.i.e.AbstractTransferListenerAdapter - Downloading https://repo.spring.io/snapshot/org/springframework/boot/spring-boot-starter-logging/4.0.0-SNAPSHOT/maven-metadata.xml
2025-08-21 21:17:33,011 [Worker-15: Building] INFO  o.e.m.c.i.e.AbstractTransferListenerAdapter - Downloaded https://repo.spring.io/snapshot/org/springframework/boot/spring-boot-starter-logging/4.0.0-SNAPSHOT/maven-metadata.xml
2025-08-21 21:17:33,284 [Worker-15: Building] INFO  o.e.m.c.i.e.AbstractTransferListenerAdapter - Downloading https://repo.spring.io/snapshot/org/springframework/boot/spring-boot-starter-logging/4.0.0-SNAPSHOT/spring-boot-starter-logging-4.0.0-20250821.142622-426.pom
2025-08-21 21:17:33,295 [Worker-15: Building] INFO  o.e.m.c.i.e.AbstractTransferListenerAdapter - Downloaded https://repo.spring.io/snapshot/org/springframework/boot/spring-boot-starter-logging/4.0.0-SNAPSHOT/spring-boot-starter-logging-4.0.0-20250821.142622-426.pom
2025-08-21 21:17:33,623 [Worker-15: Building] INFO  o.e.m.c.i.e.AbstractTransferListenerAdapter - Downloading https://repo.spring.io/snapshot/org/springframework/boot/spring-boot-autoconfigure/4.0.0-SNAPSHOT/maven-metadata.xml
2025-08-21 21:17:33,646 [Worker-15: Building] INFO  o.e.m.c.i.e.AbstractTransferListenerAdapter - Downloaded https://repo.spring.io/snapshot/org/springframework/boot/spring-boot-autoconfigure/4.0.0-SNAPSHOT/maven-metadata.xml
2025-08-21 21:17:33,932 [Worker-15: Building] INFO  o.e.m.c.i.e.AbstractTransferListenerAdapter - Downloading https://repo.spring.io/snapshot/org/springframework/boot/spring-boot-autoconfigure/4.0.0-SNAPSHOT/spring-boot-autoconfigure-4.0.0-20250821.142622-426.pom
2025-08-21 21:17:33,949 [Worker-15: Building] INFO  o.e.m.c.i.e.AbstractTransferListenerAdapter - Downloaded https://repo.spring.io/snapshot/org/springframework/boot/spring-boot-autoconfigure/4.0.0-SNAPSHOT/spring-boot-autoconfigure-4.0.0-20250821.142622-426.pom
2025-08-21 21:17:34,252 [Worker-15: Building] INFO  o.e.m.c.i.e.AbstractTransferListenerAdapter - Downloading https://repo.spring.io/snapshot/org/springframework/boot/spring-boot/4.0.0-SNAPSHOT/maven-metadata.xml
2025-08-21 21:17:34,264 [Worker-15: Building] INFO  o.e.m.c.i.e.AbstractTransferListenerAdapter - Downloaded https://repo.spring.io/snapshot/org/springframework/boot/spring-boot/4.0.0-SNAPSHOT/maven-metadata.xml
2025-08-21 21:17:34,750 [Worker-15: Building] INFO  o.e.m.c.i.e.AbstractTransferListenerAdapter - Downloading https://repo.spring.io/snapshot/org/springframework/boot/spring-boot/4.0.0-SNAPSHOT/spring-boot-4.0.0-20250821.142622-426.pom
2025-08-21 21:17:34,770 [Worker-15: Building] INFO  o.e.m.c.i.e.AbstractTransferListenerAdapter - Downloaded https://repo.spring.io/snapshot/org/springframework/boot/spring-boot/4.0.0-SNAPSHOT/spring-boot-4.0.0-20250821.142622-426.pom
2025-08-21 21:17:35,064 [Worker-15: Building] INFO  o.e.m.c.i.e.AbstractTransferListenerAdapter - Downloading https://repo.spring.io/milestone/org/springframework/spring-core/7.0.0-M8/spring-core-7.0.0-M8.pom
2025-08-21 21:17:35,071 [Worker-15: Building] INFO  o.e.m.c.i.e.AbstractTransferListenerAdapter - Downloaded https://repo.spring.io/milestone/org/springframework/spring-core/7.0.0-M8/spring-core-7.0.0-M8.pom
2025-08-21 21:17:35,475 [Worker-15: Building] INFO  o.e.m.c.i.e.AbstractTransferListenerAdapter - Downloading https://repo.spring.io/milestone/org/springframework/spring-context/7.0.0-M8/spring-context-7.0.0-M8.pom
2025-08-21 21:17:35,483 [Worker-15: Building] INFO  o.e.m.c.i.e.AbstractTransferListenerAdapter - Downloaded https://repo.spring.io/milestone/org/springframework/spring-context/7.0.0-M8/spring-context-7.0.0-M8.pom
2025-08-21 21:17:35,773 [Worker-15: Building] INFO  o.e.m.c.i.e.AbstractTransferListenerAdapter - Downloading https://repo.spring.io/milestone/org/springframework/spring-aop/7.0.0-M8/spring-aop-7.0.0-M8.pom
2025-08-21 21:17:35,782 [Worker-15: Building] INFO  o.e.m.c.i.e.AbstractTransferListenerAdapter - Downloaded https://repo.spring.io/milestone/org/springframework/spring-aop/7.0.0-M8/spring-aop-7.0.0-M8.pom
2025-08-21 21:17:36,086 [Worker-15: Building] INFO  o.e.m.c.i.e.AbstractTransferListenerAdapter - Downloading https://repo.spring.io/milestone/org/springframework/spring-beans/7.0.0-M8/spring-beans-7.0.0-M8.pom
2025-08-21 21:17:36,095 [Worker-15: Building] INFO  o.e.m.c.i.e.AbstractTransferListenerAdapter - Downloaded https://repo.spring.io/milestone/org/springframework/spring-beans/7.0.0-M8/spring-beans-7.0.0-M8.pom
2025-08-21 21:17:36,395 [Worker-15: Building] INFO  o.e.m.c.i.e.AbstractTransferListenerAdapter - Downloading https://repo.spring.io/milestone/org/springframework/spring-expression/7.0.0-M8/spring-expression-7.0.0-M8.pom
2025-08-21 21:17:36,404 [Worker-15: Building] INFO  o.e.m.c.i.e.AbstractTransferListenerAdapter - Downloaded https://repo.spring.io/milestone/org/springframework/spring-expression/7.0.0-M8/spring-expression-7.0.0-M8.pom
2025-08-21 21:17:36,694 [Worker-15: Building] INFO  o.e.m.c.i.e.AbstractTransferListenerAdapter - Downloaded https://repo.spring.io/milestone/io/micrometer/micrometer-observation/1.16.0-M2/micrometer-observation-1.16.0-M2.pom
2025-08-21 21:17:36,731 [Worker-15: Building] INFO  o.e.m.c.i.e.AbstractTransferListenerAdapter - Downloading https://repo.maven.apache.org/maven2/io/micrometer/micrometer-observation/1.16.0-M2/micrometer-observation-1.16.0-M2.pom
2025-08-21 21:17:36,741 [Worker-15: Building] INFO  o.e.m.c.i.e.AbstractTransferListenerAdapter - Downloaded https://repo.maven.apache.org/maven2/io/micrometer/micrometer-observation/1.16.0-M2/micrometer-observation-1.16.0-M2.pom
2025-08-21 21:17:37,107 [Worker-15: Building] INFO  o.e.m.c.i.e.AbstractTransferListenerAdapter - Downloaded https://repo.spring.io/milestone/io/micrometer/micrometer-commons/1.16.0-M2/micrometer-commons-1.16.0-M2.pom
2025-08-21 21:17:37,140 [Worker-15: Building] INFO  o.e.m.c.i.e.AbstractTransferListenerAdapter - Downloading https://repo.maven.apache.org/maven2/io/micrometer/micrometer-commons/1.16.0-M2/micrometer-commons-1.16.0-M2.pom
2025-08-21 21:17:37,155 [Worker-15: Building] INFO  o.e.m.c.i.e.AbstractTransferListenerAdapter - Downloaded https://repo.maven.apache.org/maven2/io/micrometer/micrometer-commons/1.16.0-M2/micrometer-commons-1.16.0-M2.pom
2025-08-21 21:17:37,516 [Worker-15: Building] INFO  o.e.m.c.i.e.AbstractTransferListenerAdapter - Downloading https://repo.spring.io/snapshot/org/springframework/boot/spring-boot-starter-jdbc/4.0.0-SNAPSHOT/maven-metadata.xml
2025-08-21 21:17:37,532 [Worker-15: Building] INFO  o.e.m.c.i.e.AbstractTransferListenerAdapter - Downloaded https://repo.spring.io/snapshot/org/springframework/boot/spring-boot-starter-jdbc/4.0.0-SNAPSHOT/maven-metadata.xml
2025-08-21 21:17:37,826 [Worker-15: Building] INFO  o.e.m.c.i.e.AbstractTransferListenerAdapter - Downloading https://repo.spring.io/snapshot/org/springframework/boot/spring-boot-starter-jdbc/4.0.0-SNAPSHOT/spring-boot-starter-jdbc-4.0.0-20250821.142622-426.pom
2025-08-21 21:17:37,845 [Worker-15: Building] INFO  o.e.m.c.i.e.AbstractTransferListenerAdapter - Downloaded https://repo.spring.io/snapshot/org/springframework/boot/spring-boot-starter-jdbc/4.0.0-SNAPSHOT/spring-boot-starter-jdbc-4.0.0-20250821.142622-426.pom
2025-08-21 21:17:38,133 [Worker-15: Building] INFO  o.e.m.c.i.e.AbstractTransferListenerAdapter - Downloading https://repo.spring.io/snapshot/org/springframework/boot/spring-boot-jdbc/4.0.0-SNAPSHOT/maven-metadata.xml
2025-08-21 21:17:38,143 [Worker-15: Building] INFO  o.e.m.c.i.e.AbstractTransferListenerAdapter - Downloaded https://repo.spring.io/snapshot/org/springframework/boot/spring-boot-jdbc/4.0.0-SNAPSHOT/maven-metadata.xml
2025-08-21 21:17:38,420 [Worker-15: Building] INFO  o.e.m.c.i.e.AbstractTransferListenerAdapter - Downloading https://repo.spring.io/snapshot/org/springframework/boot/spring-boot-jdbc/4.0.0-SNAPSHOT/spring-boot-jdbc-4.0.0-20250821.142622-247.pom
2025-08-21 21:17:38,440 [Worker-15: Building] INFO  o.e.m.c.i.e.AbstractTransferListenerAdapter - Downloaded https://repo.spring.io/snapshot/org/springframework/boot/spring-boot-jdbc/4.0.0-SNAPSHOT/spring-boot-jdbc-4.0.0-20250821.142622-247.pom
2025-08-21 21:17:38,754 [Worker-15: Building] INFO  o.e.m.c.i.e.AbstractTransferListenerAdapter - Downloading https://repo.spring.io/snapshot/org/springframework/boot/spring-boot-sql/4.0.0-SNAPSHOT/maven-metadata.xml
2025-08-21 21:17:38,767 [Worker-15: Building] INFO  o.e.m.c.i.e.AbstractTransferListenerAdapter - Downloaded https://repo.spring.io/snapshot/org/springframework/boot/spring-boot-sql/4.0.0-SNAPSHOT/maven-metadata.xml
2025-08-21 21:17:39,051 [Worker-15: Building] INFO  o.e.m.c.i.e.AbstractTransferListenerAdapter - Downloading https://repo.spring.io/snapshot/org/springframework/boot/spring-boot-sql/4.0.0-SNAPSHOT/spring-boot-sql-4.0.0-20250821.142622-196.pom
2025-08-21 21:17:39,071 [Worker-15: Building] INFO  o.e.m.c.i.e.AbstractTransferListenerAdapter - Downloaded https://repo.spring.io/snapshot/org/springframework/boot/spring-boot-sql/4.0.0-SNAPSHOT/spring-boot-sql-4.0.0-20250821.142622-196.pom
2025-08-21 21:17:39,360 [Worker-15: Building] INFO  o.e.m.c.i.e.AbstractTransferListenerAdapter - Downloading https://repo.spring.io/milestone/org/springframework/spring-jdbc/7.0.0-M8/spring-jdbc-7.0.0-M8.pom
2025-08-21 21:17:39,377 [Worker-15: Building] INFO  o.e.m.c.i.e.AbstractTransferListenerAdapter - Downloaded https://repo.spring.io/milestone/org/springframework/spring-jdbc/7.0.0-M8/spring-jdbc-7.0.0-M8.pom
2025-08-21 21:17:39,664 [Worker-15: Building] INFO  o.e.m.c.i.e.AbstractTransferListenerAdapter - Downloading https://repo.spring.io/milestone/org/springframework/spring-tx/7.0.0-M8/spring-tx-7.0.0-M8.pom
2025-08-21 21:17:39,675 [Worker-15: Building] INFO  o.e.m.c.i.e.AbstractTransferListenerAdapter - Downloaded https://repo.spring.io/milestone/org/springframework/spring-tx/7.0.0-M8/spring-tx-7.0.0-M8.pom
2025-08-21 21:17:39,956 [Worker-15: Building] INFO  o.e.m.c.i.e.AbstractTransferListenerAdapter - Downloading https://repo.spring.io/snapshot/org/springframework/boot/spring-boot-tx/4.0.0-SNAPSHOT/maven-metadata.xml
2025-08-21 21:17:39,963 [Worker-15: Building] INFO  o.e.m.c.i.e.AbstractTransferListenerAdapter - Downloaded https://repo.spring.io/snapshot/org/springframework/boot/spring-boot-tx/4.0.0-SNAPSHOT/maven-metadata.xml
2025-08-21 21:17:40,233 [Worker-15: Building] INFO  o.e.m.c.i.e.AbstractTransferListenerAdapter - Downloading https://repo.spring.io/snapshot/org/springframework/boot/spring-boot-tx/4.0.0-SNAPSHOT/spring-boot-tx-4.0.0-20250821.142622-247.pom
2025-08-21 21:17:40,248 [Worker-15: Building] INFO  o.e.m.c.i.e.AbstractTransferListenerAdapter - Downloaded https://repo.spring.io/snapshot/org/springframework/boot/spring-boot-tx/4.0.0-SNAPSHOT/spring-boot-tx-4.0.0-20250821.142622-247.pom
2025-08-21 21:17:40,588 [Worker-15: Building] INFO  o.e.m.c.i.e.AbstractTransferListenerAdapter - Downloaded https://repo.spring.io/milestone/com/zaxxer/HikariCP/7.0.1/HikariCP-7.0.1.pom
2025-08-21 21:17:40,624 [Worker-15: Building] INFO  o.e.m.c.i.e.AbstractTransferListenerAdapter - Downloading https://repo.maven.apache.org/maven2/com/zaxxer/HikariCP/7.0.1/HikariCP-7.0.1.pom
2025-08-21 21:17:40,724 [Worker-15: Building] INFO  o.e.m.c.i.e.AbstractTransferListenerAdapter - Downloaded https://repo.maven.apache.org/maven2/com/zaxxer/HikariCP/7.0.1/HikariCP-7.0.1.pom
2025-08-21 21:17:41,097 [Worker-15: Building] INFO  o.e.m.c.i.e.AbstractTransferListenerAdapter - Downloading https://repo.spring.io/snapshot/org/springframework/boot/spring-boot-data-jpa/4.0.0-SNAPSHOT/maven-metadata.xml
2025-08-21 21:17:41,111 [Worker-15: Building] INFO  o.e.m.c.i.e.AbstractTransferListenerAdapter - Downloaded https://repo.spring.io/snapshot/org/springframework/boot/spring-boot-data-jpa/4.0.0-SNAPSHOT/maven-metadata.xml
2025-08-21 21:17:41,406 [Worker-15: Building] INFO  o.e.m.c.i.e.AbstractTransferListenerAdapter - Downloading https://repo.spring.io/snapshot/org/springframework/boot/spring-boot-data-jpa/4.0.0-SNAPSHOT/spring-boot-data-jpa-4.0.0-20250821.142622-233.pom
2025-08-21 21:17:41,423 [Worker-15: Building] INFO  o.e.m.c.i.e.AbstractTransferListenerAdapter - Downloaded https://repo.spring.io/snapshot/org/springframework/boot/spring-boot-data-jpa/4.0.0-SNAPSHOT/spring-boot-data-jpa-4.0.0-20250821.142622-233.pom
2025-08-21 21:17:41,713 [Worker-15: Building] INFO  o.e.m.c.i.e.AbstractTransferListenerAdapter - Downloading https://repo.spring.io/snapshot/org/springframework/boot/spring-boot-data-commons/4.0.0-SNAPSHOT/maven-metadata.xml
2025-08-21 21:17:41,721 [Worker-15: Building] INFO  o.e.m.c.i.e.AbstractTransferListenerAdapter - Downloaded https://repo.spring.io/snapshot/org/springframework/boot/spring-boot-data-commons/4.0.0-SNAPSHOT/maven-metadata.xml
2025-08-21 21:17:42,215 [Worker-15: Building] INFO  o.e.m.c.i.e.AbstractTransferListenerAdapter - Downloading https://repo.spring.io/snapshot/org/springframework/boot/spring-boot-data-commons/4.0.0-SNAPSHOT/spring-boot-data-commons-4.0.0-20250821.142622-168.pom
2025-08-21 21:17:42,233 [Worker-15: Building] INFO  o.e.m.c.i.e.AbstractTransferListenerAdapter - Downloaded https://repo.spring.io/snapshot/org/springframework/boot/spring-boot-data-commons/4.0.0-SNAPSHOT/spring-boot-data-commons-4.0.0-20250821.142622-168.pom
2025-08-21 21:17:42,517 [Worker-15: Building] INFO  o.e.m.c.i.e.AbstractTransferListenerAdapter - Downloaded https://repo.spring.io/milestone/org/springframework/data/spring-data-commons/4.0.0-M5/spring-data-commons-4.0.0-M5.pom
2025-08-21 21:17:42,551 [Worker-15: Building] INFO  o.e.m.c.i.e.AbstractTransferListenerAdapter - Downloading https://repo.maven.apache.org/maven2/org/springframework/data/spring-data-commons/4.0.0-M5/spring-data-commons-4.0.0-M5.pom
2025-08-21 21:17:42,563 [Worker-15: Building] INFO  o.e.m.c.i.e.AbstractTransferListenerAdapter - Downloaded https://repo.maven.apache.org/maven2/org/springframework/data/spring-data-commons/4.0.0-M5/spring-data-commons-4.0.0-M5.pom
2025-08-21 21:17:42,835 [Worker-15: Building] INFO  o.e.m.c.i.e.AbstractTransferListenerAdapter - Downloaded https://repo.spring.io/milestone/org/springframework/data/build/spring-data-parent/4.0.0-M5/spring-data-parent-4.0.0-M5.pom
2025-08-21 21:17:42,871 [Worker-15: Building] INFO  o.e.m.c.i.e.AbstractTransferListenerAdapter - Downloading https://repo.maven.apache.org/maven2/org/springframework/data/build/spring-data-parent/4.0.0-M5/spring-data-parent-4.0.0-M5.pom
2025-08-21 21:17:42,900 [Worker-15: Building] INFO  o.e.m.c.i.e.AbstractTransferListenerAdapter - Downloaded https://repo.maven.apache.org/maven2/org/springframework/data/build/spring-data-parent/4.0.0-M5/spring-data-parent-4.0.0-M5.pom
2025-08-21 21:17:43,181 [Worker-15: Building] INFO  o.e.m.c.i.e.AbstractTransferListenerAdapter - Downloaded https://repo.spring.io/milestone/org/springframework/data/build/spring-data-build/4.0.0-M5/spring-data-build-4.0.0-M5.pom
2025-08-21 21:17:43,221 [Worker-15: Building] INFO  o.e.m.c.i.e.AbstractTransferListenerAdapter - Downloading https://repo.maven.apache.org/maven2/org/springframework/data/build/spring-data-build/4.0.0-M5/spring-data-build-4.0.0-M5.pom
2025-08-21 21:17:43,241 [Worker-15: Building] INFO  o.e.m.c.i.e.AbstractTransferListenerAdapter - Downloaded https://repo.maven.apache.org/maven2/org/springframework/data/build/spring-data-build/4.0.0-M5/spring-data-build-4.0.0-M5.pom
2025-08-21 21:17:43,554 [Worker-15: Building] INFO  o.e.m.c.i.e.AbstractTransferListenerAdapter - Downloaded https://repo.spring.io/milestone/tools/jackson/jackson-bom/3.0.0-rc7/jackson-bom-3.0.0-rc7.pom
2025-08-21 21:17:43,597 [Worker-15: Building] INFO  o.e.m.c.i.e.AbstractTransferListenerAdapter - Downloading https://repo.maven.apache.org/maven2/tools/jackson/jackson-bom/3.0.0-rc7/jackson-bom-3.0.0-rc7.pom
2025-08-21 21:17:43,608 [Worker-15: Building] INFO  o.e.m.c.i.e.AbstractTransferListenerAdapter - Downloaded https://repo.maven.apache.org/maven2/tools/jackson/jackson-bom/3.0.0-rc7/jackson-bom-3.0.0-rc7.pom
2025-08-21 21:17:43,965 [Worker-15: Building] INFO  o.e.m.c.i.e.AbstractTransferListenerAdapter - Downloading https://repo.spring.io/snapshot/org/springframework/boot/spring-boot-hibernate/4.0.0-SNAPSHOT/maven-metadata.xml
2025-08-21 21:17:43,985 [Worker-15: Building] INFO  o.e.m.c.i.e.AbstractTransferListenerAdapter - Downloaded https://repo.spring.io/snapshot/org/springframework/boot/spring-boot-hibernate/4.0.0-SNAPSHOT/maven-metadata.xml
2025-08-21 21:17:44,353 [Worker-15: Building] INFO  o.e.m.c.i.e.AbstractTransferListenerAdapter - Downloading https://repo.spring.io/snapshot/org/springframework/boot/spring-boot-hibernate/4.0.0-SNAPSHOT/spring-boot-hibernate-4.0.0-20250821.142622-168.pom
2025-08-21 21:17:44,376 [Worker-15: Building] INFO  o.e.m.c.i.e.AbstractTransferListenerAdapter - Downloaded https://repo.spring.io/snapshot/org/springframework/boot/spring-boot-hibernate/4.0.0-SNAPSHOT/spring-boot-hibernate-4.0.0-20250821.142622-168.pom
2025-08-21 21:17:44,713 [Worker-15: Building] INFO  o.e.m.c.i.e.AbstractTransferListenerAdapter - Downloading https://repo.spring.io/snapshot/org/springframework/boot/spring-boot-jpa/4.0.0-SNAPSHOT/maven-metadata.xml
2025-08-21 21:17:44,729 [Worker-15: Building] INFO  o.e.m.c.i.e.AbstractTransferListenerAdapter - Downloaded https://repo.spring.io/snapshot/org/springframework/boot/spring-boot-jpa/4.0.0-SNAPSHOT/maven-metadata.xml
2025-08-21 21:17:45,093 [Worker-15: Building] INFO  o.e.m.c.i.e.AbstractTransferListenerAdapter - Downloading https://repo.spring.io/snapshot/org/springframework/boot/spring-boot-jpa/4.0.0-SNAPSHOT/spring-boot-jpa-4.0.0-20250821.142622-233.pom
2025-08-21 21:17:45,111 [Worker-15: Building] INFO  o.e.m.c.i.e.AbstractTransferListenerAdapter - Downloaded https://repo.spring.io/snapshot/org/springframework/boot/spring-boot-jpa/4.0.0-SNAPSHOT/spring-boot-jpa-4.0.0-20250821.142622-233.pom
2025-08-21 21:17:45,512 [Worker-15: Building] INFO  o.e.m.c.i.e.AbstractTransferListenerAdapter - Downloading https://repo.spring.io/milestone/org/springframework/spring-orm/7.0.0-M8/spring-orm-7.0.0-M8.pom
2025-08-21 21:17:45,533 [Worker-15: Building] INFO  o.e.m.c.i.e.AbstractTransferListenerAdapter - Downloaded https://repo.spring.io/milestone/org/springframework/spring-orm/7.0.0-M8/spring-orm-7.0.0-M8.pom
2025-08-21 21:17:45,909 [Worker-15: Building] INFO  o.e.m.c.i.e.AbstractTransferListenerAdapter - Downloaded https://repo.spring.io/milestone/org/hibernate/orm/hibernate-core/7.1.0.Final/hibernate-core-7.1.0.Final.pom
2025-08-21 21:17:45,945 [Worker-15: Building] INFO  o.e.m.c.i.e.AbstractTransferListenerAdapter - Downloading https://repo.maven.apache.org/maven2/org/hibernate/orm/hibernate-core/7.1.0.Final/hibernate-core-7.1.0.Final.pom
2025-08-21 21:17:45,959 [Worker-15: Building] INFO  o.e.m.c.i.e.AbstractTransferListenerAdapter - Downloaded https://repo.maven.apache.org/maven2/org/hibernate/orm/hibernate-core/7.1.0.Final/hibernate-core-7.1.0.Final.pom
2025-08-21 21:17:46,319 [Worker-15: Building] INFO  o.e.m.c.i.e.AbstractTransferListenerAdapter - Downloaded https://repo.spring.io/milestone/org/hibernate/models/hibernate-models/1.0.1/hibernate-models-1.0.1.pom
2025-08-21 21:17:46,358 [Worker-15: Building] INFO  o.e.m.c.i.e.AbstractTransferListenerAdapter - Downloading https://repo.maven.apache.org/maven2/org/hibernate/models/hibernate-models/1.0.1/hibernate-models-1.0.1.pom
2025-08-21 21:17:46,369 [Worker-15: Building] INFO  o.e.m.c.i.e.AbstractTransferListenerAdapter - Downloaded https://repo.maven.apache.org/maven2/org/hibernate/models/hibernate-models/1.0.1/hibernate-models-1.0.1.pom
2025-08-21 21:17:46,730 [Worker-15: Building] INFO  o.e.m.c.i.e.AbstractTransferListenerAdapter - Downloaded https://repo.spring.io/milestone/net/bytebuddy/byte-buddy/1.17.7/byte-buddy-1.17.7.pom
2025-08-21 21:17:46,762 [Worker-15: Building] INFO  o.e.m.c.i.e.AbstractTransferListenerAdapter - Downloading https://repo.maven.apache.org/maven2/net/bytebuddy/byte-buddy/1.17.7/byte-buddy-1.17.7.pom
2025-08-21 21:17:46,784 [Worker-15: Building] INFO  o.e.m.c.i.e.AbstractTransferListenerAdapter - Downloaded https://repo.maven.apache.org/maven2/net/bytebuddy/byte-buddy/1.17.7/byte-buddy-1.17.7.pom
2025-08-21 21:17:47,146 [Worker-15: Building] INFO  o.e.m.c.i.e.AbstractTransferListenerAdapter - Downloaded https://repo.spring.io/milestone/net/bytebuddy/byte-buddy-parent/1.17.7/byte-buddy-parent-1.17.7.pom
2025-08-21 21:17:47,188 [Worker-15: Building] INFO  o.e.m.c.i.e.AbstractTransferListenerAdapter - Downloading https://repo.maven.apache.org/maven2/net/bytebuddy/byte-buddy-parent/1.17.7/byte-buddy-parent-1.17.7.pom
2025-08-21 21:17:47,235 [Worker-15: Building] INFO  o.e.m.c.i.e.AbstractTransferListenerAdapter - Downloaded https://repo.maven.apache.org/maven2/net/bytebuddy/byte-buddy-parent/1.17.7/byte-buddy-parent-1.17.7.pom
2025-08-21 21:17:47,652 [Worker-15: Building] INFO  o.e.m.c.i.e.AbstractTransferListenerAdapter - Downloaded https://repo.spring.io/milestone/org/springframework/data/spring-data-jpa/4.0.0-M5/spring-data-jpa-4.0.0-M5.pom
2025-08-21 21:17:47,690 [Worker-15: Building] INFO  o.e.m.c.i.e.AbstractTransferListenerAdapter - Downloading https://repo.maven.apache.org/maven2/org/springframework/data/spring-data-jpa/4.0.0-M5/spring-data-jpa-4.0.0-M5.pom
2025-08-21 21:17:47,705 [Worker-15: Building] INFO  o.e.m.c.i.e.AbstractTransferListenerAdapter - Downloaded https://repo.maven.apache.org/maven2/org/springframework/data/spring-data-jpa/4.0.0-M5/spring-data-jpa-4.0.0-M5.pom
2025-08-21 21:17:47,981 [Worker-15: Building] INFO  o.e.m.c.i.e.AbstractTransferListenerAdapter - Downloaded https://repo.spring.io/milestone/org/springframework/data/spring-data-jpa-parent/4.0.0-M5/spring-data-jpa-parent-4.0.0-M5.pom
2025-08-21 21:17:48,016 [Worker-15: Building] INFO  o.e.m.c.i.e.AbstractTransferListenerAdapter - Downloading https://repo.maven.apache.org/maven2/org/springframework/data/spring-data-jpa-parent/4.0.0-M5/spring-data-jpa-parent-4.0.0-M5.pom
2025-08-21 21:17:48,031 [Worker-15: Building] INFO  o.e.m.c.i.e.AbstractTransferListenerAdapter - Downloaded https://repo.maven.apache.org/maven2/org/springframework/data/spring-data-jpa-parent/4.0.0-M5/spring-data-jpa-parent-4.0.0-M5.pom
2025-08-21 21:17:48,319 [Worker-15: Building] INFO  o.e.m.c.i.e.AbstractTransferListenerAdapter - Downloading https://repo.spring.io/milestone/org/springframework/spring-aspects/7.0.0-M8/spring-aspects-7.0.0-M8.pom
2025-08-21 21:17:48,341 [Worker-15: Building] INFO  o.e.m.c.i.e.AbstractTransferListenerAdapter - Downloaded https://repo.spring.io/milestone/org/springframework/spring-aspects/7.0.0-M8/spring-aspects-7.0.0-M8.pom
2025-08-21 21:17:48,634 [Worker-15: Building] INFO  o.e.m.c.i.e.AbstractTransferListenerAdapter - Downloading https://repo.spring.io/snapshot/org/springframework/boot/spring-boot-starter-mail/4.0.0-SNAPSHOT/maven-metadata.xml
2025-08-21 21:17:48,657 [Worker-15: Building] INFO  o.e.m.c.i.e.AbstractTransferListenerAdapter - Downloaded https://repo.spring.io/snapshot/org/springframework/boot/spring-boot-starter-mail/4.0.0-SNAPSHOT/maven-metadata.xml
2025-08-21 21:17:48,994 [Worker-15: Building] INFO  o.e.m.c.i.e.AbstractTransferListenerAdapter - Downloading https://repo.spring.io/snapshot/org/springframework/boot/spring-boot-starter-mail/4.0.0-SNAPSHOT/spring-boot-starter-mail-4.0.0-20250821.142622-426.pom
2025-08-21 21:17:49,017 [Worker-15: Building] INFO  o.e.m.c.i.e.AbstractTransferListenerAdapter - Downloaded https://repo.spring.io/snapshot/org/springframework/boot/spring-boot-starter-mail/4.0.0-SNAPSHOT/spring-boot-starter-mail-4.0.0-20250821.142622-426.pom
2025-08-21 21:17:49,316 [Worker-15: Building] INFO  o.e.m.c.i.e.AbstractTransferListenerAdapter - Downloading https://repo.spring.io/snapshot/org/springframework/boot/spring-boot-mail/4.0.0-SNAPSHOT/maven-metadata.xml
2025-08-21 21:17:49,334 [Worker-15: Building] INFO  o.e.m.c.i.e.AbstractTransferListenerAdapter - Downloaded https://repo.spring.io/snapshot/org/springframework/boot/spring-boot-mail/4.0.0-SNAPSHOT/maven-metadata.xml
2025-08-21 21:17:49,688 [Worker-15: Building] INFO  o.e.m.c.i.e.AbstractTransferListenerAdapter - Downloading https://repo.spring.io/snapshot/org/springframework/boot/spring-boot-mail/4.0.0-SNAPSHOT/spring-boot-mail-4.0.0-20250821.142622-251.pom
2025-08-21 21:17:49,707 [Worker-15: Building] INFO  o.e.m.c.i.e.AbstractTransferListenerAdapter - Downloaded https://repo.spring.io/snapshot/org/springframework/boot/spring-boot-mail/4.0.0-SNAPSHOT/spring-boot-mail-4.0.0-20250821.142622-251.pom
2025-08-21 21:17:50,746 [Worker-15: Building] INFO  o.e.m.c.i.e.AbstractTransferListenerAdapter - Downloading https://repo.spring.io/milestone/org/springframework/spring-context-support/7.0.0-M8/spring-context-support-7.0.0-M8.pom
2025-08-21 21:17:51,017 [Worker-15: Building] INFO  o.e.m.c.i.e.AbstractTransferListenerAdapter - Downloaded https://repo.spring.io/milestone/org/springframework/spring-context-support/7.0.0-M8/spring-context-support-7.0.0-M8.pom
2025-08-21 21:17:51,301 [Worker-15: Building] INFO  o.e.m.c.i.e.AbstractTransferListenerAdapter - Downloaded https://repo.spring.io/milestone/org/eclipse/angus/jakarta.mail/2.0.4/jakarta.mail-2.0.4.pom
2025-08-21 21:17:51,344 [Worker-15: Building] INFO  o.e.m.c.i.e.AbstractTransferListenerAdapter - Downloading https://repo.maven.apache.org/maven2/org/eclipse/angus/jakarta.mail/2.0.4/jakarta.mail-2.0.4.pom
2025-08-21 21:17:51,365 [Worker-15: Building] INFO  o.e.m.c.i.e.AbstractTransferListenerAdapter - Downloaded https://repo.maven.apache.org/maven2/org/eclipse/angus/jakarta.mail/2.0.4/jakarta.mail-2.0.4.pom
2025-08-21 21:17:51,752 [Worker-15: Building] INFO  o.e.m.c.i.e.AbstractTransferListenerAdapter - Downloaded https://repo.spring.io/milestone/org/eclipse/angus/all/2.0.4/all-2.0.4.pom
2025-08-21 21:17:51,787 [Worker-15: Building] INFO  o.e.m.c.i.e.AbstractTransferListenerAdapter - Downloading https://repo.maven.apache.org/maven2/org/eclipse/angus/all/2.0.4/all-2.0.4.pom
2025-08-21 21:17:51,829 [Worker-15: Building] INFO  o.e.m.c.i.e.AbstractTransferListenerAdapter - Downloaded https://repo.maven.apache.org/maven2/org/eclipse/angus/all/2.0.4/all-2.0.4.pom
2025-08-21 21:17:52,161 [Worker-15: Building] INFO  o.e.m.c.i.e.AbstractTransferListenerAdapter - Downloading https://repo.spring.io/snapshot/org/springframework/boot/spring-boot-starter-security/4.0.0-SNAPSHOT/maven-metadata.xml
2025-08-21 21:17:52,186 [Worker-15: Building] INFO  o.e.m.c.i.e.AbstractTransferListenerAdapter - Downloaded https://repo.spring.io/snapshot/org/springframework/boot/spring-boot-starter-security/4.0.0-SNAPSHOT/maven-metadata.xml
2025-08-21 21:17:52,569 [Worker-15: Building] INFO  o.e.m.c.i.e.AbstractTransferListenerAdapter - Downloading https://repo.spring.io/snapshot/org/springframework/boot/spring-boot-starter-security/4.0.0-SNAPSHOT/spring-boot-starter-security-4.0.0-20250821.142622-426.pom
2025-08-21 21:17:52,592 [Worker-15: Building] INFO  o.e.m.c.i.e.AbstractTransferListenerAdapter - Downloaded https://repo.spring.io/snapshot/org/springframework/boot/spring-boot-starter-security/4.0.0-SNAPSHOT/spring-boot-starter-security-4.0.0-20250821.142622-426.pom
2025-08-21 21:17:52,890 [Worker-15: Building] INFO  o.e.m.c.i.e.AbstractTransferListenerAdapter - Downloading https://repo.spring.io/snapshot/org/springframework/boot/spring-boot-security/4.0.0-SNAPSHOT/maven-metadata.xml
2025-08-21 21:17:52,912 [Worker-15: Building] INFO  o.e.m.c.i.e.AbstractTransferListenerAdapter - Downloaded https://repo.spring.io/snapshot/org/springframework/boot/spring-boot-security/4.0.0-SNAPSHOT/maven-metadata.xml
2025-08-21 21:17:53,284 [Worker-15: Building] INFO  o.e.m.c.i.e.AbstractTransferListenerAdapter - Downloading https://repo.spring.io/snapshot/org/springframework/boot/spring-boot-security/4.0.0-SNAPSHOT/spring-boot-security-4.0.0-20250821.142622-203.pom
2025-08-21 21:17:53,299 [Worker-15: Building] INFO  o.e.m.c.i.e.AbstractTransferListenerAdapter - Downloaded https://repo.spring.io/snapshot/org/springframework/boot/spring-boot-security/4.0.0-SNAPSHOT/spring-boot-security-4.0.0-20250821.142622-203.pom
2025-08-21 21:17:53,592 [Worker-15: Building] INFO  o.e.m.c.i.e.AbstractTransferListenerAdapter - Downloaded https://repo.spring.io/milestone/org/springframework/security/spring-security-config/7.0.0-M2/spring-security-config-7.0.0-M2.pom
2025-08-21 21:17:53,629 [Worker-15: Building] INFO  o.e.m.c.i.e.AbstractTransferListenerAdapter - Downloading https://repo.maven.apache.org/maven2/org/springframework/security/spring-security-config/7.0.0-M2/spring-security-config-7.0.0-M2.pom
2025-08-21 21:17:53,637 [Worker-15: Building] INFO  o.e.m.c.i.e.AbstractTransferListenerAdapter - Downloaded https://repo.maven.apache.org/maven2/org/springframework/security/spring-security-config/7.0.0-M2/spring-security-config-7.0.0-M2.pom
2025-08-21 21:17:53,997 [Worker-15: Building] INFO  o.e.m.c.i.e.AbstractTransferListenerAdapter - Downloaded https://repo.spring.io/milestone/org/springframework/security/spring-security-core/7.0.0-M2/spring-security-core-7.0.0-M2.pom
2025-08-21 21:17:54,037 [Worker-15: Building] INFO  o.e.m.c.i.e.AbstractTransferListenerAdapter - Downloading https://repo.maven.apache.org/maven2/org/springframework/security/spring-security-core/7.0.0-M2/spring-security-core-7.0.0-M2.pom
2025-08-21 21:17:54,048 [Worker-15: Building] INFO  o.e.m.c.i.e.AbstractTransferListenerAdapter - Downloaded https://repo.maven.apache.org/maven2/org/springframework/security/spring-security-core/7.0.0-M2/spring-security-core-7.0.0-M2.pom
2025-08-21 21:17:54,408 [Worker-15: Building] INFO  o.e.m.c.i.e.AbstractTransferListenerAdapter - Downloaded https://repo.spring.io/milestone/org/springframework/security/spring-security-crypto/7.0.0-M2/spring-security-crypto-7.0.0-M2.pom
2025-08-21 21:17:54,449 [Worker-15: Building] INFO  o.e.m.c.i.e.AbstractTransferListenerAdapter - Downloading https://repo.maven.apache.org/maven2/org/springframework/security/spring-security-crypto/7.0.0-M2/spring-security-crypto-7.0.0-M2.pom
2025-08-21 21:17:54,459 [Worker-15: Building] INFO  o.e.m.c.i.e.AbstractTransferListenerAdapter - Downloaded https://repo.maven.apache.org/maven2/org/springframework/security/spring-security-crypto/7.0.0-M2/spring-security-crypto-7.0.0-M2.pom
2025-08-21 21:17:54,817 [Worker-15: Building] INFO  o.e.m.c.i.e.AbstractTransferListenerAdapter - Downloaded https://repo.spring.io/milestone/org/springframework/security/spring-security-web/7.0.0-M2/spring-security-web-7.0.0-M2.pom
2025-08-21 21:17:54,850 [Worker-15: Building] INFO  o.e.m.c.i.e.AbstractTransferListenerAdapter - Downloading https://repo.maven.apache.org/maven2/org/springframework/security/spring-security-web/7.0.0-M2/spring-security-web-7.0.0-M2.pom
2025-08-21 21:17:54,871 [Worker-15: Building] INFO  o.e.m.c.i.e.AbstractTransferListenerAdapter - Downloaded https://repo.maven.apache.org/maven2/org/springframework/security/spring-security-web/7.0.0-M2/spring-security-web-7.0.0-M2.pom
2025-08-21 21:17:55,236 [Worker-15: Building] INFO  o.e.m.c.i.e.AbstractTransferListenerAdapter - Downloading https://repo.spring.io/milestone/org/springframework/spring-web/7.0.0-M8/spring-web-7.0.0-M8.pom
2025-08-21 21:17:55,244 [Worker-15: Building] INFO  o.e.m.c.i.e.AbstractTransferListenerAdapter - Downloaded https://repo.spring.io/milestone/org/springframework/spring-web/7.0.0-M8/spring-web-7.0.0-M8.pom
2025-08-21 21:17:55,533 [Worker-15: Building] INFO  o.e.m.c.i.e.AbstractTransferListenerAdapter - Downloading https://repo.spring.io/snapshot/org/springframework/boot/spring-boot-devtools/4.0.0-SNAPSHOT/maven-metadata.xml
2025-08-21 21:17:55,542 [Worker-15: Building] INFO  o.e.m.c.i.e.AbstractTransferListenerAdapter - Downloaded https://repo.spring.io/snapshot/org/springframework/boot/spring-boot-devtools/4.0.0-SNAPSHOT/maven-metadata.xml
2025-08-21 21:17:55,843 [Worker-15: Building] INFO  o.e.m.c.i.e.AbstractTransferListenerAdapter - Downloading https://repo.spring.io/snapshot/org/springframework/boot/spring-boot-devtools/4.0.0-SNAPSHOT/spring-boot-devtools-4.0.0-20250821.142622-426.pom
2025-08-21 21:17:55,863 [Worker-15: Building] INFO  o.e.m.c.i.e.AbstractTransferListenerAdapter - Downloaded https://repo.spring.io/snapshot/org/springframework/boot/spring-boot-devtools/4.0.0-SNAPSHOT/spring-boot-devtools-4.0.0-20250821.142622-426.pom
2025-08-21 21:17:56,159 [Worker-15: Building] INFO  o.e.m.c.i.e.AbstractTransferListenerAdapter - Downloaded https://repo.spring.io/milestone/com/mysql/mysql-connector-j/9.4.0/mysql-connector-j-9.4.0.pom
2025-08-21 21:17:56,191 [Worker-15: Building] INFO  o.e.m.c.i.e.AbstractTransferListenerAdapter - Downloading https://repo.maven.apache.org/maven2/com/mysql/mysql-connector-j/9.4.0/mysql-connector-j-9.4.0.pom
2025-08-21 21:17:56,198 [Worker-15: Building] INFO  o.e.m.c.i.e.AbstractTransferListenerAdapter - Downloaded https://repo.maven.apache.org/maven2/com/mysql/mysql-connector-j/9.4.0/mysql-connector-j-9.4.0.pom
2025-08-21 21:17:56,574 [Worker-15: Building] INFO  o.e.m.c.i.e.AbstractTransferListenerAdapter - Downloading https://repo.spring.io/snapshot/org/springframework/boot/spring-boot-starter-test/4.0.0-SNAPSHOT/maven-metadata.xml
2025-08-21 21:17:56,583 [Worker-15: Building] INFO  o.e.m.c.i.e.AbstractTransferListenerAdapter - Downloaded https://repo.spring.io/snapshot/org/springframework/boot/spring-boot-starter-test/4.0.0-SNAPSHOT/maven-metadata.xml
2025-08-21 21:17:56,914 [Worker-15: Building] INFO  o.e.m.c.i.e.AbstractTransferListenerAdapter - Downloading https://repo.spring.io/snapshot/org/springframework/boot/spring-boot-starter-test/4.0.0-SNAPSHOT/spring-boot-starter-test-4.0.0-20250821.142622-426.pom
2025-08-21 21:17:56,927 [Worker-15: Building] INFO  o.e.m.c.i.e.AbstractTransferListenerAdapter - Downloaded https://repo.spring.io/snapshot/org/springframework/boot/spring-boot-starter-test/4.0.0-SNAPSHOT/spring-boot-starter-test-4.0.0-20250821.142622-426.pom
2025-08-21 21:17:57,208 [Worker-15: Building] INFO  o.e.m.c.i.e.AbstractTransferListenerAdapter - Downloading https://repo.spring.io/snapshot/org/springframework/boot/spring-boot-test/4.0.0-SNAPSHOT/maven-metadata.xml
2025-08-21 21:17:57,222 [Worker-15: Building] INFO  o.e.m.c.i.e.AbstractTransferListenerAdapter - Downloaded https://repo.spring.io/snapshot/org/springframework/boot/spring-boot-test/4.0.0-SNAPSHOT/maven-metadata.xml
2025-08-21 21:17:57,490 [Worker-15: Building] INFO  o.e.m.c.i.e.AbstractTransferListenerAdapter - Downloading https://repo.spring.io/snapshot/org/springframework/boot/spring-boot-test/4.0.0-SNAPSHOT/spring-boot-test-4.0.0-20250821.142622-426.pom
2025-08-21 21:17:57,509 [Worker-15: Building] INFO  o.e.m.c.i.e.AbstractTransferListenerAdapter - Downloaded https://repo.spring.io/snapshot/org/springframework/boot/spring-boot-test/4.0.0-SNAPSHOT/spring-boot-test-4.0.0-20250821.142622-426.pom
2025-08-21 21:17:57,886 [Worker-15: Building] INFO  o.e.m.c.i.e.AbstractTransferListenerAdapter - Downloading https://repo.spring.io/milestone/org/springframework/spring-test/7.0.0-M8/spring-test-7.0.0-M8.pom
2025-08-21 21:17:57,893 [Worker-15: Building] INFO  o.e.m.c.i.e.AbstractTransferListenerAdapter - Downloaded https://repo.spring.io/milestone/org/springframework/spring-test/7.0.0-M8/spring-test-7.0.0-M8.pom
2025-08-21 21:17:58,173 [Worker-15: Building] INFO  o.e.m.c.i.e.AbstractTransferListenerAdapter - Downloading https://repo.spring.io/snapshot/org/springframework/boot/spring-boot-restclient-test/4.0.0-SNAPSHOT/maven-metadata.xml
2025-08-21 21:17:58,187 [Worker-15: Building] INFO  o.e.m.c.i.e.AbstractTransferListenerAdapter - Downloaded https://repo.spring.io/snapshot/org/springframework/boot/spring-boot-restclient-test/4.0.0-SNAPSHOT/maven-metadata.xml
2025-08-21 21:17:58,459 [Worker-15: Building] INFO  o.e.m.c.i.e.AbstractTransferListenerAdapter - Downloading https://repo.spring.io/snapshot/org/springframework/boot/spring-boot-restclient-test/4.0.0-SNAPSHOT/spring-boot-restclient-test-4.0.0-20250821.142622-168.pom
2025-08-21 21:17:58,475 [Worker-15: Building] INFO  o.e.m.c.i.e.AbstractTransferListenerAdapter - Downloaded https://repo.spring.io/snapshot/org/springframework/boot/spring-boot-restclient-test/4.0.0-SNAPSHOT/spring-boot-restclient-test-4.0.0-20250821.142622-168.pom
2025-08-21 21:17:58,819 [Worker-15: Building] INFO  o.e.m.c.i.e.AbstractTransferListenerAdapter - Downloading https://repo.spring.io/snapshot/org/springframework/boot/spring-boot-test-autoconfigure/4.0.0-SNAPSHOT/maven-metadata.xml
2025-08-21 21:17:58,833 [Worker-15: Building] INFO  o.e.m.c.i.e.AbstractTransferListenerAdapter - Downloaded https://repo.spring.io/snapshot/org/springframework/boot/spring-boot-test-autoconfigure/4.0.0-SNAPSHOT/maven-metadata.xml
2025-08-21 21:17:59,191 [Worker-15: Building] INFO  o.e.m.c.i.e.AbstractTransferListenerAdapter - Downloading https://repo.spring.io/snapshot/org/springframework/boot/spring-boot-test-autoconfigure/4.0.0-SNAPSHOT/spring-boot-test-autoconfigure-4.0.0-20250821.142622-426.pom
2025-08-21 21:17:59,206 [Worker-15: Building] INFO  o.e.m.c.i.e.AbstractTransferListenerAdapter - Downloaded https://repo.spring.io/snapshot/org/springframework/boot/spring-boot-test-autoconfigure/4.0.0-SNAPSHOT/spring-boot-test-autoconfigure-4.0.0-20250821.142622-426.pom
2025-08-21 21:17:59,502 [Worker-15: Building] INFO  o.e.m.c.i.e.AbstractTransferListenerAdapter - Downloading https://repo.spring.io/snapshot/org/springframework/boot/spring-boot-web-server-test/4.0.0-SNAPSHOT/maven-metadata.xml
2025-08-21 21:17:59,521 [Worker-15: Building] INFO  o.e.m.c.i.e.AbstractTransferListenerAdapter - Downloaded https://repo.spring.io/snapshot/org/springframework/boot/spring-boot-web-server-test/4.0.0-SNAPSHOT/maven-metadata.xml
2025-08-21 21:17:59,842 [Worker-15: Building] INFO  o.e.m.c.i.e.AbstractTransferListenerAdapter - Downloading https://repo.spring.io/snapshot/org/springframework/boot/spring-boot-web-server-test/4.0.0-SNAPSHOT/spring-boot-web-server-test-4.0.0-20250821.142622-181.pom
2025-08-21 21:17:59,854 [Worker-15: Building] INFO  o.e.m.c.i.e.AbstractTransferListenerAdapter - Downloaded https://repo.spring.io/snapshot/org/springframework/boot/spring-boot-web-server-test/4.0.0-SNAPSHOT/spring-boot-web-server-test-4.0.0-20250821.142622-181.pom
2025-08-21 21:18:00,148 [Worker-15: Building] INFO  o.e.m.c.i.e.AbstractTransferListenerAdapter - Downloaded https://repo.spring.io/milestone/net/minidev/json-smart/2.6.0/json-smart-2.6.0.pom
2025-08-21 21:18:00,191 [Worker-15: Building] INFO  o.e.m.c.i.e.AbstractTransferListenerAdapter - Downloading https://repo.maven.apache.org/maven2/net/minidev/json-smart/2.6.0/json-smart-2.6.0.pom
2025-08-21 21:18:00,204 [Worker-15: Building] INFO  o.e.m.c.i.e.AbstractTransferListenerAdapter - Downloaded https://repo.maven.apache.org/maven2/net/minidev/json-smart/2.6.0/json-smart-2.6.0.pom
2025-08-21 21:18:00,478 [Worker-15: Building] INFO  o.e.m.c.i.e.AbstractTransferListenerAdapter - Downloaded https://repo.spring.io/milestone/net/minidev/accessors-smart/2.6.0/accessors-smart-2.6.0.pom
2025-08-21 21:18:00,515 [Worker-15: Building] INFO  o.e.m.c.i.e.AbstractTransferListenerAdapter - Downloading https://repo.maven.apache.org/maven2/net/minidev/accessors-smart/2.6.0/accessors-smart-2.6.0.pom
2025-08-21 21:18:00,522 [Worker-15: Building] INFO  o.e.m.c.i.e.AbstractTransferListenerAdapter - Downloaded https://repo.maven.apache.org/maven2/net/minidev/accessors-smart/2.6.0/accessors-smart-2.6.0.pom
2025-08-21 21:18:00,794 [Worker-15: Building] INFO  o.e.m.c.i.e.AbstractTransferListenerAdapter - Downloaded https://repo.spring.io/milestone/org/assertj/assertj-core/3.27.4/assertj-core-3.27.4.pom
2025-08-21 21:18:00,828 [Worker-15: Building] INFO  o.e.m.c.i.e.AbstractTransferListenerAdapter - Downloading https://repo.maven.apache.org/maven2/org/assertj/assertj-core/3.27.4/assertj-core-3.27.4.pom
2025-08-21 21:18:00,837 [Worker-15: Building] INFO  o.e.m.c.i.e.AbstractTransferListenerAdapter - Downloaded https://repo.maven.apache.org/maven2/org/assertj/assertj-core/3.27.4/assertj-core-3.27.4.pom
2025-08-21 21:18:01,168 [Worker-15: Building] INFO  o.e.m.c.i.e.AbstractTransferListenerAdapter - Downloaded https://repo.spring.io/milestone/org/junit/jupiter/junit-jupiter/5.13.4/junit-jupiter-5.13.4.pom
2025-08-21 21:18:01,203 [Worker-15: Building] INFO  o.e.m.c.i.e.AbstractTransferListenerAdapter - Downloading https://repo.maven.apache.org/maven2/org/junit/jupiter/junit-jupiter/5.13.4/junit-jupiter-5.13.4.pom
2025-08-21 21:18:01,210 [Worker-15: Building] INFO  o.e.m.c.i.e.AbstractTransferListenerAdapter - Downloaded https://repo.maven.apache.org/maven2/org/junit/jupiter/junit-jupiter/5.13.4/junit-jupiter-5.13.4.pom
2025-08-21 21:18:01,575 [Worker-15: Building] INFO  o.e.m.c.i.e.AbstractTransferListenerAdapter - Downloaded https://repo.spring.io/milestone/org/junit/jupiter/junit-jupiter-api/5.13.4/junit-jupiter-api-5.13.4.pom
2025-08-21 21:18:01,612 [Worker-15: Building] INFO  o.e.m.c.i.e.AbstractTransferListenerAdapter - Downloading https://repo.maven.apache.org/maven2/org/junit/jupiter/junit-jupiter-api/5.13.4/junit-jupiter-api-5.13.4.pom
2025-08-21 21:18:01,620 [Worker-15: Building] INFO  o.e.m.c.i.e.AbstractTransferListenerAdapter - Downloaded https://repo.maven.apache.org/maven2/org/junit/jupiter/junit-jupiter-api/5.13.4/junit-jupiter-api-5.13.4.pom
2025-08-21 21:18:01,983 [Worker-15: Building] INFO  o.e.m.c.i.e.AbstractTransferListenerAdapter - Downloaded https://repo.spring.io/milestone/org/junit/platform/junit-platform-commons/1.13.4/junit-platform-commons-1.13.4.pom
2025-08-21 21:18:02,018 [Worker-15: Building] INFO  o.e.m.c.i.e.AbstractTransferListenerAdapter - Downloading https://repo.maven.apache.org/maven2/org/junit/platform/junit-platform-commons/1.13.4/junit-platform-commons-1.13.4.pom
2025-08-21 21:18:02,027 [Worker-15: Building] INFO  o.e.m.c.i.e.AbstractTransferListenerAdapter - Downloaded https://repo.maven.apache.org/maven2/org/junit/platform/junit-platform-commons/1.13.4/junit-platform-commons-1.13.4.pom
2025-08-21 21:18:02,392 [Worker-15: Building] INFO  o.e.m.c.i.e.AbstractTransferListenerAdapter - Downloaded https://repo.spring.io/milestone/org/junit/jupiter/junit-jupiter-params/5.13.4/junit-jupiter-params-5.13.4.pom
2025-08-21 21:18:02,426 [Worker-15: Building] INFO  o.e.m.c.i.e.AbstractTransferListenerAdapter - Downloading https://repo.maven.apache.org/maven2/org/junit/jupiter/junit-jupiter-params/5.13.4/junit-jupiter-params-5.13.4.pom
2025-08-21 21:18:02,436 [Worker-15: Building] INFO  o.e.m.c.i.e.AbstractTransferListenerAdapter - Downloaded https://repo.maven.apache.org/maven2/org/junit/jupiter/junit-jupiter-params/5.13.4/junit-jupiter-params-5.13.4.pom
2025-08-21 21:18:02,708 [Worker-15: Building] INFO  o.e.m.c.i.e.AbstractTransferListenerAdapter - Downloaded https://repo.spring.io/milestone/org/junit/jupiter/junit-jupiter-engine/5.13.4/junit-jupiter-engine-5.13.4.pom
2025-08-21 21:18:02,742 [Worker-15: Building] INFO  o.e.m.c.i.e.AbstractTransferListenerAdapter - Downloading https://repo.maven.apache.org/maven2/org/junit/jupiter/junit-jupiter-engine/5.13.4/junit-jupiter-engine-5.13.4.pom
2025-08-21 21:18:02,750 [Worker-15: Building] INFO  o.e.m.c.i.e.AbstractTransferListenerAdapter - Downloaded https://repo.maven.apache.org/maven2/org/junit/jupiter/junit-jupiter-engine/5.13.4/junit-jupiter-engine-5.13.4.pom
2025-08-21 21:18:03,115 [Worker-15: Building] INFO  o.e.m.c.i.e.AbstractTransferListenerAdapter - Downloaded https://repo.spring.io/milestone/org/junit/platform/junit-platform-engine/1.13.4/junit-platform-engine-1.13.4.pom
2025-08-21 21:18:03,148 [Worker-15: Building] INFO  o.e.m.c.i.e.AbstractTransferListenerAdapter - Downloading https://repo.maven.apache.org/maven2/org/junit/platform/junit-platform-engine/1.13.4/junit-platform-engine-1.13.4.pom
2025-08-21 21:18:03,158 [Worker-15: Building] INFO  o.e.m.c.i.e.AbstractTransferListenerAdapter - Downloaded https://repo.maven.apache.org/maven2/org/junit/platform/junit-platform-engine/1.13.4/junit-platform-engine-1.13.4.pom
2025-08-21 21:18:03,520 [Worker-15: Building] INFO  o.e.m.c.i.e.AbstractTransferListenerAdapter - Downloaded https://repo.spring.io/milestone/org/mockito/mockito-core/5.19.0/mockito-core-5.19.0.pom
2025-08-21 21:18:03,558 [Worker-15: Building] INFO  o.e.m.c.i.e.AbstractTransferListenerAdapter - Downloading https://repo.maven.apache.org/maven2/org/mockito/mockito-core/5.19.0/mockito-core-5.19.0.pom
2025-08-21 21:18:03,566 [Worker-15: Building] INFO  o.e.m.c.i.e.AbstractTransferListenerAdapter - Downloaded https://repo.maven.apache.org/maven2/org/mockito/mockito-core/5.19.0/mockito-core-5.19.0.pom
2025-08-21 21:18:03,928 [Worker-15: Building] INFO  o.e.m.c.i.e.AbstractTransferListenerAdapter - Downloaded https://repo.spring.io/milestone/net/bytebuddy/byte-buddy-agent/1.17.7/byte-buddy-agent-1.17.7.pom
2025-08-21 21:18:04,038 [Worker-15: Building] INFO  o.e.m.c.i.e.AbstractTransferListenerAdapter - Downloading https://repo.maven.apache.org/maven2/net/bytebuddy/byte-buddy-agent/1.17.7/byte-buddy-agent-1.17.7.pom
2025-08-21 21:18:04,048 [Worker-15: Building] INFO  o.e.m.c.i.e.AbstractTransferListenerAdapter - Downloaded https://repo.maven.apache.org/maven2/net/bytebuddy/byte-buddy-agent/1.17.7/byte-buddy-agent-1.17.7.pom
2025-08-21 21:18:04,461 [Worker-15: Building] INFO  o.e.m.c.i.e.AbstractTransferListenerAdapter - Downloaded https://repo.spring.io/milestone/org/mockito/mockito-junit-jupiter/5.19.0/mockito-junit-jupiter-5.19.0.pom
2025-08-21 21:18:04,540 [Worker-15: Building] INFO  o.e.m.c.i.e.AbstractTransferListenerAdapter - Downloading https://repo.maven.apache.org/maven2/org/mockito/mockito-junit-jupiter/5.19.0/mockito-junit-jupiter-5.19.0.pom
2025-08-21 21:18:04,551 [Worker-15: Building] INFO  o.e.m.c.i.e.AbstractTransferListenerAdapter - Downloaded https://repo.maven.apache.org/maven2/org/mockito/mockito-junit-jupiter/5.19.0/mockito-junit-jupiter-5.19.0.pom
2025-08-21 21:18:04,852 [Worker-15: Building] INFO  o.e.m.c.i.e.AbstractTransferListenerAdapter - Downloaded https://repo.spring.io/milestone/org/springframework/security/spring-security-test/7.0.0-M2/spring-security-test-7.0.0-M2.pom
2025-08-21 21:18:04,883 [Worker-15: Building] INFO  o.e.m.c.i.e.AbstractTransferListenerAdapter - Downloading https://repo.maven.apache.org/maven2/org/springframework/security/spring-security-test/7.0.0-M2/spring-security-test-7.0.0-M2.pom
2025-08-21 21:18:04,893 [Worker-15: Building] INFO  o.e.m.c.i.e.AbstractTransferListenerAdapter - Downloaded https://repo.maven.apache.org/maven2/org/springframework/security/spring-security-test/7.0.0-M2/spring-security-test-7.0.0-M2.pom
2025-08-21 21:18:05,268 [Worker-15: Building] INFO  o.e.m.c.i.e.AbstractTransferListenerAdapter - Downloading https://repo.spring.io/snapshot/org/springframework/boot/spring-boot-starter-data-jpa/4.0.0-SNAPSHOT/spring-boot-starter-data-jpa-4.0.0-20250821.142622-426.jar
2025-08-21 21:18:05,277 [Worker-15: Building] INFO  o.e.m.c.i.e.AbstractTransferListenerAdapter - Downloaded https://repo.spring.io/snapshot/org/springframework/boot/spring-boot-starter-data-jpa/4.0.0-SNAPSHOT/spring-boot-starter-data-jpa-4.0.0-20250821.142622-426.jar
2025-08-21 21:18:05,569 [BasicRepositoryConnector-repo.spring.io-0-2] INFO  o.e.m.c.i.e.AbstractTransferListenerAdapter - Downloading https://repo.spring.io/snapshot/org/springframework/boot/spring-boot-starter-jdbc/4.0.0-SNAPSHOT/spring-boot-starter-jdbc-4.0.0-20250821.142622-426.jar
2025-08-21 21:18:05,578 [BasicRepositoryConnector-repo.spring.io-0-2] INFO  o.e.m.c.i.e.AbstractTransferListenerAdapter - Downloaded https://repo.spring.io/snapshot/org/springframework/boot/spring-boot-starter-jdbc/4.0.0-SNAPSHOT/spring-boot-starter-jdbc-4.0.0-20250821.142622-426.jar
2025-08-21 21:18:05,846 [BasicRepositoryConnector-repo.spring.io-0-2] INFO  o.e.m.c.i.e.AbstractTransferListenerAdapter - Downloading https://repo.spring.io/snapshot/org/springframework/boot/spring-boot-hibernate/4.0.0-SNAPSHOT/spring-boot-hibernate-4.0.0-20250821.142622-168.jar
2025-08-21 21:18:06,112 [BasicRepositoryConnector-repo.spring.io-0-2] INFO  o.e.m.c.i.e.AbstractTransferListenerAdapter - Downloaded https://repo.spring.io/snapshot/org/springframework/boot/spring-boot-hibernate/4.0.0-SNAPSHOT/spring-boot-hibernate-4.0.0-20250821.142622-168.jar
2025-08-21 21:18:06,229 [BasicRepositoryConnector-repo.spring.io-0-3] INFO  o.e.m.c.i.e.AbstractTransferListenerAdapter - Downloading https://repo.spring.io/snapshot/org/springframework/boot/spring-boot-data-jpa/4.0.0-SNAPSHOT/spring-boot-data-jpa-4.0.0-20250821.142622-233.jar
2025-08-21 21:18:06,238 [BasicRepositoryConnector-repo.spring.io-0-4] INFO  o.e.m.c.i.e.AbstractTransferListenerAdapter - Downloading https://repo.spring.io/snapshot/org/springframework/boot/spring-boot-data-commons/4.0.0-SNAPSHOT/spring-boot-data-commons-4.0.0-20250821.142622-168.jar
2025-08-21 21:18:06,238 [BasicRepositoryConnector-repo.spring.io-0-0] INFO  o.e.m.c.i.e.AbstractTransferListenerAdapter - Downloading https://repo.spring.io/snapshot/org/springframework/boot/spring-boot-starter/4.0.0-SNAPSHOT/spring-boot-starter-4.0.0-20250821.142622-426.jar
2025-08-21 21:18:06,248 [BasicRepositoryConnector-repo.spring.io-0-0] INFO  o.e.m.c.i.e.AbstractTransferListenerAdapter - Downloaded https://repo.spring.io/snapshot/org/springframework/boot/spring-boot-starter/4.0.0-SNAPSHOT/spring-boot-starter-4.0.0-20250821.142622-426.jar
2025-08-21 21:18:06,491 [BasicRepositoryConnector-repo.spring.io-0-1] INFO  o.e.m.c.i.e.AbstractTransferListenerAdapter - Downloading https://repo.spring.io/snapshot/org/springframework/boot/spring-boot-starter-logging/4.0.0-SNAPSHOT/spring-boot-starter-logging-4.0.0-20250821.142622-426.jar
2025-08-21 21:18:06,494 [BasicRepositoryConnector-repo.spring.io-0-0] INFO  o.e.m.c.i.e.AbstractTransferListenerAdapter - Downloading https://repo.spring.io/snapshot/org/springframework/boot/spring-boot-jdbc/4.0.0-SNAPSHOT/spring-boot-jdbc-4.0.0-20250821.142622-247.jar
2025-08-21 21:18:06,494 [BasicRepositoryConnector-repo.spring.io-0-2] INFO  o.e.m.c.i.e.AbstractTransferListenerAdapter - Downloading https://repo.spring.io/snapshot/org/springframework/boot/spring-boot-jpa/4.0.0-SNAPSHOT/spring-boot-jpa-4.0.0-20250821.142622-233.jar
2025-08-21 21:18:06,502 [BasicRepositoryConnector-repo.spring.io-0-4] INFO  o.e.m.c.i.e.AbstractTransferListenerAdapter - Downloaded https://repo.spring.io/snapshot/org/springframework/boot/spring-boot-data-commons/4.0.0-SNAPSHOT/spring-boot-data-commons-4.0.0-20250821.142622-168.jar
2025-08-21 21:18:06,502 [BasicRepositoryConnector-repo.spring.io-0-3] INFO  o.e.m.c.i.e.AbstractTransferListenerAdapter - Downloaded https://repo.spring.io/snapshot/org/springframework/boot/spring-boot-data-jpa/4.0.0-SNAPSHOT/spring-boot-data-jpa-4.0.0-20250821.142622-233.jar
2025-08-21 21:18:06,503 [BasicRepositoryConnector-repo.spring.io-0-1] INFO  o.e.m.c.i.e.AbstractTransferListenerAdapter - Downloaded https://repo.spring.io/snapshot/org/springframework/boot/spring-boot-starter-logging/4.0.0-SNAPSHOT/spring-boot-starter-logging-4.0.0-20250821.142622-426.jar
2025-08-21 21:18:06,505 [BasicRepositoryConnector-repo.spring.io-0-2] INFO  o.e.m.c.i.e.AbstractTransferListenerAdapter - Downloaded https://repo.spring.io/snapshot/org/springframework/boot/spring-boot-jpa/4.0.0-SNAPSHOT/spring-boot-jpa-4.0.0-20250821.142622-233.jar
2025-08-21 21:18:06,800 [BasicRepositoryConnector-repo.spring.io-0-1] INFO  o.e.m.c.i.e.AbstractTransferListenerAdapter - Downloading https://repo.spring.io/snapshot/org/springframework/boot/spring-boot-starter-mail/4.0.0-SNAPSHOT/spring-boot-starter-mail-4.0.0-20250821.142622-426.jar
2025-08-21 21:18:06,800 [BasicRepositoryConnector-repo.spring.io-0-2] INFO  o.e.m.c.i.e.AbstractTransferListenerAdapter - Downloading https://repo.spring.io/snapshot/org/springframework/boot/spring-boot-mail/4.0.0-SNAPSHOT/spring-boot-mail-4.0.0-20250821.142622-251.jar
2025-08-21 21:18:06,804 [BasicRepositoryConnector-repo.spring.io-0-4] INFO  o.e.m.c.i.e.AbstractTransferListenerAdapter - Downloading https://repo.spring.io/snapshot/org/springframework/boot/spring-boot-sql/4.0.0-SNAPSHOT/spring-boot-sql-4.0.0-20250821.142622-196.jar
2025-08-21 21:18:06,804 [BasicRepositoryConnector-repo.spring.io-0-3] INFO  o.e.m.c.i.e.AbstractTransferListenerAdapter - Downloading https://repo.spring.io/snapshot/org/springframework/boot/spring-boot-tx/4.0.0-SNAPSHOT/spring-boot-tx-4.0.0-20250821.142622-247.jar
2025-08-21 21:18:06,811 [BasicRepositoryConnector-repo.spring.io-0-1] INFO  o.e.m.c.i.e.AbstractTransferListenerAdapter - Downloaded https://repo.spring.io/snapshot/org/springframework/boot/spring-boot-starter-mail/4.0.0-SNAPSHOT/spring-boot-starter-mail-4.0.0-20250821.142622-426.jar
2025-08-21 21:18:06,814 [BasicRepositoryConnector-repo.spring.io-0-2] INFO  o.e.m.c.i.e.AbstractTransferListenerAdapter - Downloaded https://repo.spring.io/snapshot/org/springframework/boot/spring-boot-mail/4.0.0-SNAPSHOT/spring-boot-mail-4.0.0-20250821.142622-251.jar
2025-08-21 21:18:07,108 [BasicRepositoryConnector-repo.spring.io-0-1] INFO  o.e.m.c.i.e.AbstractTransferListenerAdapter - Downloading https://repo.spring.io/snapshot/org/springframework/boot/spring-boot-starter-security/4.0.0-SNAPSHOT/spring-boot-starter-security-4.0.0-20250821.142622-426.jar
2025-08-21 21:18:07,108 [BasicRepositoryConnector-repo.spring.io-0-2] INFO  o.e.m.c.i.e.AbstractTransferListenerAdapter - Downloading https://repo.spring.io/snapshot/org/springframework/boot/spring-boot-security/4.0.0-SNAPSHOT/spring-boot-security-4.0.0-20250821.142622-203.jar
2025-08-21 21:18:07,117 [BasicRepositoryConnector-repo.spring.io-0-3] INFO  o.e.m.c.i.e.AbstractTransferListenerAdapter - Downloaded https://repo.spring.io/snapshot/org/springframework/boot/spring-boot-tx/4.0.0-SNAPSHOT/spring-boot-tx-4.0.0-20250821.142622-247.jar
2025-08-21 21:18:07,118 [BasicRepositoryConnector-repo.spring.io-0-4] INFO  o.e.m.c.i.e.AbstractTransferListenerAdapter - Downloaded https://repo.spring.io/snapshot/org/springframework/boot/spring-boot-sql/4.0.0-SNAPSHOT/spring-boot-sql-4.0.0-20250821.142622-196.jar
2025-08-21 21:18:07,119 [BasicRepositoryConnector-repo.spring.io-0-1] INFO  o.e.m.c.i.e.AbstractTransferListenerAdapter - Downloaded https://repo.spring.io/snapshot/org/springframework/boot/spring-boot-starter-security/4.0.0-SNAPSHOT/spring-boot-starter-security-4.0.0-20250821.142622-426.jar
2025-08-21 21:18:07,732 [BasicRepositoryConnector-repo.spring.io-0-2] INFO  o.e.m.c.i.e.AbstractTransferListenerAdapter - Downloaded https://repo.spring.io/snapshot/org/springframework/boot/spring-boot-security/4.0.0-SNAPSHOT/spring-boot-security-4.0.0-20250821.142622-203.jar
2025-08-21 21:18:08,029 [BasicRepositoryConnector-repo.spring.io-0-2] INFO  o.e.m.c.i.e.AbstractTransferListenerAdapter - Downloading https://repo.spring.io/snapshot/org/springframework/boot/spring-boot-starter-test/4.0.0-SNAPSHOT/spring-boot-starter-test-4.0.0-20250821.142622-426.jar
2025-08-21 21:18:08,043 [BasicRepositoryConnector-repo.spring.io-0-2] INFO  o.e.m.c.i.e.AbstractTransferListenerAdapter - Downloaded https://repo.spring.io/snapshot/org/springframework/boot/spring-boot-starter-test/4.0.0-SNAPSHOT/spring-boot-starter-test-4.0.0-20250821.142622-426.jar
2025-08-21 21:18:08,263 [BasicRepositoryConnector-repo.spring.io-0-2] INFO  o.e.m.c.i.e.AbstractTransferListenerAdapter - Downloading https://repo.spring.io/snapshot/org/springframework/boot/spring-boot-test/4.0.0-SNAPSHOT/spring-boot-test-4.0.0-20250821.142622-426.jar
2025-08-21 21:18:08,319 [BasicRepositoryConnector-repo.spring.io-0-4] INFO  o.e.m.c.i.e.AbstractTransferListenerAdapter - Downloading https://repo.spring.io/snapshot/org/springframework/boot/spring-boot/4.0.0-SNAPSHOT/spring-boot-4.0.0-20250821.142622-426.jar
2025-08-21 21:18:08,319 [BasicRepositoryConnector-repo.spring.io-0-1] INFO  o.e.m.c.i.e.AbstractTransferListenerAdapter - Downloading https://repo.spring.io/snapshot/org/springframework/boot/spring-boot-autoconfigure/4.0.0-SNAPSHOT/spring-boot-autoconfigure-4.0.0-20250821.142622-426.jar
2025-08-21 21:18:08,463 [BasicRepositoryConnector-repo.spring.io-0-0] INFO  o.e.m.c.i.e.AbstractTransferListenerAdapter - Downloaded https://repo.spring.io/snapshot/org/springframework/boot/spring-boot-jdbc/4.0.0-SNAPSHOT/spring-boot-jdbc-4.0.0-20250821.142622-247.jar
2025-08-21 21:18:08,485 [BasicRepositoryConnector-repo.spring.io-0-2] INFO  o.e.m.c.i.e.AbstractTransferListenerAdapter - Downloaded https://repo.spring.io/snapshot/org/springframework/boot/spring-boot-test/4.0.0-SNAPSHOT/spring-boot-test-4.0.0-20250821.142622-426.jar
2025-08-21 21:18:08,498 [BasicRepositoryConnector-repo.spring.io-0-3] INFO  o.e.m.c.i.e.AbstractTransferListenerAdapter - Downloading https://repo.spring.io/snapshot/org/springframework/boot/spring-boot-devtools/4.0.0-SNAPSHOT/spring-boot-devtools-4.0.0-20250821.142622-426.jar
2025-08-21 21:18:08,754 [BasicRepositoryConnector-repo.spring.io-0-0] INFO  o.e.m.c.i.e.AbstractTransferListenerAdapter - Downloading https://repo.spring.io/snapshot/org/springframework/boot/spring-boot-restclient-test/4.0.0-SNAPSHOT/spring-boot-restclient-test-4.0.0-20250821.142622-168.jar
2025-08-21 21:18:08,762 [BasicRepositoryConnector-repo.spring.io-0-0] INFO  o.e.m.c.i.e.AbstractTransferListenerAdapter - Downloaded https://repo.spring.io/snapshot/org/springframework/boot/spring-boot-restclient-test/4.0.0-SNAPSHOT/spring-boot-restclient-test-4.0.0-20250821.142622-168.jar
2025-08-21 21:18:08,985 [BasicRepositoryConnector-repo.spring.io-0-0] INFO  o.e.m.c.i.e.AbstractTransferListenerAdapter - Downloading https://repo.spring.io/snapshot/org/springframework/boot/spring-boot-web-server-test/4.0.0-SNAPSHOT/spring-boot-web-server-test-4.0.0-20250821.142622-181.jar
2025-08-21 21:18:08,995 [BasicRepositoryConnector-repo.spring.io-0-0] INFO  o.e.m.c.i.e.AbstractTransferListenerAdapter - Downloaded https://repo.spring.io/snapshot/org/springframework/boot/spring-boot-web-server-test/4.0.0-SNAPSHOT/spring-boot-web-server-test-4.0.0-20250821.142622-181.jar
2025-08-21 21:18:09,609 [BasicRepositoryConnector-repo.spring.io-0-2] INFO  o.e.m.c.i.e.AbstractTransferListenerAdapter - Downloading https://repo.spring.io/snapshot/org/springframework/boot/spring-boot-test-autoconfigure/4.0.0-SNAPSHOT/spring-boot-test-autoconfigure-4.0.0-20250821.142622-426.jar
2025-08-21 21:18:10,200 [BasicRepositoryConnector-repo.spring.io-0-3] INFO  o.e.m.c.i.e.AbstractTransferListenerAdapter - Downloaded https://repo.spring.io/snapshot/org/springframework/boot/spring-boot-devtools/4.0.0-SNAPSHOT/spring-boot-devtools-4.0.0-20250821.142622-426.jar
2025-08-21 21:18:10,200 [BasicRepositoryConnector-repo.spring.io-0-1] INFO  o.e.m.c.i.e.AbstractTransferListenerAdapter - Downloaded https://repo.spring.io/snapshot/org/springframework/boot/spring-boot-autoconfigure/4.0.0-SNAPSHOT/spring-boot-autoconfigure-4.0.0-20250821.142622-426.jar
2025-08-21 21:18:10,705 [BasicRepositoryConnector-repo.spring.io-0-2] INFO  o.e.m.c.i.e.AbstractTransferListenerAdapter - Downloaded https://repo.spring.io/snapshot/org/springframework/boot/spring-boot-test-autoconfigure/4.0.0-SNAPSHOT/spring-boot-test-autoconfigure-4.0.0-20250821.142622-426.jar
2025-08-21 21:18:13,584 [BasicRepositoryConnector-repo.spring.io-0-4] INFO  o.e.m.c.i.e.AbstractTransferListenerAdapter - Downloaded https://repo.spring.io/snapshot/org/springframework/boot/spring-boot/4.0.0-SNAPSHOT/spring-boot-4.0.0-20250821.142622-426.jar
2025-08-21 21:18:14,274 [Worker-15: Building] INFO  o.e.m.c.i.e.AbstractTransferListenerAdapter - Downloaded https://repo.spring.io/milestone/com/zaxxer/HikariCP/7.0.1/HikariCP-7.0.1.jar
2025-08-21 21:18:14,589 [BasicRepositoryConnector-repo.spring.io-1-4] INFO  o.e.m.c.i.e.AbstractTransferListenerAdapter - Downloaded https://repo.spring.io/milestone/org/springframework/data/spring-data-jpa/4.0.0-M5/spring-data-jpa-4.0.0-M5.jar
2025-08-21 21:18:14,589 [BasicRepositoryConnector-repo.spring.io-1-0] INFO  o.e.m.c.i.e.AbstractTransferListenerAdapter - Downloaded https://repo.spring.io/milestone/org/springframework/data/spring-data-commons/4.0.0-M5/spring-data-commons-4.0.0-M5.jar
2025-08-21 21:18:14,589 [BasicRepositoryConnector-repo.spring.io-1-1] INFO  o.e.m.c.i.e.AbstractTransferListenerAdapter - Downloaded https://repo.spring.io/milestone/org/hibernate/orm/hibernate-core/7.1.0.Final/hibernate-core-7.1.0.Final.jar
2025-08-21 21:18:14,589 [BasicRepositoryConnector-repo.spring.io-1-2] INFO  o.e.m.c.i.e.AbstractTransferListenerAdapter - Downloaded https://repo.spring.io/milestone/org/hibernate/models/hibernate-models/1.0.1/hibernate-models-1.0.1.jar
2025-08-21 21:18:14,815 [BasicRepositoryConnector-repo.spring.io-1-2] INFO  o.e.m.c.i.e.AbstractTransferListenerAdapter - Downloading https://repo.spring.io/milestone/org/springframework/spring-context-support/7.0.0-M8/spring-context-support-7.0.0-M8.jar
2025-08-21 21:18:14,860 [BasicRepositoryConnector-repo.spring.io-1-0] INFO  o.e.m.c.i.e.AbstractTransferListenerAdapter - Downloading https://repo.spring.io/milestone/org/springframework/spring-aspects/7.0.0-M8/spring-aspects-7.0.0-M8.jar
2025-08-21 21:18:14,898 [BasicRepositoryConnector-repo.spring.io-1-3] INFO  o.e.m.c.i.e.AbstractTransferListenerAdapter - Downloading https://repo.spring.io/milestone/org/springframework/spring-orm/7.0.0-M8/spring-orm-7.0.0-M8.jar
2025-08-21 21:18:15,090 [BasicRepositoryConnector-repo.spring.io-1-1] INFO  o.a.http.impl.execchain.RetryExec - I/O exception (org.apache.http.NoHttpResponseException) caught when processing request to {s}->https://jfrog-prod-use1-shared-virginia-main.s3.amazonaws.com:443: The target server failed to respond
2025-08-21 21:18:15,090 [BasicRepositoryConnector-repo.spring.io-1-1] INFO  o.a.http.impl.execchain.RetryExec - Retrying request to {s}->https://jfrog-prod-use1-shared-virginia-main.s3.amazonaws.com:443
2025-08-21 21:18:15,159 [BasicRepositoryConnector-repo.spring.io-1-4] INFO  o.e.m.c.i.e.AbstractTransferListenerAdapter - Downloading https://repo.spring.io/milestone/org/springframework/spring-tx/7.0.0-M8/spring-tx-7.0.0-M8.jar
2025-08-21 21:18:15,430 [BasicRepositoryConnector-repo.spring.io-1-0] INFO  o.e.m.c.i.e.AbstractTransferListenerAdapter - Downloaded https://repo.spring.io/milestone/org/springframework/spring-aspects/7.0.0-M8/spring-aspects-7.0.0-M8.jar
2025-08-21 21:18:15,650 [BasicRepositoryConnector-repo.spring.io-1-0] INFO  o.e.m.c.i.e.AbstractTransferListenerAdapter - Downloaded https://repo.spring.io/milestone/org/eclipse/angus/jakarta.mail/2.0.4/jakarta.mail-2.0.4.jar
2025-08-21 21:18:15,701 [BasicRepositoryConnector-repo.spring.io-1-3] INFO  o.e.m.c.i.e.AbstractTransferListenerAdapter - Downloaded https://repo.spring.io/milestone/org/springframework/spring-orm/7.0.0-M8/spring-orm-7.0.0-M8.jar
2025-08-21 21:18:15,873 [BasicRepositoryConnector-repo.spring.io-1-0] INFO  o.e.m.c.i.e.AbstractTransferListenerAdapter - Downloaded https://repo.spring.io/milestone/org/springframework/security/spring-security-config/7.0.0-M2/spring-security-config-7.0.0-M2.jar
2025-08-21 21:18:15,909 [BasicRepositoryConnector-repo.spring.io-1-2] INFO  o.e.m.c.i.e.AbstractTransferListenerAdapter - Downloaded https://repo.spring.io/milestone/org/springframework/spring-context-support/7.0.0-M8/spring-context-support-7.0.0-M8.jar
2025-08-21 21:18:16,072 [BasicRepositoryConnector-repo.spring.io-1-1] INFO  o.e.m.c.i.e.AbstractTransferListenerAdapter - Downloading https://repo.spring.io/milestone/org/springframework/spring-jdbc/7.0.0-M8/spring-jdbc-7.0.0-M8.jar
2025-08-21 21:18:16,288 [BasicRepositoryConnector-repo.spring.io-1-3] INFO  o.e.m.c.i.e.AbstractTransferListenerAdapter - Downloading https://repo.spring.io/milestone/org/springframework/spring-aop/7.0.0-M8/spring-aop-7.0.0-M8.jar
2025-08-21 21:18:16,970 [BasicRepositoryConnector-repo.spring.io-1-2] INFO  o.e.m.c.i.e.AbstractTransferListenerAdapter - Downloading https://repo.spring.io/milestone/org/springframework/spring-context/7.0.0-M8/spring-context-7.0.0-M8.jar
2025-08-21 21:18:16,988 [BasicRepositoryConnector-repo.spring.io-1-4] INFO  o.e.m.c.i.e.AbstractTransferListenerAdapter - Downloaded https://repo.spring.io/milestone/org/springframework/spring-tx/7.0.0-M8/spring-tx-7.0.0-M8.jar
2025-08-21 21:18:17,070 [BasicRepositoryConnector-repo.spring.io-1-0] INFO  o.e.m.c.i.e.AbstractTransferListenerAdapter - Downloading https://repo.spring.io/milestone/org/springframework/spring-beans/7.0.0-M8/spring-beans-7.0.0-M8.jar
2025-08-21 21:18:17,207 [BasicRepositoryConnector-repo.spring.io-1-4] INFO  o.e.m.c.i.e.AbstractTransferListenerAdapter - Downloaded https://repo.spring.io/milestone/com/mysql/mysql-connector-j/9.4.0/mysql-connector-j-9.4.0.jar
2025-08-21 21:18:17,423 [BasicRepositoryConnector-repo.spring.io-1-4] INFO  o.e.m.c.i.e.AbstractTransferListenerAdapter - Downloaded https://repo.spring.io/milestone/net/minidev/json-smart/2.6.0/json-smart-2.6.0.jar
2025-08-21 21:18:17,659 [BasicRepositoryConnector-repo.spring.io-1-4] INFO  o.e.m.c.i.e.AbstractTransferListenerAdapter - Downloaded https://repo.spring.io/milestone/net/minidev/accessors-smart/2.6.0/accessors-smart-2.6.0.jar
2025-08-21 21:18:17,673 [BasicRepositoryConnector-repo.spring.io-1-1] INFO  o.e.m.c.i.e.AbstractTransferListenerAdapter - Downloaded https://repo.spring.io/milestone/org/springframework/spring-jdbc/7.0.0-M8/spring-jdbc-7.0.0-M8.jar
2025-08-21 21:18:17,959 [BasicRepositoryConnector-repo.spring.io-1-4] INFO  o.e.m.c.i.e.AbstractTransferListenerAdapter - Downloaded https://repo.spring.io/milestone/org/assertj/assertj-core/3.27.4/assertj-core-3.27.4.jar
2025-08-21 21:18:17,962 [BasicRepositoryConnector-repo.spring.io-1-1] INFO  o.e.m.c.i.e.AbstractTransferListenerAdapter - Downloaded https://repo.spring.io/milestone/net/bytebuddy/byte-buddy/1.17.7/byte-buddy-1.17.7.jar
2025-08-21 21:18:17,984 [BasicRepositoryConnector-repo.spring.io-1-3] INFO  o.e.m.c.i.e.AbstractTransferListenerAdapter - Downloaded https://repo.spring.io/milestone/org/springframework/spring-aop/7.0.0-M8/spring-aop-7.0.0-M8.jar
2025-08-21 21:18:18,181 [BasicRepositoryConnector-repo.spring.io-1-4] INFO  o.e.m.c.i.e.AbstractTransferListenerAdapter - Downloaded https://repo.spring.io/milestone/org/junit/jupiter/junit-jupiter/5.13.4/junit-jupiter-5.13.4.jar
2025-08-21 21:18:18,203 [BasicRepositoryConnector-repo.spring.io-1-3] INFO  o.e.m.c.i.e.AbstractTransferListenerAdapter - Downloaded https://repo.spring.io/milestone/org/junit/platform/junit-platform-commons/1.13.4/junit-platform-commons-1.13.4.jar
2025-08-21 21:18:18,229 [BasicRepositoryConnector-repo.spring.io-1-1] INFO  o.e.m.c.i.e.AbstractTransferListenerAdapter - Downloaded https://repo.spring.io/milestone/org/junit/jupiter/junit-jupiter-api/5.13.4/junit-jupiter-api-5.13.4.jar
2025-08-21 21:18:18,402 [BasicRepositoryConnector-repo.spring.io-1-4] INFO  o.e.m.c.i.e.AbstractTransferListenerAdapter - Downloaded https://repo.spring.io/milestone/org/junit/jupiter/junit-jupiter-params/5.13.4/junit-jupiter-params-5.13.4.jar
2025-08-21 21:18:18,423 [BasicRepositoryConnector-repo.spring.io-1-3] INFO  o.e.m.c.i.e.AbstractTransferListenerAdapter - Downloaded https://repo.spring.io/milestone/org/junit/jupiter/junit-jupiter-engine/5.13.4/junit-jupiter-engine-5.13.4.jar
2025-08-21 21:18:18,553 [BasicRepositoryConnector-repo.spring.io-1-1] INFO  o.e.m.c.i.e.AbstractTransferListenerAdapter - Downloaded https://repo.spring.io/milestone/org/junit/platform/junit-platform-engine/1.13.4/junit-platform-engine-1.13.4.jar
2025-08-21 21:18:18,622 [BasicRepositoryConnector-repo.spring.io-1-4] INFO  o.e.m.c.i.e.AbstractTransferListenerAdapter - Downloaded https://repo.spring.io/milestone/org/mockito/mockito-core/5.19.0/mockito-core-5.19.0.jar
2025-08-21 21:18:18,641 [BasicRepositoryConnector-repo.spring.io-1-3] INFO  o.e.m.c.i.e.AbstractTransferListenerAdapter - Downloaded https://repo.spring.io/milestone/net/bytebuddy/byte-buddy-agent/1.17.7/byte-buddy-agent-1.17.7.jar
2025-08-21 21:18:18,819 [BasicRepositoryConnector-repo.spring.io-1-1] INFO  o.e.m.c.i.e.AbstractTransferListenerAdapter - Downloaded https://repo.spring.io/milestone/org/mockito/mockito-junit-jupiter/5.19.0/mockito-junit-jupiter-5.19.0.jar
2025-08-21 21:18:19,138 [BasicRepositoryConnector-repo.spring.io-1-1] INFO  o.e.m.c.i.e.AbstractTransferListenerAdapter - Downloaded https://repo.spring.io/milestone/org/springframework/security/spring-security-test/7.0.0-M2/spring-security-test-7.0.0-M2.jar
2025-08-21 21:18:19,163 [BasicRepositoryConnector-repo.spring.io-1-4] INFO  o.e.m.c.i.e.AbstractTransferListenerAdapter - Downloading https://repo.spring.io/milestone/org/springframework/spring-core/7.0.0-M8/spring-core-7.0.0-M8.jar
2025-08-21 21:18:19,411 [BasicRepositoryConnector-repo.spring.io-1-1] INFO  o.e.m.c.i.e.AbstractTransferListenerAdapter - Downloaded https://repo.spring.io/milestone/org/springframework/security/spring-security-core/7.0.0-M2/spring-security-core-7.0.0-M2.jar
2025-08-21 21:18:19,499 [BasicRepositoryConnector-repo.spring.io-1-3] INFO  o.e.m.c.i.e.AbstractTransferListenerAdapter - Downloading https://repo.spring.io/milestone/org/springframework/spring-test/7.0.0-M8/spring-test-7.0.0-M8.jar
2025-08-21 21:18:19,628 [BasicRepositoryConnector-repo.spring.io-1-1] INFO  o.e.m.c.i.e.AbstractTransferListenerAdapter - Downloaded https://repo.spring.io/milestone/org/springframework/security/spring-security-crypto/7.0.0-M2/spring-security-crypto-7.0.0-M2.jar
2025-08-21 21:18:20,268 [BasicRepositoryConnector-repo.spring.io-1-1] INFO  o.e.m.c.i.e.AbstractTransferListenerAdapter - Downloading https://repo.spring.io/milestone/org/springframework/spring-expression/7.0.0-M8/spring-expression-7.0.0-M8.jar
2025-08-21 21:18:20,746 [BasicRepositoryConnector-repo.spring.io-1-0] INFO  o.e.m.c.i.e.AbstractTransferListenerAdapter - Downloaded https://repo.spring.io/milestone/org/springframework/spring-beans/7.0.0-M8/spring-beans-7.0.0-M8.jar
2025-08-21 21:18:20,963 [BasicRepositoryConnector-repo.spring.io-1-0] INFO  o.e.m.c.i.e.AbstractTransferListenerAdapter - Downloaded https://repo.spring.io/milestone/io/micrometer/micrometer-observation/1.16.0-M2/micrometer-observation-1.16.0-M2.jar
2025-08-21 21:18:21,236 [BasicRepositoryConnector-repo.spring.io-1-0] INFO  o.e.m.c.i.e.AbstractTransferListenerAdapter - Downloaded https://repo.spring.io/milestone/io/micrometer/micrometer-commons/1.16.0-M2/micrometer-commons-1.16.0-M2.jar
2025-08-21 21:18:21,544 [BasicRepositoryConnector-repo.spring.io-1-0] INFO  o.e.m.c.i.e.AbstractTransferListenerAdapter - Downloaded https://repo.spring.io/milestone/org/springframework/security/spring-security-web/7.0.0-M2/spring-security-web-7.0.0-M2.jar
2025-08-21 21:18:21,868 [BasicRepositoryConnector-repo.spring.io-1-1] INFO  o.e.m.c.i.e.AbstractTransferListenerAdapter - Downloaded https://repo.spring.io/milestone/org/springframework/spring-expression/7.0.0-M8/spring-expression-7.0.0-M8.jar
2025-08-21 21:18:22,156 [BasicRepositoryConnector-repo.spring.io-1-0] INFO  o.e.m.c.i.e.AbstractTransferListenerAdapter - Downloading https://repo.spring.io/milestone/org/springframework/spring-web/7.0.0-M8/spring-web-7.0.0-M8.jar
2025-08-21 21:18:23,512 [BasicRepositoryConnector-repo.spring.io-1-3] INFO  o.e.m.c.i.e.AbstractTransferListenerAdapter - Downloaded https://repo.spring.io/milestone/org/springframework/spring-test/7.0.0-M8/spring-test-7.0.0-M8.jar
2025-08-21 21:18:24,603 [BasicRepositoryConnector-repo.spring.io-1-2] INFO  o.e.m.c.i.e.AbstractTransferListenerAdapter - Downloaded https://repo.spring.io/milestone/org/springframework/spring-context/7.0.0-M8/spring-context-7.0.0-M8.jar
2025-08-21 21:18:28,808 [BasicRepositoryConnector-repo.spring.io-1-0] INFO  o.e.m.c.i.e.AbstractTransferListenerAdapter - Downloaded https://repo.spring.io/milestone/org/springframework/spring-web/7.0.0-M8/spring-web-7.0.0-M8.jar
2025-08-21 21:18:29,659 [BasicRepositoryConnector-repo.spring.io-1-4] INFO  o.e.m.c.i.e.AbstractTransferListenerAdapter - Downloaded https://repo.spring.io/milestone/org/springframework/spring-core/7.0.0-M8/spring-core-7.0.0-M8.jar
2025-08-21 21:18:29,936 [Worker-15: Building] INFO  o.e.m.c.i.e.AbstractTransferListenerAdapter - Downloading https://repo.maven.apache.org/maven2/com/zaxxer/HikariCP/7.0.1/HikariCP-7.0.1.jar
2025-08-21 21:18:30,087 [Worker-15: Building] INFO  o.e.m.c.i.e.AbstractTransferListenerAdapter - Downloaded https://repo.maven.apache.org/maven2/com/zaxxer/HikariCP/7.0.1/HikariCP-7.0.1.jar
2025-08-21 21:18:30,116 [BasicRepositoryConnector-repo.maven.apache.org-2-1] INFO  o.e.m.c.i.e.AbstractTransferListenerAdapter - Downloading https://repo.maven.apache.org/maven2/org/hibernate/orm/hibernate-core/7.1.0.Final/hibernate-core-7.1.0.Final.jar
2025-08-21 21:18:30,229 [BasicRepositoryConnector-repo.maven.apache.org-2-0] INFO  o.e.m.c.i.e.AbstractTransferListenerAdapter - Downloading https://repo.maven.apache.org/maven2/org/springframework/data/spring-data-commons/4.0.0-M5/spring-data-commons-4.0.0-M5.jar
2025-08-21 21:18:30,229 [BasicRepositoryConnector-repo.maven.apache.org-2-2] INFO  o.e.m.c.i.e.AbstractTransferListenerAdapter - Downloading https://repo.maven.apache.org/maven2/org/hibernate/models/hibernate-models/1.0.1/hibernate-models-1.0.1.jar
2025-08-21 21:18:30,232 [BasicRepositoryConnector-repo.maven.apache.org-2-3] INFO  o.e.m.c.i.e.AbstractTransferListenerAdapter - Downloading https://repo.maven.apache.org/maven2/org/springframework/data/spring-data-jpa/4.0.0-M5/spring-data-jpa-4.0.0-M5.jar
2025-08-21 21:18:30,273 [BasicRepositoryConnector-repo.maven.apache.org-2-4] INFO  o.e.m.c.i.e.AbstractTransferListenerAdapter - Downloading https://repo.maven.apache.org/maven2/org/eclipse/angus/jakarta.mail/2.0.4/jakarta.mail-2.0.4.jar
2025-08-21 21:18:30,431 [BasicRepositoryConnector-repo.maven.apache.org-2-2] INFO  o.e.m.c.i.e.AbstractTransferListenerAdapter - Downloaded https://repo.maven.apache.org/maven2/org/hibernate/models/hibernate-models/1.0.1/hibernate-models-1.0.1.jar
2025-08-21 21:18:30,465 [BasicRepositoryConnector-repo.maven.apache.org-2-2] INFO  o.e.m.c.i.e.AbstractTransferListenerAdapter - Downloading https://repo.maven.apache.org/maven2/org/springframework/security/spring-security-config/7.0.0-M2/spring-security-config-7.0.0-M2.jar
2025-08-21 21:18:30,744 [BasicRepositoryConnector-repo.maven.apache.org-2-4] INFO  o.e.m.c.i.e.AbstractTransferListenerAdapter - Downloaded https://repo.maven.apache.org/maven2/org/eclipse/angus/jakarta.mail/2.0.4/jakarta.mail-2.0.4.jar
2025-08-21 21:18:30,747 [BasicRepositoryConnector-repo.maven.apache.org-2-0] INFO  o.e.m.c.i.e.AbstractTransferListenerAdapter - Downloaded https://repo.maven.apache.org/maven2/org/springframework/data/spring-data-commons/4.0.0-M5/spring-data-commons-4.0.0-M5.jar
2025-08-21 21:18:30,772 [BasicRepositoryConnector-repo.maven.apache.org-2-4] INFO  o.e.m.c.i.e.AbstractTransferListenerAdapter - Downloading https://repo.maven.apache.org/maven2/com/mysql/mysql-connector-j/9.4.0/mysql-connector-j-9.4.0.jar
2025-08-21 21:18:30,775 [BasicRepositoryConnector-repo.maven.apache.org-2-0] INFO  o.e.m.c.i.e.AbstractTransferListenerAdapter - Downloading https://repo.maven.apache.org/maven2/net/minidev/json-smart/2.6.0/json-smart-2.6.0.jar
2025-08-21 21:18:31,040 [BasicRepositoryConnector-repo.maven.apache.org-2-0] INFO  o.e.m.c.i.e.AbstractTransferListenerAdapter - Downloaded https://repo.maven.apache.org/maven2/net/minidev/json-smart/2.6.0/json-smart-2.6.0.jar
2025-08-21 21:18:31,067 [BasicRepositoryConnector-repo.maven.apache.org-2-0] INFO  o.e.m.c.i.e.AbstractTransferListenerAdapter - Downloading https://repo.maven.apache.org/maven2/net/minidev/accessors-smart/2.6.0/accessors-smart-2.6.0.jar
2025-08-21 21:18:31,151 [BasicRepositoryConnector-repo.maven.apache.org-2-0] INFO  o.e.m.c.i.e.AbstractTransferListenerAdapter - Downloaded https://repo.maven.apache.org/maven2/net/minidev/accessors-smart/2.6.0/accessors-smart-2.6.0.jar
2025-08-21 21:18:31,183 [BasicRepositoryConnector-repo.maven.apache.org-2-0] INFO  o.e.m.c.i.e.AbstractTransferListenerAdapter - Downloading https://repo.maven.apache.org/maven2/org/assertj/assertj-core/3.27.4/assertj-core-3.27.4.jar
2025-08-21 21:18:32,378 [BasicRepositoryConnector-repo.maven.apache.org-2-3] INFO  o.e.m.c.i.e.AbstractTransferListenerAdapter - Downloaded https://repo.maven.apache.org/maven2/org/springframework/data/spring-data-jpa/4.0.0-M5/spring-data-jpa-4.0.0-M5.jar
2025-08-21 21:18:32,420 [BasicRepositoryConnector-repo.maven.apache.org-2-3] INFO  o.e.m.c.i.e.AbstractTransferListenerAdapter - Downloading https://repo.maven.apache.org/maven2/net/bytebuddy/byte-buddy/1.17.7/byte-buddy-1.17.7.jar
2025-08-21 21:18:32,957 [BasicRepositoryConnector-repo.maven.apache.org-2-2] INFO  o.e.m.c.i.e.AbstractTransferListenerAdapter - Downloaded https://repo.maven.apache.org/maven2/org/springframework/security/spring-security-config/7.0.0-M2/spring-security-config-7.0.0-M2.jar
2025-08-21 21:18:32,984 [BasicRepositoryConnector-repo.maven.apache.org-2-2] INFO  o.e.m.c.i.e.AbstractTransferListenerAdapter - Downloading https://repo.maven.apache.org/maven2/org/junit/jupiter/junit-jupiter/5.13.4/junit-jupiter-5.13.4.jar
2025-08-21 21:18:32,999 [BasicRepositoryConnector-repo.maven.apache.org-2-2] INFO  o.e.m.c.i.e.AbstractTransferListenerAdapter - Downloaded https://repo.maven.apache.org/maven2/org/junit/jupiter/junit-jupiter/5.13.4/junit-jupiter-5.13.4.jar
2025-08-21 21:18:33,027 [BasicRepositoryConnector-repo.maven.apache.org-2-2] INFO  o.e.m.c.i.e.AbstractTransferListenerAdapter - Downloading https://repo.maven.apache.org/maven2/org/junit/jupiter/junit-jupiter-api/5.13.4/junit-jupiter-api-5.13.4.jar
2025-08-21 21:18:33,226 [BasicRepositoryConnector-repo.maven.apache.org-2-2] INFO  o.e.m.c.i.e.AbstractTransferListenerAdapter - Downloaded https://repo.maven.apache.org/maven2/org/junit/jupiter/junit-jupiter-api/5.13.4/junit-jupiter-api-5.13.4.jar
2025-08-21 21:18:33,305 [BasicRepositoryConnector-repo.maven.apache.org-2-2] INFO  o.e.m.c.i.e.AbstractTransferListenerAdapter - Downloading https://repo.maven.apache.org/maven2/org/junit/platform/junit-platform-commons/1.13.4/junit-platform-commons-1.13.4.jar
2025-08-21 21:18:33,448 [BasicRepositoryConnector-repo.maven.apache.org-2-4] INFO  o.e.m.c.i.e.AbstractTransferListenerAdapter - Downloaded https://repo.maven.apache.org/maven2/com/mysql/mysql-connector-j/9.4.0/mysql-connector-j-9.4.0.jar
2025-08-21 21:18:33,536 [BasicRepositoryConnector-repo.maven.apache.org-2-4] INFO  o.e.m.c.i.e.AbstractTransferListenerAdapter - Downloading https://repo.maven.apache.org/maven2/org/junit/jupiter/junit-jupiter-params/5.13.4/junit-jupiter-params-5.13.4.jar
2025-08-21 21:18:33,556 [BasicRepositoryConnector-repo.maven.apache.org-2-2] INFO  o.e.m.c.i.e.AbstractTransferListenerAdapter - Downloaded https://repo.maven.apache.org/maven2/org/junit/platform/junit-platform-commons/1.13.4/junit-platform-commons-1.13.4.jar
2025-08-21 21:18:33,579 [BasicRepositoryConnector-repo.maven.apache.org-2-2] INFO  o.e.m.c.i.e.AbstractTransferListenerAdapter - Downloading https://repo.maven.apache.org/maven2/org/junit/jupiter/junit-jupiter-engine/5.13.4/junit-jupiter-engine-5.13.4.jar
2025-08-21 21:18:33,653 [BasicRepositoryConnector-repo.maven.apache.org-2-0] INFO  o.e.m.c.i.e.AbstractTransferListenerAdapter - Downloaded https://repo.maven.apache.org/maven2/org/assertj/assertj-core/3.27.4/assertj-core-3.27.4.jar
2025-08-21 21:18:33,741 [BasicRepositoryConnector-repo.maven.apache.org-2-0] INFO  o.e.m.c.i.e.AbstractTransferListenerAdapter - Downloading https://repo.maven.apache.org/maven2/org/junit/platform/junit-platform-engine/1.13.4/junit-platform-engine-1.13.4.jar
2025-08-21 21:18:34,294 [BasicRepositoryConnector-repo.maven.apache.org-2-0] INFO  o.e.m.c.i.e.AbstractTransferListenerAdapter - Downloaded https://repo.maven.apache.org/maven2/org/junit/platform/junit-platform-engine/1.13.4/junit-platform-engine-1.13.4.jar
2025-08-21 21:18:34,319 [BasicRepositoryConnector-repo.maven.apache.org-2-0] INFO  o.e.m.c.i.e.AbstractTransferListenerAdapter - Downloading https://repo.maven.apache.org/maven2/org/mockito/mockito-core/5.19.0/mockito-core-5.19.0.jar
2025-08-21 21:18:34,360 [BasicRepositoryConnector-repo.maven.apache.org-2-2] INFO  o.e.m.c.i.e.AbstractTransferListenerAdapter - Downloaded https://repo.maven.apache.org/maven2/org/junit/jupiter/junit-jupiter-engine/5.13.4/junit-jupiter-engine-5.13.4.jar
2025-08-21 21:18:34,534 [BasicRepositoryConnector-repo.maven.apache.org-2-2] INFO  o.e.m.c.i.e.AbstractTransferListenerAdapter - Downloading https://repo.maven.apache.org/maven2/net/bytebuddy/byte-buddy-agent/1.17.7/byte-buddy-agent-1.17.7.jar
2025-08-21 21:18:34,833 [BasicRepositoryConnector-repo.maven.apache.org-2-4] INFO  o.e.m.c.i.e.AbstractTransferListenerAdapter - Downloaded https://repo.maven.apache.org/maven2/org/junit/jupiter/junit-jupiter-params/5.13.4/junit-jupiter-params-5.13.4.jar
2025-08-21 21:18:34,859 [BasicRepositoryConnector-repo.maven.apache.org-2-4] INFO  o.e.m.c.i.e.AbstractTransferListenerAdapter - Downloading https://repo.maven.apache.org/maven2/org/mockito/mockito-junit-jupiter/5.19.0/mockito-junit-jupiter-5.19.0.jar
2025-08-21 21:18:34,889 [BasicRepositoryConnector-repo.maven.apache.org-2-4] INFO  o.e.m.c.i.e.AbstractTransferListenerAdapter - Downloaded https://repo.maven.apache.org/maven2/org/mockito/mockito-junit-jupiter/5.19.0/mockito-junit-jupiter-5.19.0.jar
2025-08-21 21:18:34,913 [BasicRepositoryConnector-repo.maven.apache.org-2-4] INFO  o.e.m.c.i.e.AbstractTransferListenerAdapter - Downloading https://repo.maven.apache.org/maven2/org/springframework/security/spring-security-test/7.0.0-M2/spring-security-test-7.0.0-M2.jar
2025-08-21 21:18:35,299 [BasicRepositoryConnector-repo.maven.apache.org-2-4] INFO  o.e.m.c.i.e.AbstractTransferListenerAdapter - Downloaded https://repo.maven.apache.org/maven2/org/springframework/security/spring-security-test/7.0.0-M2/spring-security-test-7.0.0-M2.jar
2025-08-21 21:18:35,320 [BasicRepositoryConnector-repo.maven.apache.org-2-2] INFO  o.e.m.c.i.e.AbstractTransferListenerAdapter - Downloaded https://repo.maven.apache.org/maven2/net/bytebuddy/byte-buddy-agent/1.17.7/byte-buddy-agent-1.17.7.jar
2025-08-21 21:18:35,326 [BasicRepositoryConnector-repo.maven.apache.org-2-4] INFO  o.e.m.c.i.e.AbstractTransferListenerAdapter - Downloading https://repo.maven.apache.org/maven2/org/springframework/security/spring-security-core/7.0.0-M2/spring-security-core-7.0.0-M2.jar
2025-08-21 21:18:35,346 [BasicRepositoryConnector-repo.maven.apache.org-2-2] INFO  o.e.m.c.i.e.AbstractTransferListenerAdapter - Downloading https://repo.maven.apache.org/maven2/org/springframework/security/spring-security-crypto/7.0.0-M2/spring-security-crypto-7.0.0-M2.jar
2025-08-21 21:18:35,531 [BasicRepositoryConnector-repo.maven.apache.org-2-2] INFO  o.e.m.c.i.e.AbstractTransferListenerAdapter - Downloaded https://repo.maven.apache.org/maven2/org/springframework/security/spring-security-crypto/7.0.0-M2/spring-security-crypto-7.0.0-M2.jar
2025-08-21 21:18:35,556 [BasicRepositoryConnector-repo.maven.apache.org-2-2] INFO  o.e.m.c.i.e.AbstractTransferListenerAdapter - Downloading https://repo.maven.apache.org/maven2/io/micrometer/micrometer-observation/1.16.0-M2/micrometer-observation-1.16.0-M2.jar
2025-08-21 21:18:35,667 [BasicRepositoryConnector-repo.maven.apache.org-2-2] INFO  o.e.m.c.i.e.AbstractTransferListenerAdapter - Downloaded https://repo.maven.apache.org/maven2/io/micrometer/micrometer-observation/1.16.0-M2/micrometer-observation-1.16.0-M2.jar
2025-08-21 21:18:35,692 [BasicRepositoryConnector-repo.maven.apache.org-2-2] INFO  o.e.m.c.i.e.AbstractTransferListenerAdapter - Downloading https://repo.maven.apache.org/maven2/io/micrometer/micrometer-commons/1.16.0-M2/micrometer-commons-1.16.0-M2.jar
2025-08-21 21:18:35,758 [BasicRepositoryConnector-repo.maven.apache.org-2-2] INFO  o.e.m.c.i.e.AbstractTransferListenerAdapter - Downloaded https://repo.maven.apache.org/maven2/io/micrometer/micrometer-commons/1.16.0-M2/micrometer-commons-1.16.0-M2.jar
2025-08-21 21:18:35,793 [BasicRepositoryConnector-repo.maven.apache.org-2-2] INFO  o.e.m.c.i.e.AbstractTransferListenerAdapter - Downloading https://repo.maven.apache.org/maven2/org/springframework/security/spring-security-web/7.0.0-M2/spring-security-web-7.0.0-M2.jar
2025-08-21 21:18:35,999 [BasicRepositoryConnector-repo.maven.apache.org-2-0] INFO  o.e.m.c.i.e.AbstractTransferListenerAdapter - Downloaded https://repo.maven.apache.org/maven2/org/mockito/mockito-core/5.19.0/mockito-core-5.19.0.jar
2025-08-21 21:18:36,171 [BasicRepositoryConnector-repo.maven.apache.org-2-4] INFO  o.e.m.c.i.e.AbstractTransferListenerAdapter - Downloaded https://repo.maven.apache.org/maven2/org/springframework/security/spring-security-core/7.0.0-M2/spring-security-core-7.0.0-M2.jar
2025-08-21 21:18:36,676 [BasicRepositoryConnector-repo.maven.apache.org-2-2] INFO  o.e.m.c.i.e.AbstractTransferListenerAdapter - Downloaded https://repo.maven.apache.org/maven2/org/springframework/security/spring-security-web/7.0.0-M2/spring-security-web-7.0.0-M2.jar
2025-08-21 21:18:39,673 [BasicRepositoryConnector-repo.maven.apache.org-2-3] INFO  o.e.m.c.i.e.AbstractTransferListenerAdapter - Downloaded https://repo.maven.apache.org/maven2/net/bytebuddy/byte-buddy/1.17.7/byte-buddy-1.17.7.jar
2025-08-21 21:18:50,105 [BasicRepositoryConnector-repo.maven.apache.org-2-1] INFO  o.e.m.c.i.e.AbstractTransferListenerAdapter - Downloaded https://repo.maven.apache.org/maven2/org/hibernate/orm/hibernate-core/7.1.0.Final/hibernate-core-7.1.0.Final.jar
2025-08-21 21:18:52,470 [Worker-15: Building] INFO  o.e.m.c.i.e.AbstractTransferListenerAdapter - Downloading https://repo.spring.io/snapshot/org/springframework/boot/spring-boot-maven-plugin/4.0.0-SNAPSHOT/maven-metadata.xml
2025-08-21 21:18:52,481 [Worker-15: Building] INFO  o.e.m.c.i.e.AbstractTransferListenerAdapter - Downloaded https://repo.spring.io/snapshot/org/springframework/boot/spring-boot-maven-plugin/4.0.0-SNAPSHOT/maven-metadata.xml
2025-08-21 21:18:52,770 [Worker-15: Building] INFO  o.e.m.c.i.e.AbstractTransferListenerAdapter - Downloading https://repo.spring.io/snapshot/org/springframework/boot/spring-boot-maven-plugin/4.0.0-SNAPSHOT/spring-boot-maven-plugin-4.0.0-20250821.142622-426.pom
2025-08-21 21:18:52,784 [Worker-15: Building] INFO  o.e.m.c.i.e.AbstractTransferListenerAdapter - Downloaded https://repo.spring.io/snapshot/org/springframework/boot/spring-boot-maven-plugin/4.0.0-SNAPSHOT/spring-boot-maven-plugin-4.0.0-20250821.142622-426.pom
2025-08-21 21:18:53,079 [Worker-15: Building] INFO  o.e.m.c.i.e.AbstractTransferListenerAdapter - Downloading https://repo.spring.io/snapshot/org/springframework/boot/spring-boot-maven-plugin/4.0.0-SNAPSHOT/spring-boot-maven-plugin-4.0.0-20250821.142622-426.jar
2025-08-21 21:18:54,942 [Worker-15: Building] INFO  o.e.m.c.i.e.AbstractTransferListenerAdapter - Downloaded https://repo.spring.io/snapshot/org/springframework/boot/spring-boot-maven-plugin/4.0.0-SNAPSHOT/spring-boot-maven-plugin-4.0.0-20250821.142622-426.jar
2025-08-21 21:18:55,079 [Worker-15: Building] INFO  o.a.m.s.f.DefaultMavenResourcesFiltering - Copying 1 resource from src\main\resources to target\classes
2025-08-21 21:18:55,093 [Worker-15: Building] INFO  o.a.m.s.f.DefaultMavenResourcesFiltering - Copying 0 resource from src\main\resources to target\classes
2025-08-21 21:18:55,098 [Worker-15: Building] INFO  o.a.m.s.f.DefaultMavenResourcesFiltering - skip non existing resourceDirectory D:\demo\src\test\resources
2025-08-21 21:18:55,882 [Worker-16: Building] INFO  o.a.m.s.f.DefaultMavenResourcesFiltering - Copying 1 resource from src\main\resources to target\classes
2025-08-21 21:18:55,884 [Worker-16: Building] INFO  o.a.m.s.f.DefaultMavenResourcesFiltering - Copying 0 resource from src\main\resources to target\classes
2025-08-21 21:18:55,889 [Worker-16: Building] INFO  o.a.m.s.f.DefaultMavenResourcesFiltering - skip non existing resourceDirectory D:\demo\src\test\resources
2025-08-21 21:18:57,237 [Worker-16: Building] INFO  o.a.m.s.f.DefaultMavenResourcesFiltering - Copying 1 resource from src\main\resources to target\classes
2025-08-21 21:18:57,246 [Worker-16: Building] INFO  o.a.m.s.f.DefaultMavenResourcesFiltering - Copying 0 resource from src\main\resources to target\classes
2025-08-21 21:18:57,250 [Worker-16: Building] INFO  o.a.m.s.f.DefaultMavenResourcesFiltering - skip non existing resourceDirectory E:\socappback\microservice\src\test\resources
2025-08-21 21:18:59,427 [Worker-16: Building] INFO  o.e.m.c.i.e.AbstractTransferListenerAdapter - Downloading https://repo.spring.io/snapshot/org/springframework/boot/spring-boot-starter-web/4.0.0-SNAPSHOT/maven-metadata.xml
2025-08-21 21:18:59,440 [Worker-16: Building] INFO  o.e.m.c.i.e.AbstractTransferListenerAdapter - Downloaded https://repo.spring.io/snapshot/org/springframework/boot/spring-boot-starter-web/4.0.0-SNAPSHOT/maven-metadata.xml
2025-08-21 21:18:59,838 [Worker-16: Building] INFO  o.e.m.c.i.e.AbstractTransferListenerAdapter - Downloading https://repo.spring.io/snapshot/org/springframework/boot/spring-boot-starter-web/4.0.0-SNAPSHOT/spring-boot-starter-web-4.0.0-20250821.142622-426.pom
2025-08-21 21:18:59,855 [Worker-16: Building] INFO  o.e.m.c.i.e.AbstractTransferListenerAdapter - Downloaded https://repo.spring.io/snapshot/org/springframework/boot/spring-boot-starter-web/4.0.0-SNAPSHOT/spring-boot-starter-web-4.0.0-20250821.142622-426.pom
2025-08-21 21:19:00,127 [Worker-16: Building] INFO  o.e.m.c.i.e.AbstractTransferListenerAdapter - Downloading https://repo.spring.io/snapshot/org/springframework/boot/spring-boot-starter-jackson/4.0.0-SNAPSHOT/maven-metadata.xml
2025-08-21 21:19:00,137 [Worker-16: Building] INFO  o.e.m.c.i.e.AbstractTransferListenerAdapter - Downloaded https://repo.spring.io/snapshot/org/springframework/boot/spring-boot-starter-jackson/4.0.0-SNAPSHOT/maven-metadata.xml
2025-08-21 21:19:00,456 [Worker-16: Building] INFO  o.e.m.c.i.e.AbstractTransferListenerAdapter - Downloading https://repo.spring.io/snapshot/org/springframework/boot/spring-boot-starter-jackson/4.0.0-SNAPSHOT/spring-boot-starter-jackson-4.0.0-20250821.142622-110.pom
2025-08-21 21:19:00,467 [Worker-16: Building] INFO  o.e.m.c.i.e.AbstractTransferListenerAdapter - Downloaded https://repo.spring.io/snapshot/org/springframework/boot/spring-boot-starter-jackson/4.0.0-SNAPSHOT/spring-boot-starter-jackson-4.0.0-20250821.142622-110.pom
2025-08-21 21:19:00,745 [Worker-16: Building] INFO  o.e.m.c.i.e.AbstractTransferListenerAdapter - Downloading https://repo.spring.io/snapshot/org/springframework/boot/spring-boot-jackson/4.0.0-SNAPSHOT/maven-metadata.xml
2025-08-21 21:19:00,761 [Worker-16: Building] INFO  o.e.m.c.i.e.AbstractTransferListenerAdapter - Downloaded https://repo.spring.io/snapshot/org/springframework/boot/spring-boot-jackson/4.0.0-SNAPSHOT/maven-metadata.xml
2025-08-21 21:19:01,000 [Worker-16: Building] INFO  o.e.m.c.i.e.AbstractTransferListenerAdapter - Downloading https://repo.spring.io/snapshot/org/springframework/boot/spring-boot-jackson/4.0.0-SNAPSHOT/spring-boot-jackson-4.0.0-20250821.142622-253.pom
2025-08-21 21:19:01,017 [Worker-16: Building] INFO  o.e.m.c.i.e.AbstractTransferListenerAdapter - Downloaded https://repo.spring.io/snapshot/org/springframework/boot/spring-boot-jackson/4.0.0-SNAPSHOT/spring-boot-jackson-4.0.0-20250821.142622-253.pom
2025-08-21 21:19:01,259 [Worker-16: Building] INFO  o.e.m.c.i.e.AbstractTransferListenerAdapter - Downloaded https://repo.spring.io/milestone/com/fasterxml/jackson/core/jackson-databind/2.20.0-rc1/jackson-databind-2.20.0-rc1.pom
2025-08-21 21:19:01,404 [Worker-16: Building] INFO  o.e.m.c.i.e.AbstractTransferListenerAdapter - Downloading https://repo.maven.apache.org/maven2/com/fasterxml/jackson/core/jackson-databind/2.20.0-rc1/jackson-databind-2.20.0-rc1.pom
2025-08-21 21:19:01,413 [Worker-16: Building] INFO  o.e.m.c.i.e.AbstractTransferListenerAdapter - Downloaded https://repo.maven.apache.org/maven2/com/fasterxml/jackson/core/jackson-databind/2.20.0-rc1/jackson-databind-2.20.0-rc1.pom
2025-08-21 21:19:01,680 [Worker-16: Building] INFO  o.e.m.c.i.e.AbstractTransferListenerAdapter - Downloaded https://repo.spring.io/milestone/com/fasterxml/jackson/jackson-base/2.20.0-rc1/jackson-base-2.20.0-rc1.pom
2025-08-21 21:19:01,716 [Worker-16: Building] INFO  o.e.m.c.i.e.AbstractTransferListenerAdapter - Downloading https://repo.maven.apache.org/maven2/com/fasterxml/jackson/jackson-base/2.20.0-rc1/jackson-base-2.20.0-rc1.pom
2025-08-21 21:19:01,723 [Worker-16: Building] INFO  o.e.m.c.i.e.AbstractTransferListenerAdapter - Downloaded https://repo.maven.apache.org/maven2/com/fasterxml/jackson/jackson-base/2.20.0-rc1/jackson-base-2.20.0-rc1.pom
2025-08-21 21:19:01,984 [Worker-16: Building] INFO  o.e.m.c.i.e.AbstractTransferListenerAdapter - Downloaded https://repo.spring.io/milestone/com/fasterxml/jackson/core/jackson-annotations/2.20-rc1/jackson-annotations-2.20-rc1.pom
2025-08-21 21:19:02,015 [Worker-16: Building] INFO  o.e.m.c.i.e.AbstractTransferListenerAdapter - Downloading https://repo.maven.apache.org/maven2/com/fasterxml/jackson/core/jackson-annotations/2.20-rc1/jackson-annotations-2.20-rc1.pom
2025-08-21 21:19:02,028 [Worker-16: Building] INFO  o.e.m.c.i.e.AbstractTransferListenerAdapter - Downloaded https://repo.maven.apache.org/maven2/com/fasterxml/jackson/core/jackson-annotations/2.20-rc1/jackson-annotations-2.20-rc1.pom
2025-08-21 21:19:02,291 [Worker-16: Building] INFO  o.e.m.c.i.e.AbstractTransferListenerAdapter - Downloaded https://repo.spring.io/milestone/com/fasterxml/jackson/core/jackson-core/2.20.0-rc1/jackson-core-2.20.0-rc1.pom
2025-08-21 21:19:02,325 [Worker-16: Building] INFO  o.e.m.c.i.e.AbstractTransferListenerAdapter - Downloading https://repo.maven.apache.org/maven2/com/fasterxml/jackson/core/jackson-core/2.20.0-rc1/jackson-core-2.20.0-rc1.pom
2025-08-21 21:19:02,333 [Worker-16: Building] INFO  o.e.m.c.i.e.AbstractTransferListenerAdapter - Downloaded https://repo.maven.apache.org/maven2/com/fasterxml/jackson/core/jackson-core/2.20.0-rc1/jackson-core-2.20.0-rc1.pom
2025-08-21 21:19:02,599 [Worker-16: Building] INFO  o.e.m.c.i.e.AbstractTransferListenerAdapter - Downloaded https://repo.spring.io/milestone/com/fasterxml/jackson/datatype/jackson-datatype-jdk8/2.20.0-rc1/jackson-datatype-jdk8-2.20.0-rc1.pom
2025-08-21 21:19:02,633 [Worker-16: Building] INFO  o.e.m.c.i.e.AbstractTransferListenerAdapter - Downloading https://repo.maven.apache.org/maven2/com/fasterxml/jackson/datatype/jackson-datatype-jdk8/2.20.0-rc1/jackson-datatype-jdk8-2.20.0-rc1.pom
2025-08-21 21:19:02,640 [Worker-16: Building] INFO  o.e.m.c.i.e.AbstractTransferListenerAdapter - Downloaded https://repo.maven.apache.org/maven2/com/fasterxml/jackson/datatype/jackson-datatype-jdk8/2.20.0-rc1/jackson-datatype-jdk8-2.20.0-rc1.pom
2025-08-21 21:19:02,908 [Worker-16: Building] INFO  o.e.m.c.i.e.AbstractTransferListenerAdapter - Downloaded https://repo.spring.io/milestone/com/fasterxml/jackson/module/jackson-modules-java8/2.20.0-rc1/jackson-modules-java8-2.20.0-rc1.pom
2025-08-21 21:19:02,942 [Worker-16: Building] INFO  o.e.m.c.i.e.AbstractTransferListenerAdapter - Downloading https://repo.maven.apache.org/maven2/com/fasterxml/jackson/module/jackson-modules-java8/2.20.0-rc1/jackson-modules-java8-2.20.0-rc1.pom
2025-08-21 21:19:02,950 [Worker-16: Building] INFO  o.e.m.c.i.e.AbstractTransferListenerAdapter - Downloaded https://repo.maven.apache.org/maven2/com/fasterxml/jackson/module/jackson-modules-java8/2.20.0-rc1/jackson-modules-java8-2.20.0-rc1.pom
2025-08-21 21:19:03,216 [Worker-16: Building] INFO  o.e.m.c.i.e.AbstractTransferListenerAdapter - Downloaded https://repo.spring.io/milestone/com/fasterxml/jackson/datatype/jackson-datatype-jsr310/2.20.0-rc1/jackson-datatype-jsr310-2.20.0-rc1.pom
2025-08-21 21:19:03,248 [Worker-16: Building] INFO  o.e.m.c.i.e.AbstractTransferListenerAdapter - Downloading https://repo.maven.apache.org/maven2/com/fasterxml/jackson/datatype/jackson-datatype-jsr310/2.20.0-rc1/jackson-datatype-jsr310-2.20.0-rc1.pom
2025-08-21 21:19:03,255 [Worker-16: Building] INFO  o.e.m.c.i.e.AbstractTransferListenerAdapter - Downloaded https://repo.maven.apache.org/maven2/com/fasterxml/jackson/datatype/jackson-datatype-jsr310/2.20.0-rc1/jackson-datatype-jsr310-2.20.0-rc1.pom
2025-08-21 21:19:03,499 [Worker-16: Building] INFO  o.e.m.c.i.e.AbstractTransferListenerAdapter - Downloaded https://repo.spring.io/milestone/com/fasterxml/jackson/module/jackson-module-parameter-names/2.20.0-rc1/jackson-module-parameter-names-2.20.0-rc1.pom
2025-08-21 21:19:03,546 [Worker-16: Building] INFO  o.e.m.c.i.e.AbstractTransferListenerAdapter - Downloading https://repo.maven.apache.org/maven2/com/fasterxml/jackson/module/jackson-module-parameter-names/2.20.0-rc1/jackson-module-parameter-names-2.20.0-rc1.pom
2025-08-21 21:19:03,555 [Worker-16: Building] INFO  o.e.m.c.i.e.AbstractTransferListenerAdapter - Downloaded https://repo.maven.apache.org/maven2/com/fasterxml/jackson/module/jackson-module-parameter-names/2.20.0-rc1/jackson-module-parameter-names-2.20.0-rc1.pom
2025-08-21 21:19:03,837 [Worker-16: Building] INFO  o.e.m.c.i.e.AbstractTransferListenerAdapter - Downloading https://repo.spring.io/snapshot/org/springframework/boot/spring-boot-starter-tomcat/4.0.0-SNAPSHOT/maven-metadata.xml
2025-08-21 21:19:03,844 [Worker-16: Building] INFO  o.e.m.c.i.e.AbstractTransferListenerAdapter - Downloaded https://repo.spring.io/snapshot/org/springframework/boot/spring-boot-starter-tomcat/4.0.0-SNAPSHOT/maven-metadata.xml
2025-08-21 21:19:04,138 [Worker-16: Building] INFO  o.e.m.c.i.e.AbstractTransferListenerAdapter - Downloading https://repo.spring.io/snapshot/org/springframework/boot/spring-boot-starter-tomcat/4.0.0-SNAPSHOT/spring-boot-starter-tomcat-4.0.0-20250821.142622-426.pom
2025-08-21 21:19:04,152 [Worker-16: Building] INFO  o.e.m.c.i.e.AbstractTransferListenerAdapter - Downloaded https://repo.spring.io/snapshot/org/springframework/boot/spring-boot-starter-tomcat/4.0.0-SNAPSHOT/spring-boot-starter-tomcat-4.0.0-20250821.142622-426.pom
2025-08-21 21:19:04,446 [Worker-16: Building] INFO  o.e.m.c.i.e.AbstractTransferListenerAdapter - Downloading https://repo.spring.io/snapshot/org/springframework/boot/spring-boot-tomcat/4.0.0-SNAPSHOT/maven-metadata.xml
2025-08-21 21:19:04,462 [Worker-16: Building] INFO  o.e.m.c.i.e.AbstractTransferListenerAdapter - Downloaded https://repo.spring.io/snapshot/org/springframework/boot/spring-boot-tomcat/4.0.0-SNAPSHOT/maven-metadata.xml
2025-08-21 21:19:05,059 [Worker-16: Building] INFO  o.e.m.c.i.e.AbstractTransferListenerAdapter - Downloading https://repo.spring.io/snapshot/org/springframework/boot/spring-boot-tomcat/4.0.0-SNAPSHOT/spring-boot-tomcat-4.0.0-20250821.142622-264.pom
2025-08-21 21:19:05,381 [Worker-16: Building] INFO  o.e.m.c.i.e.AbstractTransferListenerAdapter - Downloaded https://repo.spring.io/snapshot/org/springframework/boot/spring-boot-tomcat/4.0.0-SNAPSHOT/spring-boot-tomcat-4.0.0-20250821.142622-264.pom
2025-08-21 21:19:05,689 [Worker-16: Building] INFO  o.e.m.c.i.e.AbstractTransferListenerAdapter - Downloading https://repo.spring.io/snapshot/org/springframework/boot/spring-boot-web-server/4.0.0-SNAPSHOT/maven-metadata.xml
2025-08-21 21:19:05,697 [Worker-16: Building] INFO  o.e.m.c.i.e.AbstractTransferListenerAdapter - Downloaded https://repo.spring.io/snapshot/org/springframework/boot/spring-boot-web-server/4.0.0-SNAPSHOT/maven-metadata.xml
2025-08-21 21:19:05,978 [Worker-16: Building] INFO  o.e.m.c.i.e.AbstractTransferListenerAdapter - Downloading https://repo.spring.io/snapshot/org/springframework/boot/spring-boot-web-server/4.0.0-SNAPSHOT/spring-boot-web-server-4.0.0-20250821.142622-183.pom
2025-08-21 21:19:05,991 [Worker-16: Building] INFO  o.e.m.c.i.e.AbstractTransferListenerAdapter - Downloaded https://repo.spring.io/snapshot/org/springframework/boot/spring-boot-web-server/4.0.0-SNAPSHOT/spring-boot-web-server-4.0.0-20250821.142622-183.pom
2025-08-21 21:19:06,286 [Worker-16: Building] INFO  o.e.m.c.i.e.AbstractTransferListenerAdapter - Downloaded https://repo.spring.io/milestone/org/apache/tomcat/embed/tomcat-embed-core/11.0.10/tomcat-embed-core-11.0.10.pom
2025-08-21 21:19:06,329 [Worker-16: Building] INFO  o.e.m.c.i.e.AbstractTransferListenerAdapter - Downloading https://repo.maven.apache.org/maven2/org/apache/tomcat/embed/tomcat-embed-core/11.0.10/tomcat-embed-core-11.0.10.pom
2025-08-21 21:19:06,342 [Worker-16: Building] INFO  o.e.m.c.i.e.AbstractTransferListenerAdapter - Downloaded https://repo.maven.apache.org/maven2/org/apache/tomcat/embed/tomcat-embed-core/11.0.10/tomcat-embed-core-11.0.10.pom
2025-08-21 21:19:06,591 [Worker-16: Building] INFO  o.e.m.c.i.e.AbstractTransferListenerAdapter - Downloaded https://repo.spring.io/milestone/org/apache/tomcat/embed/tomcat-embed-el/11.0.10/tomcat-embed-el-11.0.10.pom
2025-08-21 21:19:06,624 [Worker-16: Building] INFO  o.e.m.c.i.e.AbstractTransferListenerAdapter - Downloading https://repo.maven.apache.org/maven2/org/apache/tomcat/embed/tomcat-embed-el/11.0.10/tomcat-embed-el-11.0.10.pom
2025-08-21 21:19:06,640 [Worker-16: Building] INFO  o.e.m.c.i.e.AbstractTransferListenerAdapter - Downloaded https://repo.maven.apache.org/maven2/org/apache/tomcat/embed/tomcat-embed-el/11.0.10/tomcat-embed-el-11.0.10.pom
2025-08-21 21:19:06,900 [Worker-16: Building] INFO  o.e.m.c.i.e.AbstractTransferListenerAdapter - Downloaded https://repo.spring.io/milestone/org/apache/tomcat/embed/tomcat-embed-websocket/11.0.10/tomcat-embed-websocket-11.0.10.pom
2025-08-21 21:19:06,944 [Worker-16: Building] INFO  o.e.m.c.i.e.AbstractTransferListenerAdapter - Downloading https://repo.maven.apache.org/maven2/org/apache/tomcat/embed/tomcat-embed-websocket/11.0.10/tomcat-embed-websocket-11.0.10.pom
2025-08-21 21:19:06,952 [Worker-16: Building] INFO  o.e.m.c.i.e.AbstractTransferListenerAdapter - Downloaded https://repo.maven.apache.org/maven2/org/apache/tomcat/embed/tomcat-embed-websocket/11.0.10/tomcat-embed-websocket-11.0.10.pom
2025-08-21 21:19:07,211 [Worker-16: Building] INFO  o.e.m.c.i.e.AbstractTransferListenerAdapter - Downloading https://repo.spring.io/snapshot/org/springframework/boot/spring-boot-http-converter/4.0.0-SNAPSHOT/maven-metadata.xml
2025-08-21 21:19:07,225 [Worker-16: Building] INFO  o.e.m.c.i.e.AbstractTransferListenerAdapter - Downloaded https://repo.spring.io/snapshot/org/springframework/boot/spring-boot-http-converter/4.0.0-SNAPSHOT/maven-metadata.xml
2025-08-21 21:19:07,463 [Worker-16: Building] INFO  o.e.m.c.i.e.AbstractTransferListenerAdapter - Downloading https://repo.spring.io/snapshot/org/springframework/boot/spring-boot-http-converter/4.0.0-SNAPSHOT/spring-boot-http-converter-4.0.0-20250821.142622-178.pom
2025-08-21 21:19:07,477 [Worker-16: Building] INFO  o.e.m.c.i.e.AbstractTransferListenerAdapter - Downloaded https://repo.spring.io/snapshot/org/springframework/boot/spring-boot-http-converter/4.0.0-SNAPSHOT/spring-boot-http-converter-4.0.0-20250821.142622-178.pom
2025-08-21 21:19:07,725 [Worker-16: Building] INFO  o.e.m.c.i.e.AbstractTransferListenerAdapter - Downloading https://repo.spring.io/snapshot/org/springframework/boot/spring-boot-webmvc/4.0.0-SNAPSHOT/maven-metadata.xml
2025-08-21 21:19:07,741 [Worker-16: Building] INFO  o.e.m.c.i.e.AbstractTransferListenerAdapter - Downloaded https://repo.spring.io/snapshot/org/springframework/boot/spring-boot-webmvc/4.0.0-SNAPSHOT/maven-metadata.xml
2025-08-21 21:19:08,029 [Worker-16: Building] INFO  o.e.m.c.i.e.AbstractTransferListenerAdapter - Downloading https://repo.spring.io/snapshot/org/springframework/boot/spring-boot-webmvc/4.0.0-SNAPSHOT/spring-boot-webmvc-4.0.0-20250821.142622-213.pom
2025-08-21 21:19:08,043 [Worker-16: Building] INFO  o.e.m.c.i.e.AbstractTransferListenerAdapter - Downloaded https://repo.spring.io/snapshot/org/springframework/boot/spring-boot-webmvc/4.0.0-SNAPSHOT/spring-boot-webmvc-4.0.0-20250821.142622-213.pom
2025-08-21 21:19:08,338 [Worker-16: Building] INFO  o.e.m.c.i.e.AbstractTransferListenerAdapter - Downloading https://repo.spring.io/snapshot/org/springframework/boot/spring-boot-servlet/4.0.0-SNAPSHOT/maven-metadata.xml
2025-08-21 21:19:08,360 [Worker-16: Building] INFO  o.e.m.c.i.e.AbstractTransferListenerAdapter - Downloaded https://repo.spring.io/snapshot/org/springframework/boot/spring-boot-servlet/4.0.0-SNAPSHOT/maven-metadata.xml
2025-08-21 21:19:08,613 [Worker-16: Building] INFO  o.e.m.c.i.e.AbstractTransferListenerAdapter - Downloading https://repo.spring.io/snapshot/org/springframework/boot/spring-boot-servlet/4.0.0-SNAPSHOT/spring-boot-servlet-4.0.0-20250821.142622-168.pom
2025-08-21 21:19:08,626 [Worker-16: Building] INFO  o.e.m.c.i.e.AbstractTransferListenerAdapter - Downloaded https://repo.spring.io/snapshot/org/springframework/boot/spring-boot-servlet/4.0.0-SNAPSHOT/spring-boot-servlet-4.0.0-20250821.142622-168.pom
2025-08-21 21:19:08,953 [Worker-16: Building] INFO  o.e.m.c.i.e.AbstractTransferListenerAdapter - Downloading https://repo.spring.io/milestone/org/springframework/spring-webmvc/7.0.0-M8/spring-webmvc-7.0.0-M8.pom
2025-08-21 21:19:08,964 [Worker-16: Building] INFO  o.e.m.c.i.e.AbstractTransferListenerAdapter - Downloaded https://repo.spring.io/milestone/org/springframework/spring-webmvc/7.0.0-M8/spring-webmvc-7.0.0-M8.pom
2025-08-21 21:19:09,460 [Worker-16: Building] INFO  o.e.m.c.i.e.AbstractTransferListenerAdapter - Downloading https://repo.spring.io/snapshot/org/springframework/boot/spring-boot-starter-web/4.0.0-SNAPSHOT/spring-boot-starter-web-4.0.0-20250821.142622-426.jar
2025-08-21 21:19:09,468 [Worker-16: Building] INFO  o.e.m.c.i.e.AbstractTransferListenerAdapter - Downloaded https://repo.spring.io/snapshot/org/springframework/boot/spring-boot-starter-web/4.0.0-SNAPSHOT/spring-boot-starter-web-4.0.0-20250821.142622-426.jar
2025-08-21 21:19:09,768 [BasicRepositoryConnector-repo.spring.io-3-0] INFO  o.e.m.c.i.e.AbstractTransferListenerAdapter - Downloading https://repo.spring.io/snapshot/org/springframework/boot/spring-boot-starter-jackson/4.0.0-SNAPSHOT/spring-boot-starter-jackson-4.0.0-20250821.142622-110.jar
2025-08-21 21:19:09,777 [BasicRepositoryConnector-repo.spring.io-3-0] INFO  o.e.m.c.i.e.AbstractTransferListenerAdapter - Downloaded https://repo.spring.io/snapshot/org/springframework/boot/spring-boot-starter-jackson/4.0.0-SNAPSHOT/spring-boot-starter-jackson-4.0.0-20250821.142622-110.jar
2025-08-21 21:19:10,016 [BasicRepositoryConnector-repo.spring.io-3-0] INFO  o.e.m.c.i.e.AbstractTransferListenerAdapter - Downloading https://repo.spring.io/snapshot/org/springframework/boot/spring-boot-starter-tomcat/4.0.0-SNAPSHOT/spring-boot-starter-tomcat-4.0.0-20250821.142622-426.jar
2025-08-21 21:19:10,024 [BasicRepositoryConnector-repo.spring.io-3-0] INFO  o.e.m.c.i.e.AbstractTransferListenerAdapter - Downloaded https://repo.spring.io/snapshot/org/springframework/boot/spring-boot-starter-tomcat/4.0.0-SNAPSHOT/spring-boot-starter-tomcat-4.0.0-20250821.142622-426.jar
2025-08-21 21:19:10,282 [BasicRepositoryConnector-repo.spring.io-3-0] INFO  o.e.m.c.i.e.AbstractTransferListenerAdapter - Downloading https://repo.spring.io/snapshot/org/springframework/boot/spring-boot-tomcat/4.0.0-SNAPSHOT/spring-boot-tomcat-4.0.0-20250821.142622-264.jar
2025-08-21 21:19:10,507 [BasicRepositoryConnector-repo.spring.io-3-3] INFO  o.e.m.c.i.e.AbstractTransferListenerAdapter - Downloading https://repo.spring.io/snapshot/org/springframework/boot/spring-boot-webmvc/4.0.0-SNAPSHOT/spring-boot-webmvc-4.0.0-20250821.142622-213.jar
2025-08-21 21:19:10,513 [BasicRepositoryConnector-repo.spring.io-3-4] INFO  o.e.m.c.i.e.AbstractTransferListenerAdapter - Downloading https://repo.spring.io/snapshot/org/springframework/boot/spring-boot-servlet/4.0.0-SNAPSHOT/spring-boot-servlet-4.0.0-20250821.142622-168.jar
2025-08-21 21:19:10,530 [BasicRepositoryConnector-repo.spring.io-3-2] INFO  o.e.m.c.i.e.AbstractTransferListenerAdapter - Downloading https://repo.spring.io/snapshot/org/springframework/boot/spring-boot-http-converter/4.0.0-SNAPSHOT/spring-boot-http-converter-4.0.0-20250821.142622-178.jar
2025-08-21 21:19:10,540 [BasicRepositoryConnector-repo.spring.io-3-1] INFO  o.e.m.c.i.e.AbstractTransferListenerAdapter - Downloading https://repo.spring.io/snapshot/org/springframework/boot/spring-boot-jackson/4.0.0-SNAPSHOT/spring-boot-jackson-4.0.0-20250821.142622-253.jar
2025-08-21 21:19:10,755 [BasicRepositoryConnector-repo.spring.io-3-2] INFO  o.e.m.c.i.e.AbstractTransferListenerAdapter - Downloaded https://repo.spring.io/snapshot/org/springframework/boot/spring-boot-http-converter/4.0.0-SNAPSHOT/spring-boot-http-converter-4.0.0-20250821.142622-178.jar
2025-08-21 21:19:11,009 [BasicRepositoryConnector-repo.spring.io-3-2] INFO  o.e.m.c.i.e.AbstractTransferListenerAdapter - Downloading https://repo.spring.io/snapshot/org/springframework/boot/spring-boot-web-server/4.0.0-SNAPSHOT/spring-boot-web-server-4.0.0-20250821.142622-183.jar
2025-08-21 21:19:11,012 [BasicRepositoryConnector-repo.spring.io-3-4] INFO  o.e.m.c.i.e.AbstractTransferListenerAdapter - Downloaded https://repo.spring.io/snapshot/org/springframework/boot/spring-boot-servlet/4.0.0-SNAPSHOT/spring-boot-servlet-4.0.0-20250821.142622-168.jar
2025-08-21 21:19:11,048 [BasicRepositoryConnector-repo.spring.io-3-1] INFO  o.e.m.c.i.e.AbstractTransferListenerAdapter - Downloaded https://repo.spring.io/snapshot/org/springframework/boot/spring-boot-jackson/4.0.0-SNAPSHOT/spring-boot-jackson-4.0.0-20250821.142622-253.jar
2025-08-21 21:19:11,228 [BasicRepositoryConnector-repo.spring.io-3-3] INFO  o.e.m.c.i.e.AbstractTransferListenerAdapter - Downloaded https://repo.spring.io/snapshot/org/springframework/boot/spring-boot-webmvc/4.0.0-SNAPSHOT/spring-boot-webmvc-4.0.0-20250821.142622-213.jar
2025-08-21 21:19:11,527 [BasicRepositoryConnector-repo.spring.io-3-2] INFO  o.e.m.c.i.e.AbstractTransferListenerAdapter - Downloaded https://repo.spring.io/snapshot/org/springframework/boot/spring-boot-web-server/4.0.0-SNAPSHOT/spring-boot-web-server-4.0.0-20250821.142622-183.jar
2025-08-21 21:19:12,767 [BasicRepositoryConnector-repo.spring.io-3-0] INFO  o.e.m.c.i.e.AbstractTransferListenerAdapter - Downloaded https://repo.spring.io/snapshot/org/springframework/boot/spring-boot-tomcat/4.0.0-SNAPSHOT/spring-boot-tomcat-4.0.0-20250821.142622-264.jar
2025-08-21 21:19:13,072 [Worker-16: Building] INFO  o.e.m.c.i.e.AbstractTransferListenerAdapter - Downloaded https://repo.spring.io/milestone/com/fasterxml/jackson/core/jackson-databind/2.20.0-rc1/jackson-databind-2.20.0-rc1.jar
2025-08-21 21:19:13,354 [BasicRepositoryConnector-repo.spring.io-4-0] INFO  o.e.m.c.i.e.AbstractTransferListenerAdapter - Downloaded https://repo.spring.io/milestone/com/fasterxml/jackson/datatype/jackson-datatype-jdk8/2.20.0-rc1/jackson-datatype-jdk8-2.20.0-rc1.jar
2025-08-21 21:19:13,354 [BasicRepositoryConnector-repo.spring.io-4-3] INFO  o.e.m.c.i.e.AbstractTransferListenerAdapter - Downloaded https://repo.spring.io/milestone/com/fasterxml/jackson/core/jackson-annotations/2.20-rc1/jackson-annotations-2.20-rc1.jar
2025-08-21 21:19:13,354 [BasicRepositoryConnector-repo.spring.io-4-2] INFO  o.e.m.c.i.e.AbstractTransferListenerAdapter - Downloaded https://repo.spring.io/milestone/com/fasterxml/jackson/datatype/jackson-datatype-jsr310/2.20.0-rc1/jackson-datatype-jsr310-2.20.0-rc1.jar
2025-08-21 21:19:13,354 [BasicRepositoryConnector-repo.spring.io-4-4] INFO  o.e.m.c.i.e.AbstractTransferListenerAdapter - Downloaded https://repo.spring.io/milestone/com/fasterxml/jackson/module/jackson-module-parameter-names/2.20.0-rc1/jackson-module-parameter-names-2.20.0-rc1.jar
2025-08-21 21:19:13,354 [BasicRepositoryConnector-repo.spring.io-4-1] INFO  o.e.m.c.i.e.AbstractTransferListenerAdapter - Downloaded https://repo.spring.io/milestone/com/fasterxml/jackson/core/jackson-core/2.20.0-rc1/jackson-core-2.20.0-rc1.jar
2025-08-21 21:19:13,585 [BasicRepositoryConnector-repo.spring.io-4-3] INFO  o.e.m.c.i.e.AbstractTransferListenerAdapter - Downloaded https://repo.spring.io/milestone/org/apache/tomcat/embed/tomcat-embed-core/11.0.10/tomcat-embed-core-11.0.10.jar
2025-08-21 21:19:13,585 [BasicRepositoryConnector-repo.spring.io-4-2] INFO  o.e.m.c.i.e.AbstractTransferListenerAdapter - Downloaded https://repo.spring.io/milestone/org/apache/tomcat/embed/tomcat-embed-el/11.0.10/tomcat-embed-el-11.0.10.jar
2025-08-21 21:19:13,611 [BasicRepositoryConnector-repo.spring.io-4-4] INFO  o.e.m.c.i.e.AbstractTransferListenerAdapter - Downloaded https://repo.spring.io/milestone/org/apache/tomcat/embed/tomcat-embed-websocket/11.0.10/tomcat-embed-websocket-11.0.10.jar
2025-08-21 21:19:14,615 [BasicRepositoryConnector-repo.spring.io-4-0] INFO  o.e.m.c.i.e.AbstractTransferListenerAdapter - Downloading https://repo.spring.io/milestone/org/springframework/spring-webmvc/7.0.0-M8/spring-webmvc-7.0.0-M8.jar
2025-08-21 21:19:17,251 [BasicRepositoryConnector-repo.spring.io-4-0] INFO  o.e.m.c.i.e.AbstractTransferListenerAdapter - Downloaded https://repo.spring.io/milestone/org/springframework/spring-webmvc/7.0.0-M8/spring-webmvc-7.0.0-M8.jar
2025-08-21 21:19:17,320 [Worker-16: Building] INFO  o.e.m.c.i.e.AbstractTransferListenerAdapter - Downloading https://repo.maven.apache.org/maven2/com/fasterxml/jackson/core/jackson-databind/2.20.0-rc1/jackson-databind-2.20.0-rc1.jar
2025-08-21 21:19:17,598 [Worker-16: Building] INFO  o.e.m.c.i.e.AbstractTransferListenerAdapter - Downloaded https://repo.maven.apache.org/maven2/com/fasterxml/jackson/core/jackson-databind/2.20.0-rc1/jackson-databind-2.20.0-rc1.jar
2025-08-21 21:19:17,626 [BasicRepositoryConnector-repo.maven.apache.org-5-1] INFO  o.e.m.c.i.e.AbstractTransferListenerAdapter - Downloading https://repo.maven.apache.org/maven2/com/fasterxml/jackson/core/jackson-core/2.20.0-rc1/jackson-core-2.20.0-rc1.jar
2025-08-21 21:19:17,726 [BasicRepositoryConnector-repo.maven.apache.org-5-4] INFO  o.e.m.c.i.e.AbstractTransferListenerAdapter - Downloading https://repo.maven.apache.org/maven2/com/fasterxml/jackson/module/jackson-module-parameter-names/2.20.0-rc1/jackson-module-parameter-names-2.20.0-rc1.jar
2025-08-21 21:19:17,735 [BasicRepositoryConnector-repo.maven.apache.org-5-4] INFO  o.e.m.c.i.e.AbstractTransferListenerAdapter - Downloaded https://repo.maven.apache.org/maven2/com/fasterxml/jackson/module/jackson-module-parameter-names/2.20.0-rc1/jackson-module-parameter-names-2.20.0-rc1.jar
2025-08-21 21:19:17,736 [BasicRepositoryConnector-repo.maven.apache.org-5-1] INFO  o.e.m.c.i.e.AbstractTransferListenerAdapter - Downloaded https://repo.maven.apache.org/maven2/com/fasterxml/jackson/core/jackson-core/2.20.0-rc1/jackson-core-2.20.0-rc1.jar
2025-08-21 21:19:17,738 [BasicRepositoryConnector-repo.maven.apache.org-5-3] INFO  o.e.m.c.i.e.AbstractTransferListenerAdapter - Downloading https://repo.maven.apache.org/maven2/com/fasterxml/jackson/core/jackson-annotations/2.20-rc1/jackson-annotations-2.20-rc1.jar
2025-08-21 21:19:17,761 [BasicRepositoryConnector-repo.maven.apache.org-5-2] INFO  o.e.m.c.i.e.AbstractTransferListenerAdapter - Downloading https://repo.maven.apache.org/maven2/com/fasterxml/jackson/datatype/jackson-datatype-jsr310/2.20.0-rc1/jackson-datatype-jsr310-2.20.0-rc1.jar
2025-08-21 21:19:17,761 [BasicRepositoryConnector-repo.maven.apache.org-5-4] INFO  o.e.m.c.i.e.AbstractTransferListenerAdapter - Downloading https://repo.maven.apache.org/maven2/org/apache/tomcat/embed/tomcat-embed-core/11.0.10/tomcat-embed-core-11.0.10.jar
2025-08-21 21:19:17,783 [BasicRepositoryConnector-repo.maven.apache.org-5-1] INFO  o.e.m.c.i.e.AbstractTransferListenerAdapter - Downloading https://repo.maven.apache.org/maven2/org/apache/tomcat/embed/tomcat-embed-el/11.0.10/tomcat-embed-el-11.0.10.jar
2025-08-21 21:19:17,857 [BasicRepositoryConnector-repo.maven.apache.org-5-1] INFO  o.e.m.c.i.e.AbstractTransferListenerAdapter - Downloaded https://repo.maven.apache.org/maven2/org/apache/tomcat/embed/tomcat-embed-el/11.0.10/tomcat-embed-el-11.0.10.jar
2025-08-21 21:19:17,865 [BasicRepositoryConnector-repo.maven.apache.org-5-2] INFO  o.e.m.c.i.e.AbstractTransferListenerAdapter - Downloaded https://repo.maven.apache.org/maven2/com/fasterxml/jackson/datatype/jackson-datatype-jsr310/2.20.0-rc1/jackson-datatype-jsr310-2.20.0-rc1.jar
2025-08-21 21:19:17,881 [BasicRepositoryConnector-repo.maven.apache.org-5-1] INFO  o.e.m.c.i.e.AbstractTransferListenerAdapter - Downloading https://repo.maven.apache.org/maven2/org/apache/tomcat/embed/tomcat-embed-websocket/11.0.10/tomcat-embed-websocket-11.0.10.jar
2025-08-21 21:19:18,008 [BasicRepositoryConnector-repo.maven.apache.org-5-1] INFO  o.e.m.c.i.e.AbstractTransferListenerAdapter - Downloaded https://repo.maven.apache.org/maven2/org/apache/tomcat/embed/tomcat-embed-websocket/11.0.10/tomcat-embed-websocket-11.0.10.jar
2025-08-21 21:19:18,079 [BasicRepositoryConnector-repo.maven.apache.org-5-3] INFO  o.e.m.c.i.e.AbstractTransferListenerAdapter - Downloaded https://repo.maven.apache.org/maven2/com/fasterxml/jackson/core/jackson-annotations/2.20-rc1/jackson-annotations-2.20-rc1.jar
2025-08-21 21:19:18,711 [BasicRepositoryConnector-repo.maven.apache.org-5-0] INFO  o.e.m.c.i.e.AbstractTransferListenerAdapter - Downloading https://repo.maven.apache.org/maven2/com/fasterxml/jackson/datatype/jackson-datatype-jdk8/2.20.0-rc1/jackson-datatype-jdk8-2.20.0-rc1.jar
2025-08-21 21:19:18,729 [BasicRepositoryConnector-repo.maven.apache.org-5-0] INFO  o.e.m.c.i.e.AbstractTransferListenerAdapter - Downloaded https://repo.maven.apache.org/maven2/com/fasterxml/jackson/datatype/jackson-datatype-jdk8/2.20.0-rc1/jackson-datatype-jdk8-2.20.0-rc1.jar
2025-08-21 21:19:20,791 [BasicRepositoryConnector-repo.maven.apache.org-5-4] INFO  o.e.m.c.i.e.AbstractTransferListenerAdapter - Downloaded https://repo.maven.apache.org/maven2/org/apache/tomcat/embed/tomcat-embed-core/11.0.10/tomcat-embed-core-11.0.10.jar
2025-08-21 21:19:20,954 [Worker-16: Building] INFO  o.a.m.s.f.DefaultMavenResourcesFiltering - Copying 1 resource from src\main\resources to target\classes
2025-08-21 21:19:20,966 [Worker-16: Building] INFO  o.a.m.s.f.DefaultMavenResourcesFiltering - Copying 0 resource from src\main\resources to target\classes
2025-08-21 21:19:20,970 [Worker-16: Building] INFO  o.a.m.s.f.DefaultMavenResourcesFiltering - skip non existing resourceDirectory D:\raj\src\test\resources
2025-08-21 21:19:21,820 [Worker-22: Building] INFO  o.a.m.s.f.DefaultMavenResourcesFiltering - Copying 1 resource from src\main\resources to target\classes
2025-08-21 21:19:21,821 [Worker-22: Building] INFO  o.a.m.s.f.DefaultMavenResourcesFiltering - Copying 0 resource from src\main\resources to target\classes
2025-08-21 21:19:21,826 [Worker-22: Building] INFO  o.a.m.s.f.DefaultMavenResourcesFiltering - skip non existing resourceDirectory D:\demo\src\test\resources
2025-08-21 21:19:21,972 [Worker-22: Building] INFO  o.a.m.s.f.DefaultMavenResourcesFiltering - Copying 1 resource from src\main\resources to target\classes
2025-08-21 21:19:21,973 [Worker-22: Building] INFO  o.a.m.s.f.DefaultMavenResourcesFiltering - Copying 0 resource from src\main\resources to target\classes
2025-08-21 21:19:21,976 [Worker-22: Building] INFO  o.a.m.s.f.DefaultMavenResourcesFiltering - skip non existing resourceDirectory D:\raj\src\test\resources
2025-09-11 19:59:52,008 [Worker-4: Loading available Gradle versions] INFO  o.e.b.c.i.u.g.PublishedGradleVersions - Gradle version information cache is out-of-date. Trying to update.
2025-09-11 20:00:15,344 [Worker-6: Building] INFO  o.e.m.c.i.e.AbstractTransferListenerAdapter - Downloaded https://repo.spring.io/snapshot/org/springframework/boot/spring-boot-starter-parent/4.0.0-SNAPSHOT/maven-metadata.xml
2025-09-11 20:00:15,414 [Worker-6: Building] WARN  o.e.m.c.i.embedder.EclipseLogger - Could not transfer metadata org.springframework.boot:spring-boot-starter-parent:4.0.0-SNAPSHOT/maven-metadata.xml from/to spring-snapshots (https://repo.spring.io/snapshot): No such host is known (repo.spring.io)
2025-09-11 20:00:15,619 [Worker-6: Building] INFO  o.e.m.c.i.e.AbstractTransferListenerAdapter - Downloaded https://repo.spring.io/snapshot/org/springframework/boot/spring-boot-dependencies/4.0.0-SNAPSHOT/maven-metadata.xml
2025-09-11 20:00:15,629 [Worker-6: Building] WARN  o.e.m.c.i.embedder.EclipseLogger - Could not transfer metadata org.springframework.boot:spring-boot-dependencies:4.0.0-SNAPSHOT/maven-metadata.xml from/to spring-snapshots (https://repo.spring.io/snapshot): repo.spring.io
2025-09-11 20:00:16,591 [Worker-6: Building] WARN  o.e.m.c.i.embedder.EclipseLogger - org.springframework.boot:spring-boot-dependencies:4.0.0-SNAPSHOT/maven-metadata.xml failed to transfer from https://repo.spring.io/snapshot during a previous attempt. This failure was cached in the local repository and resolution will not be reattempted until the update interval of spring-snapshots has elapsed or updates are forced. Original error: Could not transfer metadata org.springframework.boot:spring-boot-dependencies:4.0.0-SNAPSHOT/maven-metadata.xml from/to spring-snapshots (https://repo.spring.io/snapshot): repo.spring.io
2025-09-11 20:00:17,145 [Worker-6: Building] INFO  o.e.m.c.i.e.AbstractTransferListenerAdapter - Downloaded https://repo.spring.io/snapshot/org/springframework/boot/spring-boot-starter-data-jpa/4.0.0-SNAPSHOT/maven-metadata.xml
2025-09-11 20:00:17,153 [Worker-6: Building] WARN  o.e.m.c.i.embedder.EclipseLogger - Could not transfer metadata org.springframework.boot:spring-boot-starter-data-jpa:4.0.0-SNAPSHOT/maven-metadata.xml from/to spring-snapshots (https://repo.spring.io/snapshot): repo.spring.io
2025-09-11 20:00:17,164 [Worker-6: Building] WARN  o.e.m.c.i.embedder.EclipseLogger - org.springframework.boot:spring-boot-starter-data-jpa:4.0.0-SNAPSHOT/maven-metadata.xml failed to transfer from https://repo.spring.io/snapshot during a previous attempt. This failure was cached in the local repository and resolution will not be reattempted until the update interval of spring-snapshots has elapsed or updates are forced. Original error: Could not transfer metadata org.springframework.boot:spring-boot-starter-data-jpa:4.0.0-SNAPSHOT/maven-metadata.xml from/to spring-snapshots (https://repo.spring.io/snapshot): repo.spring.io
2025-09-11 20:00:17,194 [Worker-6: Building] INFO  o.e.m.c.i.e.AbstractTransferListenerAdapter - Downloaded https://repo.spring.io/snapshot/org/springframework/boot/spring-boot-starter/4.0.0-SNAPSHOT/maven-metadata.xml
2025-09-11 20:00:17,202 [Worker-6: Building] WARN  o.e.m.c.i.embedder.EclipseLogger - Could not transfer metadata org.springframework.boot:spring-boot-starter:4.0.0-SNAPSHOT/maven-metadata.xml from/to spring-snapshots (https://repo.spring.io/snapshot): repo.spring.io
2025-09-11 20:00:17,204 [Worker-6: Building] WARN  o.e.m.c.i.embedder.EclipseLogger - org.springframework.boot:spring-boot-starter:4.0.0-SNAPSHOT/maven-metadata.xml failed to transfer from https://repo.spring.io/snapshot during a previous attempt. This failure was cached in the local repository and resolution will not be reattempted until the update interval of spring-snapshots has elapsed or updates are forced. Original error: Could not transfer metadata org.springframework.boot:spring-boot-starter:4.0.0-SNAPSHOT/maven-metadata.xml from/to spring-snapshots (https://repo.spring.io/snapshot): repo.spring.io
2025-09-11 20:00:17,239 [Worker-6: Building] INFO  o.e.m.c.i.e.AbstractTransferListenerAdapter - Downloaded https://repo.spring.io/snapshot/org/springframework/boot/spring-boot-starter-logging/4.0.0-SNAPSHOT/maven-metadata.xml
2025-09-11 20:00:17,246 [Worker-6: Building] WARN  o.e.m.c.i.embedder.EclipseLogger - Could not transfer metadata org.springframework.boot:spring-boot-starter-logging:4.0.0-SNAPSHOT/maven-metadata.xml from/to spring-snapshots (https://repo.spring.io/snapshot): repo.spring.io
2025-09-11 20:00:17,255 [Worker-6: Building] WARN  o.e.m.c.i.embedder.EclipseLogger - org.springframework.boot:spring-boot-starter-logging:4.0.0-SNAPSHOT/maven-metadata.xml failed to transfer from https://repo.spring.io/snapshot during a previous attempt. This failure was cached in the local repository and resolution will not be reattempted until the update interval of spring-snapshots has elapsed or updates are forced. Original error: Could not transfer metadata org.springframework.boot:spring-boot-starter-logging:4.0.0-SNAPSHOT/maven-metadata.xml from/to spring-snapshots (https://repo.spring.io/snapshot): repo.spring.io
2025-09-11 20:00:17,487 [Worker-6: Building] INFO  o.e.m.c.i.e.AbstractTransferListenerAdapter - Downloaded https://repo.spring.io/snapshot/org/springframework/boot/spring-boot-autoconfigure/4.0.0-SNAPSHOT/maven-metadata.xml
2025-09-11 20:00:17,503 [Worker-6: Building] WARN  o.e.m.c.i.embedder.EclipseLogger - Could not transfer metadata org.springframework.boot:spring-boot-autoconfigure:4.0.0-SNAPSHOT/maven-metadata.xml from/to spring-snapshots (https://repo.spring.io/snapshot): repo.spring.io
2025-09-11 20:00:17,511 [Worker-6: Building] WARN  o.e.m.c.i.embedder.EclipseLogger - org.springframework.boot:spring-boot-autoconfigure:4.0.0-SNAPSHOT/maven-metadata.xml failed to transfer from https://repo.spring.io/snapshot during a previous attempt. This failure was cached in the local repository and resolution will not be reattempted until the update interval of spring-snapshots has elapsed or updates are forced. Original error: Could not transfer metadata org.springframework.boot:spring-boot-autoconfigure:4.0.0-SNAPSHOT/maven-metadata.xml from/to spring-snapshots (https://repo.spring.io/snapshot): repo.spring.io
2025-09-11 20:00:17,539 [Worker-6: Building] INFO  o.e.m.c.i.e.AbstractTransferListenerAdapter - Downloaded https://repo.spring.io/snapshot/org/springframework/boot/spring-boot/4.0.0-SNAPSHOT/maven-metadata.xml
2025-09-11 20:00:17,545 [Worker-6: Building] WARN  o.e.m.c.i.embedder.EclipseLogger - Could not transfer metadata org.springframework.boot:spring-boot:4.0.0-SNAPSHOT/maven-metadata.xml from/to spring-snapshots (https://repo.spring.io/snapshot): repo.spring.io
2025-09-11 20:00:17,555 [Worker-6: Building] WARN  o.e.m.c.i.embedder.EclipseLogger - org.springframework.boot:spring-boot:4.0.0-SNAPSHOT/maven-metadata.xml failed to transfer from https://repo.spring.io/snapshot during a previous attempt. This failure was cached in the local repository and resolution will not be reattempted until the update interval of spring-snapshots has elapsed or updates are forced. Original error: Could not transfer metadata org.springframework.boot:spring-boot:4.0.0-SNAPSHOT/maven-metadata.xml from/to spring-snapshots (https://repo.spring.io/snapshot): repo.spring.io
2025-09-11 20:00:17,699 [Worker-6: Building] INFO  o.e.m.c.i.e.AbstractTransferListenerAdapter - Downloaded https://repo.spring.io/snapshot/org/springframework/boot/spring-boot-starter-jdbc/4.0.0-SNAPSHOT/maven-metadata.xml
2025-09-11 20:00:17,704 [Worker-6: Building] WARN  o.e.m.c.i.embedder.EclipseLogger - Could not transfer metadata org.springframework.boot:spring-boot-starter-jdbc:4.0.0-SNAPSHOT/maven-metadata.xml from/to spring-snapshots (https://repo.spring.io/snapshot): repo.spring.io
2025-09-11 20:00:17,712 [Worker-6: Building] WARN  o.e.m.c.i.embedder.EclipseLogger - org.springframework.boot:spring-boot-starter-jdbc:4.0.0-SNAPSHOT/maven-metadata.xml failed to transfer from https://repo.spring.io/snapshot during a previous attempt. This failure was cached in the local repository and resolution will not be reattempted until the update interval of spring-snapshots has elapsed or updates are forced. Original error: Could not transfer metadata org.springframework.boot:spring-boot-starter-jdbc:4.0.0-SNAPSHOT/maven-metadata.xml from/to spring-snapshots (https://repo.spring.io/snapshot): repo.spring.io
2025-09-11 20:00:17,742 [Worker-6: Building] INFO  o.e.m.c.i.e.AbstractTransferListenerAdapter - Downloaded https://repo.spring.io/snapshot/org/springframework/boot/spring-boot-jdbc/4.0.0-SNAPSHOT/maven-metadata.xml
2025-09-11 20:00:17,747 [Worker-6: Building] WARN  o.e.m.c.i.embedder.EclipseLogger - Could not transfer metadata org.springframework.boot:spring-boot-jdbc:4.0.0-SNAPSHOT/maven-metadata.xml from/to spring-snapshots (https://repo.spring.io/snapshot): repo.spring.io
2025-09-11 20:00:17,758 [Worker-6: Building] WARN  o.e.m.c.i.embedder.EclipseLogger - org.springframework.boot:spring-boot-jdbc:4.0.0-SNAPSHOT/maven-metadata.xml failed to transfer from https://repo.spring.io/snapshot during a previous attempt. This failure was cached in the local repository and resolution will not be reattempted until the update interval of spring-snapshots has elapsed or updates are forced. Original error: Could not transfer metadata org.springframework.boot:spring-boot-jdbc:4.0.0-SNAPSHOT/maven-metadata.xml from/to spring-snapshots (https://repo.spring.io/snapshot): repo.spring.io
2025-09-11 20:00:17,785 [Worker-6: Building] INFO  o.e.m.c.i.e.AbstractTransferListenerAdapter - Downloaded https://repo.spring.io/snapshot/org/springframework/boot/spring-boot-sql/4.0.0-SNAPSHOT/maven-metadata.xml
2025-09-11 20:00:17,793 [Worker-6: Building] WARN  o.e.m.c.i.embedder.EclipseLogger - Could not transfer metadata org.springframework.boot:spring-boot-sql:4.0.0-SNAPSHOT/maven-metadata.xml from/to spring-snapshots (https://repo.spring.io/snapshot): repo.spring.io
2025-09-11 20:00:17,800 [Worker-6: Building] WARN  o.e.m.c.i.embedder.EclipseLogger - org.springframework.boot:spring-boot-sql:4.0.0-SNAPSHOT/maven-metadata.xml failed to transfer from https://repo.spring.io/snapshot during a previous attempt. This failure was cached in the local repository and resolution will not be reattempted until the update interval of spring-snapshots has elapsed or updates are forced. Original error: Could not transfer metadata org.springframework.boot:spring-boot-sql:4.0.0-SNAPSHOT/maven-metadata.xml from/to spring-snapshots (https://repo.spring.io/snapshot): repo.spring.io
2025-09-11 20:00:17,848 [Worker-6: Building] INFO  o.e.m.c.i.e.AbstractTransferListenerAdapter - Downloaded https://repo.spring.io/snapshot/org/springframework/boot/spring-boot-tx/4.0.0-SNAPSHOT/maven-metadata.xml
2025-09-11 20:00:17,855 [Worker-6: Building] WARN  o.e.m.c.i.embedder.EclipseLogger - Could not transfer metadata org.springframework.boot:spring-boot-tx:4.0.0-SNAPSHOT/maven-metadata.xml from/to spring-snapshots (https://repo.spring.io/snapshot): repo.spring.io
2025-09-11 20:00:17,863 [Worker-6: Building] WARN  o.e.m.c.i.embedder.EclipseLogger - org.springframework.boot:spring-boot-tx:4.0.0-SNAPSHOT/maven-metadata.xml failed to transfer from https://repo.spring.io/snapshot during a previous attempt. This failure was cached in the local repository and resolution will not be reattempted until the update interval of spring-snapshots has elapsed or updates are forced. Original error: Could not transfer metadata org.springframework.boot:spring-boot-tx:4.0.0-SNAPSHOT/maven-metadata.xml from/to spring-snapshots (https://repo.spring.io/snapshot): repo.spring.io
2025-09-11 20:00:17,896 [Worker-6: Building] INFO  o.e.m.c.i.e.AbstractTransferListenerAdapter - Downloaded https://repo.spring.io/snapshot/org/springframework/boot/spring-boot-data-jpa/4.0.0-SNAPSHOT/maven-metadata.xml
2025-09-11 20:00:17,901 [Worker-6: Building] WARN  o.e.m.c.i.embedder.EclipseLogger - Could not transfer metadata org.springframework.boot:spring-boot-data-jpa:4.0.0-SNAPSHOT/maven-metadata.xml from/to spring-snapshots (https://repo.spring.io/snapshot): repo.spring.io
2025-09-11 20:00:17,906 [Worker-6: Building] WARN  o.e.m.c.i.embedder.EclipseLogger - org.springframework.boot:spring-boot-data-jpa:4.0.0-SNAPSHOT/maven-metadata.xml failed to transfer from https://repo.spring.io/snapshot during a previous attempt. This failure was cached in the local repository and resolution will not be reattempted until the update interval of spring-snapshots has elapsed or updates are forced. Original error: Could not transfer metadata org.springframework.boot:spring-boot-data-jpa:4.0.0-SNAPSHOT/maven-metadata.xml from/to spring-snapshots (https://repo.spring.io/snapshot): repo.spring.io
2025-09-11 20:00:17,926 [Worker-6: Building] INFO  o.e.m.c.i.e.AbstractTransferListenerAdapter - Downloaded https://repo.spring.io/snapshot/org/springframework/boot/spring-boot-data-commons/4.0.0-SNAPSHOT/maven-metadata.xml
2025-09-11 20:00:17,930 [Worker-6: Building] WARN  o.e.m.c.i.embedder.EclipseLogger - Could not transfer metadata org.springframework.boot:spring-boot-data-commons:4.0.0-SNAPSHOT/maven-metadata.xml from/to spring-snapshots (https://repo.spring.io/snapshot): repo.spring.io
2025-09-11 20:00:17,936 [Worker-6: Building] WARN  o.e.m.c.i.embedder.EclipseLogger - org.springframework.boot:spring-boot-data-commons:4.0.0-SNAPSHOT/maven-metadata.xml failed to transfer from https://repo.spring.io/snapshot during a previous attempt. This failure was cached in the local repository and resolution will not be reattempted until the update interval of spring-snapshots has elapsed or updates are forced. Original error: Could not transfer metadata org.springframework.boot:spring-boot-data-commons:4.0.0-SNAPSHOT/maven-metadata.xml from/to spring-snapshots (https://repo.spring.io/snapshot): repo.spring.io
2025-09-11 20:00:18,048 [Worker-6: Building] INFO  o.e.m.c.i.e.AbstractTransferListenerAdapter - Downloaded https://repo.spring.io/snapshot/org/springframework/boot/spring-boot-hibernate/4.0.0-SNAPSHOT/maven-metadata.xml
2025-09-11 20:00:18,054 [Worker-6: Building] WARN  o.e.m.c.i.embedder.EclipseLogger - Could not transfer metadata org.springframework.boot:spring-boot-hibernate:4.0.0-SNAPSHOT/maven-metadata.xml from/to spring-snapshots (https://repo.spring.io/snapshot): repo.spring.io
2025-09-11 20:00:18,065 [Worker-6: Building] WARN  o.e.m.c.i.embedder.EclipseLogger - org.springframework.boot:spring-boot-hibernate:4.0.0-SNAPSHOT/maven-metadata.xml failed to transfer from https://repo.spring.io/snapshot during a previous attempt. This failure was cached in the local repository and resolution will not be reattempted until the update interval of spring-snapshots has elapsed or updates are forced. Original error: Could not transfer metadata org.springframework.boot:spring-boot-hibernate:4.0.0-SNAPSHOT/maven-metadata.xml from/to spring-snapshots (https://repo.spring.io/snapshot): repo.spring.io
2025-09-11 20:00:18,085 [Worker-6: Building] INFO  o.e.m.c.i.e.AbstractTransferListenerAdapter - Downloaded https://repo.spring.io/snapshot/org/springframework/boot/spring-boot-jpa/4.0.0-SNAPSHOT/maven-metadata.xml
2025-09-11 20:00:18,096 [Worker-6: Building] WARN  o.e.m.c.i.embedder.EclipseLogger - Could not transfer metadata org.springframework.boot:spring-boot-jpa:4.0.0-SNAPSHOT/maven-metadata.xml from/to spring-snapshots (https://repo.spring.io/snapshot): repo.spring.io
2025-09-11 20:00:18,105 [Worker-6: Building] WARN  o.e.m.c.i.embedder.EclipseLogger - org.springframework.boot:spring-boot-jpa:4.0.0-SNAPSHOT/maven-metadata.xml failed to transfer from https://repo.spring.io/snapshot during a previous attempt. This failure was cached in the local repository and resolution will not be reattempted until the update interval of spring-snapshots has elapsed or updates are forced. Original error: Could not transfer metadata org.springframework.boot:spring-boot-jpa:4.0.0-SNAPSHOT/maven-metadata.xml from/to spring-snapshots (https://repo.spring.io/snapshot): repo.spring.io
2025-09-11 20:00:18,419 [Worker-6: Building] INFO  o.e.m.c.i.e.AbstractTransferListenerAdapter - Downloaded https://repo.spring.io/snapshot/org/springframework/boot/spring-boot-starter-mail/4.0.0-SNAPSHOT/maven-metadata.xml
2025-09-11 20:00:18,433 [Worker-6: Building] WARN  o.e.m.c.i.embedder.EclipseLogger - Could not transfer metadata org.springframework.boot:spring-boot-starter-mail:4.0.0-SNAPSHOT/maven-metadata.xml from/to spring-snapshots (https://repo.spring.io/snapshot): repo.spring.io
2025-09-11 20:00:18,440 [Worker-6: Building] WARN  o.e.m.c.i.embedder.EclipseLogger - org.springframework.boot:spring-boot-starter-mail:4.0.0-SNAPSHOT/maven-metadata.xml failed to transfer from https://repo.spring.io/snapshot during a previous attempt. This failure was cached in the local repository and resolution will not be reattempted until the update interval of spring-snapshots has elapsed or updates are forced. Original error: Could not transfer metadata org.springframework.boot:spring-boot-starter-mail:4.0.0-SNAPSHOT/maven-metadata.xml from/to spring-snapshots (https://repo.spring.io/snapshot): repo.spring.io
2025-09-11 20:00:18,470 [Worker-6: Building] INFO  o.e.m.c.i.e.AbstractTransferListenerAdapter - Downloaded https://repo.spring.io/snapshot/org/springframework/boot/spring-boot-mail/4.0.0-SNAPSHOT/maven-metadata.xml
2025-09-11 20:00:18,472 [Worker-6: Building] WARN  o.e.m.c.i.embedder.EclipseLogger - Could not transfer metadata org.springframework.boot:spring-boot-mail:4.0.0-SNAPSHOT/maven-metadata.xml from/to spring-snapshots (https://repo.spring.io/snapshot): repo.spring.io
2025-09-11 20:00:18,482 [Worker-6: Building] WARN  o.e.m.c.i.embedder.EclipseLogger - org.springframework.boot:spring-boot-mail:4.0.0-SNAPSHOT/maven-metadata.xml failed to transfer from https://repo.spring.io/snapshot during a previous attempt. This failure was cached in the local repository and resolution will not be reattempted until the update interval of spring-snapshots has elapsed or updates are forced. Original error: Could not transfer metadata org.springframework.boot:spring-boot-mail:4.0.0-SNAPSHOT/maven-metadata.xml from/to spring-snapshots (https://repo.spring.io/snapshot): repo.spring.io
2025-09-11 20:00:18,545 [Worker-6: Building] INFO  o.e.m.c.i.e.AbstractTransferListenerAdapter - Downloaded https://repo.spring.io/snapshot/org/springframework/boot/spring-boot-starter-security/4.0.0-SNAPSHOT/maven-metadata.xml
2025-09-11 20:00:18,550 [Worker-6: Building] WARN  o.e.m.c.i.embedder.EclipseLogger - Could not transfer metadata org.springframework.boot:spring-boot-starter-security:4.0.0-SNAPSHOT/maven-metadata.xml from/to spring-snapshots (https://repo.spring.io/snapshot): repo.spring.io
2025-09-11 20:00:18,560 [Worker-6: Building] WARN  o.e.m.c.i.embedder.EclipseLogger - org.springframework.boot:spring-boot-starter-security:4.0.0-SNAPSHOT/maven-metadata.xml failed to transfer from https://repo.spring.io/snapshot during a previous attempt. This failure was cached in the local repository and resolution will not be reattempted until the update interval of spring-snapshots has elapsed or updates are forced. Original error: Could not transfer metadata org.springframework.boot:spring-boot-starter-security:4.0.0-SNAPSHOT/maven-metadata.xml from/to spring-snapshots (https://repo.spring.io/snapshot): repo.spring.io
2025-09-11 20:00:18,590 [Worker-6: Building] INFO  o.e.m.c.i.e.AbstractTransferListenerAdapter - Downloaded https://repo.spring.io/snapshot/org/springframework/boot/spring-boot-security/4.0.0-SNAPSHOT/maven-metadata.xml
2025-09-11 20:00:18,597 [Worker-6: Building] WARN  o.e.m.c.i.embedder.EclipseLogger - Could not transfer metadata org.springframework.boot:spring-boot-security:4.0.0-SNAPSHOT/maven-metadata.xml from/to spring-snapshots (https://repo.spring.io/snapshot): repo.spring.io
2025-09-11 20:00:18,607 [Worker-6: Building] WARN  o.e.m.c.i.embedder.EclipseLogger - org.springframework.boot:spring-boot-security:4.0.0-SNAPSHOT/maven-metadata.xml failed to transfer from https://repo.spring.io/snapshot during a previous attempt. This failure was cached in the local repository and resolution will not be reattempted until the update interval of spring-snapshots has elapsed or updates are forced. Original error: Could not transfer metadata org.springframework.boot:spring-boot-security:4.0.0-SNAPSHOT/maven-metadata.xml from/to spring-snapshots (https://repo.spring.io/snapshot): repo.spring.io
2025-09-11 20:00:18,680 [Worker-6: Building] INFO  o.e.m.c.i.e.AbstractTransferListenerAdapter - Downloaded https://repo.spring.io/snapshot/org/springframework/boot/spring-boot-starter-web/4.0.0-SNAPSHOT/maven-metadata.xml
2025-09-11 20:00:18,686 [Worker-6: Building] WARN  o.e.m.c.i.embedder.EclipseLogger - Could not transfer metadata org.springframework.boot:spring-boot-starter-web:4.0.0-SNAPSHOT/maven-metadata.xml from/to spring-snapshots (https://repo.spring.io/snapshot): repo.spring.io
2025-09-11 20:00:18,696 [Worker-6: Building] WARN  o.e.m.c.i.embedder.EclipseLogger - org.springframework.boot:spring-boot-starter-web:4.0.0-SNAPSHOT/maven-metadata.xml failed to transfer from https://repo.spring.io/snapshot during a previous attempt. This failure was cached in the local repository and resolution will not be reattempted until the update interval of spring-snapshots has elapsed or updates are forced. Original error: Could not transfer metadata org.springframework.boot:spring-boot-starter-web:4.0.0-SNAPSHOT/maven-metadata.xml from/to spring-snapshots (https://repo.spring.io/snapshot): repo.spring.io
2025-09-11 20:00:18,729 [Worker-6: Building] INFO  o.e.m.c.i.e.AbstractTransferListenerAdapter - Downloaded https://repo.spring.io/snapshot/org/springframework/boot/spring-boot-starter-jackson/4.0.0-SNAPSHOT/maven-metadata.xml
2025-09-11 20:00:18,734 [Worker-6: Building] WARN  o.e.m.c.i.embedder.EclipseLogger - Could not transfer metadata org.springframework.boot:spring-boot-starter-jackson:4.0.0-SNAPSHOT/maven-metadata.xml from/to spring-snapshots (https://repo.spring.io/snapshot): repo.spring.io
2025-09-11 20:00:18,742 [Worker-6: Building] WARN  o.e.m.c.i.embedder.EclipseLogger - org.springframework.boot:spring-boot-starter-jackson:4.0.0-SNAPSHOT/maven-metadata.xml failed to transfer from https://repo.spring.io/snapshot during a previous attempt. This failure was cached in the local repository and resolution will not be reattempted until the update interval of spring-snapshots has elapsed or updates are forced. Original error: Could not transfer metadata org.springframework.boot:spring-boot-starter-jackson:4.0.0-SNAPSHOT/maven-metadata.xml from/to spring-snapshots (https://repo.spring.io/snapshot): repo.spring.io
2025-09-11 20:00:18,770 [Worker-6: Building] INFO  o.e.m.c.i.e.AbstractTransferListenerAdapter - Downloaded https://repo.spring.io/snapshot/org/springframework/boot/spring-boot-jackson/4.0.0-SNAPSHOT/maven-metadata.xml
2025-09-11 20:00:18,775 [Worker-6: Building] WARN  o.e.m.c.i.embedder.EclipseLogger - Could not transfer metadata org.springframework.boot:spring-boot-jackson:4.0.0-SNAPSHOT/maven-metadata.xml from/to spring-snapshots (https://repo.spring.io/snapshot): repo.spring.io
2025-09-11 20:00:18,789 [Worker-6: Building] WARN  o.e.m.c.i.embedder.EclipseLogger - org.springframework.boot:spring-boot-jackson:4.0.0-SNAPSHOT/maven-metadata.xml failed to transfer from https://repo.spring.io/snapshot during a previous attempt. This failure was cached in the local repository and resolution will not be reattempted until the update interval of spring-snapshots has elapsed or updates are forced. Original error: Could not transfer metadata org.springframework.boot:spring-boot-jackson:4.0.0-SNAPSHOT/maven-metadata.xml from/to spring-snapshots (https://repo.spring.io/snapshot): repo.spring.io
2025-09-11 20:00:18,927 [Worker-6: Building] INFO  o.e.m.c.i.e.AbstractTransferListenerAdapter - Downloaded https://repo.spring.io/snapshot/org/springframework/boot/spring-boot-starter-tomcat/4.0.0-SNAPSHOT/maven-metadata.xml
2025-09-11 20:00:18,929 [Worker-6: Building] WARN  o.e.m.c.i.embedder.EclipseLogger - Could not transfer metadata org.springframework.boot:spring-boot-starter-tomcat:4.0.0-SNAPSHOT/maven-metadata.xml from/to spring-snapshots (https://repo.spring.io/snapshot): repo.spring.io
2025-09-11 20:00:18,940 [Worker-6: Building] WARN  o.e.m.c.i.embedder.EclipseLogger - org.springframework.boot:spring-boot-starter-tomcat:4.0.0-SNAPSHOT/maven-metadata.xml failed to transfer from https://repo.spring.io/snapshot during a previous attempt. This failure was cached in the local repository and resolution will not be reattempted until the update interval of spring-snapshots has elapsed or updates are forced. Original error: Could not transfer metadata org.springframework.boot:spring-boot-starter-tomcat:4.0.0-SNAPSHOT/maven-metadata.xml from/to spring-snapshots (https://repo.spring.io/snapshot): repo.spring.io
2025-09-11 20:00:18,966 [Worker-6: Building] INFO  o.e.m.c.i.e.AbstractTransferListenerAdapter - Downloaded https://repo.spring.io/snapshot/org/springframework/boot/spring-boot-tomcat/4.0.0-SNAPSHOT/maven-metadata.xml
2025-09-11 20:00:18,974 [Worker-6: Building] WARN  o.e.m.c.i.embedder.EclipseLogger - Could not transfer metadata org.springframework.boot:spring-boot-tomcat:4.0.0-SNAPSHOT/maven-metadata.xml from/to spring-snapshots (https://repo.spring.io/snapshot): repo.spring.io
2025-09-11 20:00:18,982 [Worker-6: Building] WARN  o.e.m.c.i.embedder.EclipseLogger - org.springframework.boot:spring-boot-tomcat:4.0.0-SNAPSHOT/maven-metadata.xml failed to transfer from https://repo.spring.io/snapshot during a previous attempt. This failure was cached in the local repository and resolution will not be reattempted until the update interval of spring-snapshots has elapsed or updates are forced. Original error: Could not transfer metadata org.springframework.boot:spring-boot-tomcat:4.0.0-SNAPSHOT/maven-metadata.xml from/to spring-snapshots (https://repo.spring.io/snapshot): repo.spring.io
2025-09-11 20:00:19,009 [Worker-6: Building] INFO  o.e.m.c.i.e.AbstractTransferListenerAdapter - Downloaded https://repo.spring.io/snapshot/org/springframework/boot/spring-boot-web-server/4.0.0-SNAPSHOT/maven-metadata.xml
2025-09-11 20:00:19,013 [Worker-6: Building] WARN  o.e.m.c.i.embedder.EclipseLogger - Could not transfer metadata org.springframework.boot:spring-boot-web-server:4.0.0-SNAPSHOT/maven-metadata.xml from/to spring-snapshots (https://repo.spring.io/snapshot): repo.spring.io
2025-09-11 20:00:19,024 [Worker-6: Building] WARN  o.e.m.c.i.embedder.EclipseLogger - org.springframework.boot:spring-boot-web-server:4.0.0-SNAPSHOT/maven-metadata.xml failed to transfer from https://repo.spring.io/snapshot during a previous attempt. This failure was cached in the local repository and resolution will not be reattempted until the update interval of spring-snapshots has elapsed or updates are forced. Original error: Could not transfer metadata org.springframework.boot:spring-boot-web-server:4.0.0-SNAPSHOT/maven-metadata.xml from/to spring-snapshots (https://repo.spring.io/snapshot): repo.spring.io
2025-09-11 20:00:19,077 [Worker-6: Building] INFO  o.e.m.c.i.e.AbstractTransferListenerAdapter - Downloaded https://repo.spring.io/snapshot/org/springframework/boot/spring-boot-http-converter/4.0.0-SNAPSHOT/maven-metadata.xml
2025-09-11 20:00:19,081 [Worker-6: Building] WARN  o.e.m.c.i.embedder.EclipseLogger - Could not transfer metadata org.springframework.boot:spring-boot-http-converter:4.0.0-SNAPSHOT/maven-metadata.xml from/to spring-snapshots (https://repo.spring.io/snapshot): repo.spring.io
2025-09-11 20:00:19,088 [Worker-6: Building] WARN  o.e.m.c.i.embedder.EclipseLogger - org.springframework.boot:spring-boot-http-converter:4.0.0-SNAPSHOT/maven-metadata.xml failed to transfer from https://repo.spring.io/snapshot during a previous attempt. This failure was cached in the local repository and resolution will not be reattempted until the update interval of spring-snapshots has elapsed or updates are forced. Original error: Could not transfer metadata org.springframework.boot:spring-boot-http-converter:4.0.0-SNAPSHOT/maven-metadata.xml from/to spring-snapshots (https://repo.spring.io/snapshot): repo.spring.io
2025-09-11 20:00:19,113 [Worker-6: Building] INFO  o.e.m.c.i.e.AbstractTransferListenerAdapter - Downloaded https://repo.spring.io/snapshot/org/springframework/boot/spring-boot-webmvc/4.0.0-SNAPSHOT/maven-metadata.xml
2025-09-11 20:00:19,117 [Worker-6: Building] WARN  o.e.m.c.i.embedder.EclipseLogger - Could not transfer metadata org.springframework.boot:spring-boot-webmvc:4.0.0-SNAPSHOT/maven-metadata.xml from/to spring-snapshots (https://repo.spring.io/snapshot): repo.spring.io
2025-09-11 20:00:19,128 [Worker-6: Building] WARN  o.e.m.c.i.embedder.EclipseLogger - org.springframework.boot:spring-boot-webmvc:4.0.0-SNAPSHOT/maven-metadata.xml failed to transfer from https://repo.spring.io/snapshot during a previous attempt. This failure was cached in the local repository and resolution will not be reattempted until the update interval of spring-snapshots has elapsed or updates are forced. Original error: Could not transfer metadata org.springframework.boot:spring-boot-webmvc:4.0.0-SNAPSHOT/maven-metadata.xml from/to spring-snapshots (https://repo.spring.io/snapshot): repo.spring.io
2025-09-11 20:00:19,154 [Worker-6: Building] INFO  o.e.m.c.i.e.AbstractTransferListenerAdapter - Downloaded https://repo.spring.io/snapshot/org/springframework/boot/spring-boot-servlet/4.0.0-SNAPSHOT/maven-metadata.xml
2025-09-11 20:00:19,160 [Worker-6: Building] WARN  o.e.m.c.i.embedder.EclipseLogger - Could not transfer metadata org.springframework.boot:spring-boot-servlet:4.0.0-SNAPSHOT/maven-metadata.xml from/to spring-snapshots (https://repo.spring.io/snapshot): repo.spring.io
2025-09-11 20:00:19,171 [Worker-6: Building] WARN  o.e.m.c.i.embedder.EclipseLogger - org.springframework.boot:spring-boot-servlet:4.0.0-SNAPSHOT/maven-metadata.xml failed to transfer from https://repo.spring.io/snapshot during a previous attempt. This failure was cached in the local repository and resolution will not be reattempted until the update interval of spring-snapshots has elapsed or updates are forced. Original error: Could not transfer metadata org.springframework.boot:spring-boot-servlet:4.0.0-SNAPSHOT/maven-metadata.xml from/to spring-snapshots (https://repo.spring.io/snapshot): repo.spring.io
2025-09-11 20:00:19,203 [Worker-6: Building] INFO  o.e.m.c.i.e.AbstractTransferListenerAdapter - Downloaded https://repo.spring.io/snapshot/org/springframework/boot/spring-boot-devtools/4.0.0-SNAPSHOT/maven-metadata.xml
2025-09-11 20:00:19,209 [Worker-6: Building] WARN  o.e.m.c.i.embedder.EclipseLogger - Could not transfer metadata org.springframework.boot:spring-boot-devtools:4.0.0-SNAPSHOT/maven-metadata.xml from/to spring-snapshots (https://repo.spring.io/snapshot): repo.spring.io
2025-09-11 20:00:19,218 [Worker-6: Building] WARN  o.e.m.c.i.embedder.EclipseLogger - org.springframework.boot:spring-boot-devtools:4.0.0-SNAPSHOT/maven-metadata.xml failed to transfer from https://repo.spring.io/snapshot during a previous attempt. This failure was cached in the local repository and resolution will not be reattempted until the update interval of spring-snapshots has elapsed or updates are forced. Original error: Could not transfer metadata org.springframework.boot:spring-boot-devtools:4.0.0-SNAPSHOT/maven-metadata.xml from/to spring-snapshots (https://repo.spring.io/snapshot): repo.spring.io
2025-09-11 20:00:19,256 [Worker-6: Building] INFO  o.e.m.c.i.e.AbstractTransferListenerAdapter - Downloaded https://repo.spring.io/snapshot/org/springframework/boot/spring-boot-starter-test/4.0.0-SNAPSHOT/maven-metadata.xml
2025-09-11 20:00:19,262 [Worker-6: Building] WARN  o.e.m.c.i.embedder.EclipseLogger - Could not transfer metadata org.springframework.boot:spring-boot-starter-test:4.0.0-SNAPSHOT/maven-metadata.xml from/to spring-snapshots (https://repo.spring.io/snapshot): repo.spring.io
2025-09-11 20:00:19,269 [Worker-6: Building] WARN  o.e.m.c.i.embedder.EclipseLogger - org.springframework.boot:spring-boot-starter-test:4.0.0-SNAPSHOT/maven-metadata.xml failed to transfer from https://repo.spring.io/snapshot during a previous attempt. This failure was cached in the local repository and resolution will not be reattempted until the update interval of spring-snapshots has elapsed or updates are forced. Original error: Could not transfer metadata org.springframework.boot:spring-boot-starter-test:4.0.0-SNAPSHOT/maven-metadata.xml from/to spring-snapshots (https://repo.spring.io/snapshot): repo.spring.io
2025-09-11 20:00:19,296 [Worker-6: Building] INFO  o.e.m.c.i.e.AbstractTransferListenerAdapter - Downloaded https://repo.spring.io/snapshot/org/springframework/boot/spring-boot-test/4.0.0-SNAPSHOT/maven-metadata.xml
2025-09-11 20:00:19,303 [Worker-6: Building] WARN  o.e.m.c.i.embedder.EclipseLogger - Could not transfer metadata org.springframework.boot:spring-boot-test:4.0.0-SNAPSHOT/maven-metadata.xml from/to spring-snapshots (https://repo.spring.io/snapshot): repo.spring.io
2025-09-11 20:00:19,310 [Worker-6: Building] WARN  o.e.m.c.i.embedder.EclipseLogger - org.springframework.boot:spring-boot-test:4.0.0-SNAPSHOT/maven-metadata.xml failed to transfer from https://repo.spring.io/snapshot during a previous attempt. This failure was cached in the local repository and resolution will not be reattempted until the update interval of spring-snapshots has elapsed or updates are forced. Original error: Could not transfer metadata org.springframework.boot:spring-boot-test:4.0.0-SNAPSHOT/maven-metadata.xml from/to spring-snapshots (https://repo.spring.io/snapshot): repo.spring.io
2025-09-11 20:00:19,350 [Worker-6: Building] INFO  o.e.m.c.i.e.AbstractTransferListenerAdapter - Downloaded https://repo.spring.io/snapshot/org/springframework/boot/spring-boot-restclient-test/4.0.0-SNAPSHOT/maven-metadata.xml
2025-09-11 20:00:19,350 [Worker-6: Building] WARN  o.e.m.c.i.embedder.EclipseLogger - Could not transfer metadata org.springframework.boot:spring-boot-restclient-test:4.0.0-SNAPSHOT/maven-metadata.xml from/to spring-snapshots (https://repo.spring.io/snapshot): repo.spring.io
2025-09-11 20:00:19,359 [Worker-6: Building] WARN  o.e.m.c.i.embedder.EclipseLogger - org.springframework.boot:spring-boot-restclient-test:4.0.0-SNAPSHOT/maven-metadata.xml failed to transfer from https://repo.spring.io/snapshot during a previous attempt. This failure was cached in the local repository and resolution will not be reattempted until the update interval of spring-snapshots has elapsed or updates are forced. Original error: Could not transfer metadata org.springframework.boot:spring-boot-restclient-test:4.0.0-SNAPSHOT/maven-metadata.xml from/to spring-snapshots (https://repo.spring.io/snapshot): repo.spring.io
2025-09-11 20:00:19,392 [Worker-6: Building] INFO  o.e.m.c.i.e.AbstractTransferListenerAdapter - Downloaded https://repo.spring.io/snapshot/org/springframework/boot/spring-boot-test-autoconfigure/4.0.0-SNAPSHOT/maven-metadata.xml
2025-09-11 20:00:19,398 [Worker-6: Building] WARN  o.e.m.c.i.embedder.EclipseLogger - Could not transfer metadata org.springframework.boot:spring-boot-test-autoconfigure:4.0.0-SNAPSHOT/maven-metadata.xml from/to spring-snapshots (https://repo.spring.io/snapshot): repo.spring.io
2025-09-11 20:00:19,404 [Worker-6: Building] WARN  o.e.m.c.i.embedder.EclipseLogger - org.springframework.boot:spring-boot-test-autoconfigure:4.0.0-SNAPSHOT/maven-metadata.xml failed to transfer from https://repo.spring.io/snapshot during a previous attempt. This failure was cached in the local repository and resolution will not be reattempted until the update interval of spring-snapshots has elapsed or updates are forced. Original error: Could not transfer metadata org.springframework.boot:spring-boot-test-autoconfigure:4.0.0-SNAPSHOT/maven-metadata.xml from/to spring-snapshots (https://repo.spring.io/snapshot): repo.spring.io
2025-09-11 20:00:19,433 [Worker-6: Building] INFO  o.e.m.c.i.e.AbstractTransferListenerAdapter - Downloaded https://repo.spring.io/snapshot/org/springframework/boot/spring-boot-web-server-test/4.0.0-SNAPSHOT/maven-metadata.xml
2025-09-11 20:00:19,439 [Worker-6: Building] WARN  o.e.m.c.i.embedder.EclipseLogger - Could not transfer metadata org.springframework.boot:spring-boot-web-server-test:4.0.0-SNAPSHOT/maven-metadata.xml from/to spring-snapshots (https://repo.spring.io/snapshot): repo.spring.io
2025-09-11 20:00:19,446 [Worker-6: Building] WARN  o.e.m.c.i.embedder.EclipseLogger - org.springframework.boot:spring-boot-web-server-test:4.0.0-SNAPSHOT/maven-metadata.xml failed to transfer from https://repo.spring.io/snapshot during a previous attempt. This failure was cached in the local repository and resolution will not be reattempted until the update interval of spring-snapshots has elapsed or updates are forced. Original error: Could not transfer metadata org.springframework.boot:spring-boot-web-server-test:4.0.0-SNAPSHOT/maven-metadata.xml from/to spring-snapshots (https://repo.spring.io/snapshot): repo.spring.io
2025-09-11 20:00:20,085 [Worker-6: Building] INFO  o.e.m.c.i.e.AbstractTransferListenerAdapter - Downloaded https://repo.spring.io/snapshot/org/springframework/boot/spring-boot-maven-plugin/4.0.0-SNAPSHOT/maven-metadata.xml
2025-09-11 20:00:20,089 [Worker-6: Building] WARN  o.e.m.c.i.embedder.EclipseLogger - Could not transfer metadata org.springframework.boot:spring-boot-maven-plugin:4.0.0-SNAPSHOT/maven-metadata.xml from/to spring-snapshots (https://repo.spring.io/snapshot): repo.spring.io
2025-09-11 20:00:20,094 [Worker-6: Building] WARN  o.e.m.c.i.embedder.EclipseLogger - org.springframework.boot:spring-boot-maven-plugin:4.0.0-SNAPSHOT/maven-metadata.xml failed to transfer from https://repo.spring.io/snapshot during a previous attempt. This failure was cached in the local repository and resolution will not be reattempted until the update interval of spring-snapshots has elapsed or updates are forced. Original error: Could not transfer metadata org.springframework.boot:spring-boot-maven-plugin:4.0.0-SNAPSHOT/maven-metadata.xml from/to spring-snapshots (https://repo.spring.io/snapshot): repo.spring.io
